-2.235729,-1.8047457,-1.0391283,-0.79063213,-0.59381837,-0.14926583,0
0.47851056,-3.060575,0.025409222,0.1392028,-0.98919642,0.045966446,0
-3.0752349,-0.094064593,0.14250684,-0.98013896,-0.0080291331,-0.19814855,0
-1.3670661,-2.7754169,0.72988337,-0.39020085,-0.91861212,-0.062408268,0
-1.5363665,-2.4907112,-1.3711544,-0.56451488,-0.81940866,-0.099459499,0
2.7850671,-1.0527647,0.27082729,0.90894657,-0.37081146,0.1905641,0
-0.76700675,2.1078062,-2.2419035,0.1982629,-0.017638326,-0.97999007,0
2.2698829,-1.6277591,2.0561855,0.82550704,-0.53603202,0.17665714,0
-0.26321673,2.9395254,1.2867033,0.021241188,0.99968058,-0.013695538,0
-2.6922147,-1.5046771,1.4759191,-0.1982629,0.017638326,0.97999007,0
0.89298868,2.8881211,-0.11022544,0.26035959,0.9648658,0.035307467,0
-1.0497179,-2.5943942,-1.9376885,-0.47335672,-0.87723267,-0.079976439,0
2.2978072,1.7329366,-1.5646532,0.1982629,-0.017638326,-0.97999007,0
0.65475678,0.13154626,2.1984558,-0.1982629,0.017638326,0.97999007,0
1.3666015,0.65975559,-1.8349516,0.1982629,-0.017638326,-0.97999007,0
-0.060976267,2.6115289,1.8883989,-0.1982629,0.017638326,0.97999007,0
1.7967994,-2.2215171,0.81851649,0.63772273,-0.75694299,0.14264244,0
0.067476034,-2.1211519,-1.9877489,0.1982629,-0.017638326,-0.97999007,0
3.0565302,0.72715151,-0.17790568,0.94634473,0.26376334,0.18670875,0
2.1591175,2.3428874,-1.1054388,0.63415992,0.7646718,0.11453459,0
-1.0567818,-2.8062034,-0.36529469,-0.4011454,-0.91372579,-0.064710438,0
-2.0826697,1.8774849,-0.87436914,-0.7388556,0.65428519,-0.16125488,0
-2.1682327,-1.6713996,1.5820429,-0.1982629,0.017638326,0.97999007,0
-0.34734201,-2.945035,0.86645341,-0.067830384,-0.99768776,0.0042341352,0
1.0557764,-0.57398701,2.3523083,-0.1982629,0.017638326,0.97999007,0
-1.5014756,2.6172194,0.30886841,-0.43786711,0.89292735,-0.10465688,0
-0.49883008,-2.8278561,-2.1671464,0.1982629,-0.017638326,-0.97999007,0
0.31510097,1.3782749,-2.0067205,0.1982629,-0.017638326,-0.97999007,0
-2.4553971,0.58112729,-2.1211793,-0.95716429,0.21177132,-0.1974566,0
-0.064485788,2.945601,-1.2238762,-0.1272144,0.99091768,-0.043572009,0
1.5477207,2.3339436,1.8526483,0.60135853,0.79172629,0.10741159,0
-0.71121907,2.7585692,-1.7815576,-0.32127607,0.94343054,-0.081978142,0
2.9311867,-1.2903266,-1.0928667,0.88284028,-0.43111461,0.18636787,0
-0.70786881,-3.0392075,0.94346249,-0.16871625,-0.98552823,-0.016395092,0
0.18597484,3.0277123,-1.3779175,-0.040316403,0.99884504,-0.026134253,0
0.20929813,-0.92339325,-2.0808516,0.1982629,-0.017638326,-0.97999007,0
-0.39220899,-1.9034976,1.9808784,-0.1982629,0.017638326,0.97999007,0
-3.0183566,-0.57589161,0.1419431,-0.95962429,-0.20703225,-0.19041644,0
-1.7554021,1.2491422,1.5675683,-0.1982629,0.017638326,0.97999007,0
-1.2232349,-2.1916552,-2.2784784,0.1982629,-0.017638326,-0.97999007,0
2.6499703,1.055753,1.55433,0.92923135,0.32144821,0.18220825,0
-0.48597094,2.7896004,-1.6666344,-0.26594162,0.96136302,-0.071106136,0
2.4890437,1.1681993,1.7209332,0.91832805,0.35281068,0.17943794,0
-0.83598268,-2.3903961,1.9433433,-0.1982629,0.017638326,0.97999007,0
-2.2806749,1.7704184,1.5561099,-0.1982629,0.017638326,0.97999007,0
-0.57358891,2.8477173,-0.98116052,-0.23131925,0.97075248,-0.064270675,0
1.7989659,2.4718742,-1.1987122,0.51283169,0.85392743,0.088382095,0
2.8049378,1.0106332,0.56279463,0.93030667,0.31816444,0.18248492,0
-3.1217034,-0.19862318,0.85295415,-0.97831756,-0.064649761,-0.19676101,0
2.0825522,2.3918118,-0.59093869,0.60918576,0.78548586,0.10910746,0
-1.595474,-2.4978325,0.62731647,-0.47817612,-0.87452066,-0.081000209,0
0.39342144,-2.2040846,2.1936572,-0.1982629,0.017638326,0.97999007,0
2.1926177,-1.7825693,0.9530338,0.78005683,-0.60254902,0.16865921,0
-1.671752,2.3392284,-1.3792568,-0.59944183,0.78887039,-0.13547236,0
1.8432715,2.4893258,-1.5606489,0.48345006,0.87151128,0.082121342,0
-1.4017274,-0.77508545,1.6771418,-0.1982629,0.017638326,0.97999007,0
-1.6208336,-2.4886861,-0.39569795,-0.53836638,-0.83746916,-0.093844295,0
-2.5565333,1.5127727,-0.62862706,-0.8413763,0.50980651,-0.17939562,0
2.6307304,-0.6535762,1.6086501,0.9468348,-0.25501132,0.19614518,0
2.8130798,-0.095691442,-1.4314258,0.1982629,-0.017638326,-0.97999007,0
3.0762055,0.5451299,0.038059115,0.96496505,0.17881909,0.19200473,0
2.0812576,-2.4147389,-0.8804481,0.57920682,-0.80447817,0.13165951,0
-2.3113518,1.7008166,-1.1645312,-0.79185045,0.58635819,-0.17075378,0
0.061868444,1.5679148,-2.0685694,0.1982629,-0.017638326,-0.97999007,0
-2.8690538,-0.27157259,1.4235963,-0.1982629,0.017638326,0.97999007,0
-1.2042348,-2.7162161,0.64348388,-0.35807484,-0.93203181,-0.055667281,0
2.6738575,0.29077971,2.0717022,0.97508061,0.10509482,0.19537815,0
-0.31002486,2.7027361,1.9560483,-0.1982629,0.017638326,0.97999007,0
-1.943324,1.5420345,-2.4971218,0.1982629,-0.017638326,-0.97999007,0
1.8120592,1.4288883,-1.7063167,0.1982629,-0.017638326,-0.97999007,0
0.50544751,-2.7187195,-1.8545988,0.1982629,-0.017638326,-0.97999007,0
-2.0827899,-1.9900157,-0.83130705,-0.72095227,-0.67998064,-0.13361801,0
-2.4393349,-1.6599469,-0.68862712,-0.8052907,-0.5729028,-0.15260787,0
-1.2936594,-1.2507193,-2.1800969,0.1982629,-0.017638326,-0.97999007,0
2.6859639,1.3027445,-0.031696677,0.88540554,0.43208301,0.17135057,0
2.7145572,-1.7878832,-0.64301682,0.80591589,-0.56611741,0.17323518,0
-0.58700585,2.954071,1.4491701,-0.075271398,0.9966113,-0.033165812,0
-1.9230901,2.1771569,-1.2570443,-0.67072332,0.72663385,-0.14877313,0
0.99674869,-2.7891304,0.24853039,0.31055501,-0.94719321,0.0798769,0
1.6587018,-1.1157258,-1.6437413,0.1982629,-0.017638326,-0.97999007,0
2.7252567,-0.68655252,1.1480659,0.95054114,-0.24043094,0.19663244,0
1.6503717,0.46808445,-1.7659073,0.1982629,-0.017638326,-0.97999007,0
1.409513,-2.2342896,2.2052345,0.61981744,-0.77228427,0.13929594,0
2.880868,0.61871672,-1.4204587,0.1982629,-0.017638326,-0.97999007,0
1.9473803,-0.31892389,2.3419375,-0.1982629,0.017638326,0.97999007,0
-0.67036903,-0.44360602,2.0072596,-0.1982629,0.017638326,0.97999007,0
1.1342787,-2.7638721,0.68757796,0.4268705,-0.89848131,0.10253215,0
2.3781424,1.5112352,1.6712518,0.87007689,0.46351737,0.16768362,0
-1.6645056,2.1530664,-1.9341334,-0.67954457,0.71805155,-0.15040332,0
-2.4773192,0.45333123,1.5654856,-0.1982629,0.017638326,0.97999007,0
-1.2156047,2.5878038,-0.87654591,-0.44434088,0.88957578,-0.10590625,0
-0.78314996,-2.8831031,0.035355926,-0.28250289,-0.95843607,-0.039903045,0
0.71869946,1.8607141,2.0741377,-0.1982629,0.017638326,0.97999007,0
0.0004594326,3.0577283,0.20026803,-0.0096475482,0.99975449,-0.019945979,0
0.045127004,1.9324565,-2.1218038,0.1982629,-0.017638326,-0.97999007,0
-2.5549643,-1.1054213,-2.0078592,-0.92820889,-0.32453606,-0.18194583,0
2.7587664,0.18458515,1.8972865,0.97859973,0.059750915,0.19690621,0
-1.3040426,2.8344955,0.19646215,-0.39953384,0.91154683,-0.097236693,0
-1.5009015,2.6655254,1.3358502,-0.41186377,0.90578276,-0.099627495,0
-2.6861937,-0.7073499,-1.2308729,-0.95863473,-0.21182466,-0.19012998,0
-2.5359478,1.8408372,1.4392514,-0.1982629,0.017638326,0.97999007,0
-2.9205008,-1.1703663,1.5025462,-0.1982629,0.017638326,0.97999007,0
-0.2127575,2.0986359,-2.1175301,0.1982629,-0.017638326,-0.97999007,0
0.88751036,1.5829434,-1.9412891,0.1982629,-0.017638326,-0.97999007,0
-1.3315897,-2.797642,1.6311977,-0.29033893,-0.95602202,-0.041531682,0
-3.3732772,-0.34284425,1.44227,-0.97274959,-0.1261619,-0.19452739,0
-0.82341158,2.9495547,0.040924549,-0.25864729,0.96345621,-0.069668055,0
-2.3482256,-1.5594027,-0.97846651,-0.8376236,-0.5222711,-0.1600605,0
0.21480131,3.0309043,1.4445517,0.14108223,0.98993969,0.010724962,0
1.6623142,2.6507316,-0.99633121,0.49394125,0.8653937,0.084354013,0
2.9855781,-1.0675023,-0.75406837,0.90811175,-0.37291837,0.19043314,0
-0.0022596121,-3.0174999,0.63392806,0.018977225,-0.99958146,0.02183038,0
-1.2669293,0.9797051,1.7863928,-0.1982629,0.017638326,0.97999007,0
0.87363195,2.9486277,-1.0071406,0.18912393,0.98173714,0.020591974,0
-2.1112137,-1.6150833,-2.0152571,-0.81822824,-0.55344236,-0.15557554,0
2.0325387,2.5306201,-1.4586115,0.55641335,0.82513958,0.097717255,0
-1.3443828,2.7267203,1.2844837,-0.36021778,0.92855632,-0.089588702,0
1.0743494,0.96182454,2.290194,-0.1982629,0.017638326,0.97999007,0
1.4455254,2.5836608,0.15720022,0.45441175,0.88754737,0.075957924,0
-2.8823266,-0.40813449,-1.2282972,-0.97036761,-0.1444304,-0.19371668,0
-1.3544252,-2.6827989,0.73247916,-0.41352099,-0.90800238,-0.067317128,0
-0.29364556,-2.0987861,2.0845358,-0.1982629,0.017638326,0.97999007,0
2.2352436,2.0596719,-0.12192562,0.70924473,0.69267976,0.13102087,0
-0.2911222,2.9393096,-2.0841262,-0.22927545,0.97126406,-0.063866317,0
-0.18444562,2.4033923,1.9460893,-0.1982629,0.017638326,0.97999007,0
0.13003206,-2.4825921,-1.9046183,0.1982629,-0.017638326,-0.97999007,0
2.9276226,0.67686749,-1.4578465,0.1982629,-0.017638326,-0.97999007,0
-2.575882,0.52442443,-1.8424153,-0.96085078,0.1939292,-0.19788128,0
-1.2395597,-2.1701682,-2.2853117,0.1982629,-0.017638326,-0.97999007,0
-1.8041849,0.46913171,1.6573746,-0.1982629,0.017638326,0.97999007,0
2.4820011,1.4013102,-1.6269568,0.1982629,-0.017638326,-0.97999007,0
-2.5697422,-1.65895,-0.21869391,-0.83153439,-0.53233588,-0.15864739,0
3.1614635,-0.29916167,-0.5118959,0.97717959,-0.074207515,0.19902998,0
-1.7395128,1.297353,-2.4609714,0.1982629,-0.017638326,-0.97999007,0
-1.5752478,2.7477145,1.5707586,-0.1982629,0.017638326,0.97999007,0
-2.630075,-0.24636054,-2.4673672,0.1982629,-0.017638326,-0.97999007,0
-1.06837,-0.20110607,1.7274859,-0.1982629,0.017638326,0.97999007,0
-1.3203653,1.551928,-2.322578,0.1982629,-0.017638326,-0.97999007,0
-1.8711507,1.1497903,1.7399807,-0.1982629,0.017638326,0.97999007,0
2.0775046,2.3735299,-1.1626903,0.60257787,0.79076266,0.10767564,0
0.91501093,0.80947626,2.2764325,-0.1982629,0.017638326,0.97999007,0
-0.30865455,3.0018001,2.0196309,-0.1982629,0.017638326,0.97999007,0
-2.6446247,-0.77258968,1.5214622,-0.1982629,0.017638326,0.97999007,0
0.35881722,-3.082145,-1.2022655,0.052173346,-0.99823058,0.028522015,0
2.6972785,-1.7999113,-1.5506365,0.1982629,-0.017638326,-0.97999007,0
-1.8033574,1.1524293,-2.3455625,0.1982629,-0.017638326,-0.97999007,0
0.19818157,-0.19307709,2.0121195,-0.1982629,0.017638326,0.97999007,0
1.6259251,-2.6044297,-0.65398264,0.45005012,-0.88656873,0.10700721,0
-0.99932003,-0.32447171,1.8750939,-0.1982629,0.017638326,0.97999007,0
-0.8546505,-2.7940168,-1.1651608,-0.38681608,-0.92009056,-0.061696947,0
2.0610271,-1.268322,-1.6852111,0.1982629,-0.017638326,-0.97999007,0
-0.88764215,-2.9331837,0.62331176,-0.27866501,-0.95959175,-0.039105773,0
-0.27508897,2.8080969,-2.1229651,0.1982629,-0.017638326,-0.97999007,0
1.7997504,-0.79493284,-1.7540725,0.1982629,-0.017638326,-0.97999007,0
1.7048402,-2.7047997,-0.53939748,0.47129959,-0.87494797,0.11109698,0
-1.0611553,-2.7809186,1.8952153,-0.1982629,0.017638326,0.97999007,0
-1.3546956,-0.14332056,1.7697303,-0.1982629,0.017638326,0.97999007,0
0.83714575,0.74583745,-1.8462571,0.1982629,-0.017638326,-0.97999007,0
0.67252922,2.9154077,-0.94674456,0.15376967,0.98801672,0.013326406,0
0.18587649,-2.9174497,-0.19967628,0.057950497,-0.99787796,0.029684365,0
-3.2313354,0.069006205,1.3198894,-0.1982629,0.017638326,0.97999007,0
2.4615085,1.949592,-0.24225701,0.76454854,0.62841976,0.14336605,0
-0.52339113,0.13292694,1.904825,-0.1982629,0.017638326,0.97999007,0
-2.9027591,1.0986733,0.62297916,-0.91441435,0.35666001,-0.19141567,0
1.4033937,-2.7981153,-1.6026103,0.36548024,-0.92639792,0.090614557,0
2.68999,1.1435461,0.85391074,0.9118917,0.36990565,0.17782812,0
-0.030232422,-1.266499,2.155035,-0.1982629,0.017638326,0.97999007,0
2.496773,-0.54941869,2.1130433,0.9567588,-0.21364087,0.1974082,0
-0.48926324,1.6293277,1.8770528,-0.1982629,0.017638326,0.97999007,0
1.4709704,2.4066243,0.93940902,0.54556733,0.83262062,0.095388412,0
2.9528153,-0.91380763,0.20395231,0.9358657,-0.29372966,0.19462281,0
-1.1881828,-2.851269,0.15038574,-0.35733575,-0.93232477,-0.055512488,0
-2.9022193,0.94866383,-0.070800781,-0.93140531,0.30798846,-0.19397706,0
2.6619213,-1.7100468,-1.3929558,0.1982629,-0.017638326,-0.97999007,0
-2.9172843,-0.57526696,-0.9820739,-0.959804,-0.20614967,-0.19046868,0
1.2534504,-2.6796641,1.343853,0.47065884,-0.87530839,0.11097389,0
1.5983481,0.81841123,-1.7414632,0.1982629,-0.017638326,-0.97999007,0
3.2713268,0.26784515,-1.3078055,0.97625214,0.092618629,0.1958397,0
1.8632436,-2.5330391,-0.66967177,0.54292679,-0.83045673,0.12478721,0
2.6170089,1.40356,-0.11416212,0.84558451,0.50869441,0.16191541,0
-2.2143993,1.433902,1.5531271,-0.1982629,0.017638326,0.97999007,0
2.6203103,-0.88644075,-1.4772458,0.1982629,-0.017638326,-0.97999007,0
3.150938,0.54875827,-0.82447445,0.96691215,0.1672826,0.1926063,0
-1.7193282,-2.5608139,1.2043245,-0.4870255,-0.86944604,-0.082881868,0
-3.1280293,-0.39579833,0.39495873,-0.96948481,-0.15061659,-0.1934267,0
-1.3252976,-0.47415781,1.6890842,-0.1982629,0.017638326,0.97999007,0
-0.81820524,-2.5817084,1.9644901,-0.1982629,0.017638326,0.97999007,0
-2.9219222,-0.70756865,0.059001088,-0.94348139,-0.27435219,-0.18593888,0
-0.18754292,-2.910727,-1.8936613,-0.18966538,-0.98163044,-0.020703554,0
2.341527,-2.002408,0.21425343,0.74114406,-0.65158898,0.16166943,0
-2.2565992,-0.98188221,-2.4636106,0.1982629,-0.017638326,-0.97999007,0
1.9868548,1.7721331,2.3346202,0.78785217,0.59765917,0.14863428,0
2.0467319,-2.4672542,-1.5401897,0.1982629,-0.017638326,-0.97999007,0
-2.5270622,-0.75919342,-2.1405077,-0.95296967,-0.23729037,-0.18852553,0
1.3167933,-2.0450163,-1.7224002,0.1982629,-0.017638326,-0.97999007,0
2.5233905,-1.7994992,-0.89612508,0.77473354,-0.60964006,0.16770995,0
0.38234901,-2.5532641,-1.8567536,0.1982629,-0.017638326,-0.97999007,0
-2.9411337,0.31847489,-0.7466383,-0.97076023,0.13452268,-0.19881684,0
1.9376874,2.3042235,-0.16443235,0.62459451,0.7728104,0.11245295,0
1.3541573,-2.6488266,-1.7235684,0.1982629,-0.017638326,-0.97999007,0
-2.756166,-0.20836361,-0.90107983,-0.97924709,-0.046439648,-0.19727677,0
-1.7619174,0.35119462,1.6569631,-0.1982629,0.017638326,0.97999007,0
-0.56404471,2.9459982,-1.0421044,-0.246966,0.96667981,-0.067362785,0
-2.4026308,-1.3982769,-1.6065702,-0.87246084,-0.45880663,-0.16825071,0
0.17346781,2.2851562,-2.1392691,0.1982629,-0.017638326,-0.97999007,0
-1.1246898,-1.5607463,-2.1598091,0.1982629,-0.017638326,-0.97999007,0
-1.2767491,2.6929805,0.14782333,-0.41196173,0.90573615,-0.099646389,0
1.637888,1.4734925,2.4234328,-0.1982629,0.017638326,0.97999007,0
-3.1664963,-0.18113065,1.4712754,-0.1982629,0.017638326,0.97999007,0
2.6820109,-0.66845542,1.5424956,0.94855011,-0.24837485,0.19637263,0
1.9377329,2.4104512,-1.1917535,0.55918622,0.823192,0.098313361,0
2.4602764,-0.91564405,2.0552275,0.92184961,-0.3363272,0.19255394,0
2.5776353,-0.53486013,-1.5082546,0.1982629,-0.017638326,-0.97999007,0
-0.86898845,1.8582321,-2.2009833,0.1982629,-0.017638326,-0.97999007,0
1.1972315,2.6179628,1.1634969,0.49598145,0.86418349,0.084788531,0
-0.29584789,3.0275936,1.724947,0.013912082,0.99978793,-0.015180171,0
-0.1012038,-3.0680821,0.85421133,0.022633374,-0.99948907,0.022568345,0
-2.0958357,2.0431728,-0.21420884,-0.71301788,0.68344474,-0.15655243,0
2.1369977,-1.2273393,-1.5978847,0.1982629,-0.017638326,-0.97999007,0
0.26874447,2.7856526,1.9545105,-0.1982629,0.017638326,0.97999007,0
2.8325646,-1.3417656,-1.3596241,0.1982629,-0.017638326,-0.97999007,0
2.8344576,0.75625241,0.8211056,0.95257622,0.23895147,0.18841602,0
0.8416419,2.8835523,-0.83085859,0.19447184,0.98066819,0.02169323,0
0.45538324,-2.9424539,0.55686164,0.15621376,-0.98648912,0.049359202,0
-1.0463934,2.1576397,-2.3241596,0.1982629,-0.017638326,-0.97999007,0
-1.5666203,2.3443646,-1.9975108,-0.61922365,0.77278036,-0.13918483,0
0.87986904,-0.31817603,-1.9510618,0.1982629,-0.017638326,-0.97999007,0
0.44253659,2.3209453,2.1829724,-0.1982629,0.017638326,0.97999007,0
-1.9672985,2.5389118,1.3992941,-0.53910249,0.83305311,-0.12406015,0
-0.2669296,-0.26935637,2.0450137,-0.1982629,0.017638326,0.97999007,0
-1.1383638,1.6117966,-2.3631082,0.1982629,-0.017638326,-0.97999007,0
0.55338514,1.3823737,-1.9278069,0.1982629,-0.017638326,-0.97999007,0
-0.092773914,-3.0810003,-0.72862935,-0.070417821,-0.99751055,0.0037074685,0
0.40058726,-2.9532623,0.75252151,0.17016613,-0.98403507,0.052137673,0
1.4243114,-1.1603775,2.4470801,-0.1982629,0.017638326,0.97999007,0
-0.28219682,2.6376104,-2.1017809,0.1982629,-0.017638326,-0.97999007,0
-1.7340392,2.0196679,-2.4321218,0.1982629,-0.017638326,-0.97999007,0
-1.2667751,-2.7433655,-1.1994451,-0.48135209,-0.87271357,-0.081675351,0
2.5369964,1.8176548,-1.507905,0.1982629,-0.017638326,-0.97999007,0
-2.1803467,-1.9213433,-0.55241913,-0.74064827,-0.65756691,-0.13800614,0
-2.09816,2.3540344,0.37565327,-0.62502307,0.76789981,-0.14027029,0
-2.1795063,-0.65284789,-2.4194565,0.1982629,-0.017638326,-0.97999007,0
0.837677,1.486482,2.1524084,-0.1982629,0.017638326,0.97999007,0
-2.2535999,-1.6203778,1.5577774,-0.1982629,0.017638326,0.97999007,0
1.2839075,0.37656343,-1.7422897,0.1982629,-0.017638326,-0.97999007,0
2.3254213,-1.4840329,1.1417307,0.83334571,-0.52330279,0.17801386,0
-1.059135,2.8997409,1.8001077,-0.2328209,0.97037381,-0.064567626,0
0.7441206,0.67708111,-1.8317039,0.1982629,-0.017638326,-0.97999007,0
-2.6748002,-0.4459537,-1.6298742,-0.96778381,-0.16183683,-0.19288068,0
2.0571592,-2.1350489,0.61410069,0.66981077,-0.72750962,0.14860439,0
0.83399236,-2.871469,-1.8632085,0.1982629,-0.017638326,-0.97999007,0
1.3201869,2.5183647,0.93620741,0.48740041,0.86922824,0.082961679,0
1.0344965,1.6996901,-1.9467361,0.1982629,-0.017638326,-0.97999007,0
2.3504791,-1.4081973,1.8582842,0.86636424,-0.46442574,0.18363416,0
0.71506804,-2.3322809,2.1577578,-0.1982629,0.017638326,0.97999007,0
0.010405719,-2.8865061,1.9215703,0.14100373,-0.98892444,0.046325862,0
-2.2686639,1.7297707,-1.7143058,-0.80916107,0.56129324,-0.17380476,0
3.1648095,-0.74500203,-0.9253962,0.94227082,-0.27183738,0.19552457,0
2.4316471,-1.4941655,0.90331423,0.8264904,-0.5344581,0.17682767,0
3.0767303,-0.010089278,-0.52707922,0.97984993,-0.021118551,0.19861469,0
1.1690116,2.246856,2.3180168,-0.1982629,0.017638326,0.97999007,0
2.2529588,-0.53750038,-1.4872882,0.1982629,-0.017638326,-0.97999007,0
-1.528379,-2.208195,-2.4063206,0.1982629,-0.017638326,-0.97999007,0
0.73877478,1.3824568,2.2021036,-0.1982629,0.017638326,0.97999007,0
0.44373119,0.2905345,2.1216407,-0.1982629,0.017638326,0.97999007,0
0.43169546,-3.1339059,-1.2999194,0.059155405,-0.99779993,0.029926777,0
0.032417893,2.5009556,-2.0570672,0.1982629,-0.017638326,-0.97999007,0
0.40633702,0.23512316,-2.0565197,0.1982629,-0.017638326,-0.97999007,0
-0.80407131,-0.68572628,1.8785925,-0.1982629,0.017638326,0.97999007,0
2.2849438,2.3700953,-1.5019464,0.61690855,0.77919877,0.11078301,0
1.9573922,2.1581209,1.4344264,0.70841146,0.69356668,0.13083638,0
0.66453052,-1.1982481,2.1584637,-0.1982629,0.017638326,0.97999007,0
2.3407204,0.41006613,-1.5266483,0.1982629,-0.017638326,-0.97999007,0
-0.33848232,0.51455271,1.9997513,-0.1982629,0.017638326,0.97999007,0
-1.7486644,-2.2497714,-0.49145818,-0.61218858,-0.78305686,-0.10975865,0
2.6798651,1.3871356,0.14215457,0.87745821,0.44872683,0.16944319,0
-2.5542126,0.64486229,-2.2179482,-0.96132821,0.19149408,-0.19793403,0
-2.713819,-1.8085785,1.4818255,-0.1982629,0.017638326,0.97999007,0
-2.4500029,-1.175004,-2.1293607,-0.90292001,-0.39229617,-0.17561004,0
-0.61060566,2.9081564,-0.25258851,-0.23851071,0.96891534,-0.065692544,0
0.74743778,-1.3632131,2.1611702,-0.1982629,0.017638326,0.97999007,0
1.6447096,2.6982493,-1.1996915,0.467583,0.88043416,0.0787507,0
-1.9066657,0.74439549,1.675859,-0.1982629,0.017638326,0.97999007,0
-0.31831586,0.63006198,-2.1886461,0.1982629,-0.017638326,-0.97999007,0
2.8174903,-1.6050084,-0.76883483,0.82690334,-0.5337953,0.17689931,0
-0.94757938,2.8502774,0.21015429,-0.29099733,0.95369744,-0.076037169,0
0.42640781,2.9210281,-1.920596,-0.022334397,0.99949706,-0.022508085,0
-1.2811196,-2.5935435,-1.6190112,-0.47944599,-0.87380004,-0.081270099,0
1.1664729,2.7523444,-1.1723356,0.32872033,0.94312763,0.049528897,0
-1.3091805,2.5626988,-2.0787394,-0.51188952,0.85078663,-0.11887389,0
-1.1183063,2.4200745,-2.3474975,-0.52070731,0.84518027,-0.12055695,0
-0.41308728,-0.30699098,2.0340128,-0.1982629,0.017638326,0.97999007,0
2.1316552,-1.8704516,1.7834003,0.76145607,-0.62677717,0.16533214,0
-2.0683959,-2.0249581,-0.31827387,-0.70248091,-0.69981694,-0.12952401,0
1.0722421,-2.6096108,-1.7195852,0.1982629,-0.017638326,-0.97999007,0
0.66593266,2.9241202,0.17567444,0.22390854,0.97421455,0.027764738,0
1.5721405,2.5565646,0.35285151,0.54845268,0.83065152,0.096007526,0
2.336699,-1.5713118,1.1574224,0.80401254,-0.56891942,0.17290044,0
-1.0129216,-2.763478,1.9397576,-0.1982629,0.017638326,0.97999007,0
-3.1374106,0.88998771,0.8512969,-0.93576789,0.29405019,-0.19460881,0
-0.90938902,-0.17173576,-2.2692568,0.1982629,-0.017638326,-0.97999007,0
-0.43249214,2.9166138,0.33042121,-0.098368317,0.99443185,-0.037799418,0
-1.1795888,-2.1642194,1.7441723,-0.1982629,0.017638326,0.97999007,0
2.9111917,-1.0104941,0.28546524,0.92039967,-0.34039989,0.19233388,0
0.10579979,-3.0225468,0.56185579,0.092090845,-0.99507982,0.036540985,0
2.2182176,-1.0624609,-1.6567981,0.1982629,-0.017638326,-0.97999007,0
1.4613132,2.2525313,-1.8223377,0.1982629,-0.017638326,-0.97999007,0
-0.086490095,-0.3911612,2.0028014,-0.1982629,0.017638326,0.97999007,0
-1.7184721,2.5319898,-0.22583365,-0.537305,0.8342644,-0.12371838,0
2.4970317,-0.79425359,2.064055,0.93754584,-0.28816009,0.19486248,0
-1.2336193,0.87963504,-2.3429735,0.1982629,-0.017638326,-0.97999007,0
-0.59048438,2.9416471,1.3863368,-0.12453815,0.99128091,-0.043037117,0
1.9516492,2.3987434,-1.328531,0.57098752,0.8147403,0.100853,0
1.8971344,-2.53565,-1.0557289,0.51839864,-0.84666085,0.12011653,0
-0.70300627,-1.056556,-2.2368879,0.1982629,-0.017638326,-0.97999007,0
0.87605822,-0.39351392,2.1809635,-0.1982629,0.017638326,0.97999007,0
1.3139997,2.8557849,-0.71421921,0.37189984,0.92642349,0.058565199,0
2.0877593,2.1660602,0.14194566,0.66228414,0.73947012,0.12067808,0
2.9485471,-1.3349428,-1.3689952,0.1982629,-0.017638326,-0.97999007,0
2.6728122,-0.92912352,1.6755326,0.93231577,-0.30513692,0.19410992,0
0.82974243,-3.0532026,-1.3302634,0.13680825,-0.98955244,0.045488358,0
-1.7084241,2.6548135,1.4963188,-0.47888103,0.87063456,-0.11255324,0
-2.6745765,1.6768832,0.41884017,-0.81614679,0.55069911,-0.17502743,0
2.3161621,1.3273175,1.702126,0.88421667,0.43462354,0.17106429,0
2.9931228,-1.5306516,-1.3176601,0.86216319,-0.47245258,0.18292868,0
-0.28713608,-0.057835937,-2.1630971,0.1982629,-0.017638326,-0.97999007,0
2.1219106,-1.857378,1.209746,0.76960993,-0.61634415,0.166794,0
2.5463657,1.8921047,-0.17305757,0.78367913,0.60335332,0.14768755,0
1.9942577,2.3443189,-0.067033172,0.63210976,0.76643389,0.11408815,0
2.3622997,0.42377329,-1.5516329,0.1982629,-0.017638326,-0.97999007,0
-2.7023225,1.03616,-1.2118187,-0.91270274,0.36115798,-0.19115037,0
0.49515772,2.9490714,1.7119694,0.2487033,0.96802092,0.032892525,0
1.5067484,-1.7665787,-1.6699741,0.1982629,-0.017638326,-0.97999007,0
0.38408405,-0.52298236,2.221328,-0.1982629,0.017638326,0.97999007,0
-0.78199935,0.43487895,-2.2606668,0.1982629,-0.017638326,-0.97999007,0
-2.3964577,2.1807234,1.2254527,-0.67002451,0.72730458,-0.14864385,0
0.40738463,2.9400463,-2.0560977,0.1982629,-0.017638326,-0.97999007,0
2.7152328,-1.1441453,0.27786493,0.91294783,-0.36051762,0.19118834,0
-1.2818179,-2.7567203,-0.31862628,-0.41832793,-0.90572214,-0.068330705,0
2.3223135,-1.2882642,1.9462407,0.87093073,-0.45549676,0.18439734,0
1.4201655,-2.5830824,-0.17091179,0.42833582,-0.89775133,0.10281545,0
2.5966511,1.5956466,-0.20943831,0.82177603,0.54792798,0.15639254,0
-1.0216875,1.6706127,-2.1855869,0.1982629,-0.017638326,-0.97999007,0
-2.7551413,1.460482,-0.30386448,-0.86239982,0.4720051,-0.18296856,0
0.42307144,-2.8273783,1.7317026,0.23089461,-0.97085917,0.064186692,0
-2.4074612,0.91443986,-2.3593442,-0.9235813,0.33139026,-0.19281542,0
-0.86422718,0.29930592,1.8621879,-0.1982629,0.017638326,0.97999007,0
-2.3258479,0.6519084,1.5640868,-0.1982629,0.017638326,0.97999007,0
-2.137202,1.6529329,-1.8642839,-0.79046547,0.5882951,-0.1705085,0
3.2675126,-0.45583439,-1.0962477,0.97014201,-0.13897453,0.19877195,0
-0.33058178,-0.060351968,2.0012126,-0.1982629,0.017638326,0.97999007,0
-1.95819,-2.2752328,-1.0082111,-0.67020667,-0.73200899,-0.12241517,0
2.638941,1.1953181,-1.5184486,0.1982629,-0.017638326,-0.97999007,0
0.7919606,-1.6898533,2.1461244,-0.1982629,0.017638326,0.97999007,0
-1.1210605,0.94392627,-2.223706,0.1982629,-0.017638326,-0.97999007,0
3.053175,0.28852236,-0.4660424,0.97253907,0.1278877,0.19445372,0
-0.74190068,-2.664361,-2.1571717,0.1982629,-0.017638326,-0.97999007,0
-1.2783084,-0.05004549,1.8597071,-0.1982629,0.017638326,0.97999007,0
-2.9530523,0.13380647,-0.32638073,-0.97792977,0.063681334,-0.19899231,0
-0.16448849,2.4444091,-2.1495576,0.1982629,-0.017638326,-0.97999007,0
-2.5120151,-1.4494845,-1.0041125,-0.87288272,-0.45796663,-0.16835117,0
0.13639116,2.8981357,0.58321834,0.094168484,0.99555552,0.0011327267,0
2.1609497,1.5564396,-1.7084124,0.1982629,-0.017638326,-0.97999007,0
2.6247587,1.513098,-0.25750983,0.82778537,0.53840172,0.15777978,0
2.6757751,1.034409,0.90292984,0.93002063,0.31904113,0.18241131,0
-2.4413166,0.82675904,-2.0742314,-0.94272429,0.27021545,-0.19558716,0
3.2331004,-0.6059866,-1.1780987,0.95681101,-0.21340083,0.19741446,0
-2.5126219,0.96085,1.4205785,-0.1982629,0.017638326,0.97999007,0
2.2693806,0.69422472,2.5605888,-0.1982629,0.017638326,0.97999007,0
1.4684427,2.6022491,-0.56378478,0.44448161,0.8927381,0.073855549,0
-0.76992869,-2.2741146,-2.1944933,0.1982629,-0.017638326,-0.97999007,0
-2.9477501,1.1111066,0.089894772,-0.91332847,0.35952094,-0.19124746,0
1.0998055,-3.0075741,-1.561703,0.25526056,-0.96440697,0.069000006,0
1.6835515,2.5250335,0.62019145,0.57802629,0.80957127,0.10237008,0
2.2961326,1.4080625,2.3138456,0.87860143,0.44638032,0.16971669,0
-1.2776026,-2.3325567,1.87007,-0.1982629,0.017638326,0.97999007,0
1.4028367,-1.9565579,2.4317143,-0.1982629,0.017638326,0.97999007,0
-0.36627626,-2.969368,-2.0538993,0.1982629,-0.017638326,-0.97999007,0
-0.0046989918,-2.9033146,0.035509348,-0.011406064,-0.99981183,0.015687644,0
1.6068814,2.1572137,2.2605634,0.67204547,0.73025358,0.12281878,0
-2.0553648,-0.68978763,1.6839783,-0.1982629,0.017638326,0.97999007,0
-2.0953875,-1.2137828,1.5426567,-0.1982629,0.017638326,0.97999007,0
1.7326351,1.7730205,-1.8228892,0.1982629,-0.017638326,-0.97999007,0
-0.24538282,2.3662515,-2.0934238,0.1982629,-0.017638326,-0.97999007,0
-3.0754926,0.99606156,0.84881234,-0.92483985,0.32775056,-0.19300449,0
1.9541869,-2.6905544,-1.5578127,0.49389341,-0.86182636,0.11543185,0
-0.96094286,-2.130389,1.8478842,-0.1982629,0.017638326,0.97999007,0
-2.5910068,1.1858979,-0.80056,-0.89221108,0.41067556,-0.18789583,0
-0.85330915,-2.9470553,0.91908288,-0.20569092,-0.97832251,-0.024005175,0
1.5773339,-2.5473261,0.29777479,0.49989522,-0.85820371,0.11658078,0
0.65341926,1.5137868,2.163414,-0.1982629,0.017638326,0.97999007,0
0.69385445,-0.4819293,2.1589684,-0.1982629,0.017638326,0.97999007,0
-2.6592016,1.8949378,1.0123193,-0.7683146,0.61802077,-0.16656214,0
-2.4358149,1.0030899,-2.1312373,-0.92607057,0.32414672,-0.19318861,0
1.0937902,0.54605401,-1.9310105,0.1982629,-0.017638326,-0.97999007,0
-1.4530487,-2.5366111,0.32449281,-0.45822453,-0.88551521,-0.076765925,0
-0.85107511,2.8472879,-0.17484045,-0.27822581,0.95769745,-0.073525369,0
2.7553561,-1.4271543,-0.070929527,0.86896563,-0.4593659,0.18406934,0
0.95382756,-0.15383363,-1.8344541,0.1982629,-0.017638326,-0.97999007,0
-1.2305923,-2.8346629,1.2667997,-0.33326584,-0.94148064,-0.050478101,0
1.1562866,2.9874172,-1.8756026,0.23179346,0.97232068,0.029393971,0
-2.4133611,2.1630015,0.84733772,-0.71970785,0.67611223,-0.15777403,0
-1.3345672,1.2872062,1.8316035,-0.1982629,0.017638326,0.97999007,0
-0.44334143,-2.1883047,2.0373299,-0.1982629,0.017638326,0.97999007,0
-0.14077437,1.0744399,1.9309402,-0.1982629,0.017638326,0.97999007,0
-2.0306611,-1.8013506,-2.3406591,0.1982629,-0.017638326,-0.97999007,0
0.79464757,-1.0244236,2.3154049,-0.1982629,0.017638326,0.97999007,0
1.926918,-2.3446207,-1.62798,0.1982629,-0.017638326,-0.97999007,0
-1.6908264,2.1821651,-1.0963972,-0.64951766,0.74642372,-0.14483917,0
0.2485075,2.9534111,1.6988575,0.19456434,0.98064935,0.021712303,0
2.9638617,-0.61790878,0.67721868,0.9606632,-0.19487718,0.19786042,0
-2.4251797,-2.2523868,1.6138675,-0.1982629,0.017638326,0.97999007,0
1.4172106,2.6567252,0.93185687,0.51065803,0.85527688,0.087918073,0
-1.2150234,2.9023981,1.3637199,-0.28091216,0.95687205,-0.074054003,0
-0.4524647,2.9396625,-0.57120395,-0.17153764,0.98378241,-0.052410662,0
0.26592922,3.0244279,0.80824685,0.11414802,0.99345005,0.0052127242,0
0.95095801,0.80174959,2.2491663,-0.1982629,0.017638326,0.97999007,0
-0.65694594,-2.8751266,-0.48906529,-0.25444049,-0.96648771,-0.034080744,0
-0.2163561,-2.409363,2.1306047,-0.1982629,0.017638326,0.97999007,0
-2.0616295,2.5167081,1.4024169,-0.58606744,0.79927975,-0.13295394,0
-3.1778722,-0.34274125,1.0110811,-0.97002703,-0.14684963,-0.19360423,0
1.2976394,1.1700965,-1.744866,0.1982629,-0.017638326,-0.97999007,0
-2.753221,-0.9108057,-0.86640263,-0.94050676,-0.28489888,-0.18514726,0
-0.61157811,1.6333346,1.8327482,-0.1982629,0.017638326,0.97999007,0
-0.96717167,-2.9328229,0.54047763,-0.26869696,-0.96251231,-0.037036538,0
-2.0069599,1.4647411,-2.4463933,0.1982629,-0.017638326,-0.97999007,0
-0.56861234,-2.9000437,-1.4173361,-0.28509068,-0.95764697,-0.040440798,0
0.29952478,0.40607882,2.0170372,-0.1982629,0.017638326,0.97999007,0
-1.9542598,1.2671086,-2.5372357,0.1982629,-0.017638326,-0.97999007,0
0.8763507,-2.2707515,-1.7386022,0.1982629,-0.017638326,-0.97999007,0
-1.461247,-2.8445675,1.6970706,-0.35680538,-0.9325344,-0.055401444,0
-1.9412595,1.9026121,-2.3215604,-0.7764858,0.60732049,-0.16802263,0
-1.9691949,1.5418487,1.5136259,-0.1982629,0.017638326,0.97999007,0
2.1774304,-1.860359,-1.635639,0.1982629,-0.017638326,-0.97999007,0
3.1346455,-0.72423148,-0.79705691,0.94588929,-0.25859243,0.19601828,0
-2.623235,0.92318249,-1.7347858,-0.93473613,0.29741082,-0.19446051,0
2.1641142,-0.16111445,-1.5730211,0.1982629,-0.017638326,-0.97999007,0
-2.0159149,0.98075461,1.6636952,-0.1982629,0.017638326,0.97999007,0
1.4243344,1.2721249,-1.8064322,0.1982629,-0.017638326,-0.97999007,0
-0.20229256,-2.9327803,1.3589054,0.015330672,-0.99965978,0.021094084,0
-0.90416729,2.7527552,-0.47235584,-0.30999795,0.94738495,-0.079767644,0
1.665787,2.0151372,2.3950884,-0.1982629,0.017638326,0.97999007,0
3.0750585,-0.76045394,-1.3844738,0.1982629,-0.017638326,-0.97999007,0
-0.32386112,-3.0364189,1.7324886,-0.024061441,-0.99962431,0.01312387,0
2.4758825,-1.5485491,0.38010406,0.82016444,-0.54447192,0.1757282,0
-2.2873874,-2.0908711,0.97852945,-0.69307685,-0.70950788,-0.12744708,0
-1.1376463,-2.8642535,1.7234912,-0.28655165,-0.9571979,-0.040744424,0
-1.3710675,2.4355435,-2.061111,-0.56412244,0.81558228,-0.1288076,0
-1.1237382,2.6699803,-0.89631557,-0.3966946,0.91284454,-0.096685648,0
-2.6877594,1.2337071,-0.33530092,-0.8899653,0.41568422,-0.18753171,0
-1.9808674,-2.2706232,-0.15891099,-0.62570101,-0.77187961,-0.11269358,0
1.3442156,2.7323546,0.07996726,0.44272697,0.89364016,0.073484361,0
2.8615701,0.69814658,0.40038896,0.95925957,0.20881265,0.19031063,0
1.9996014,-0.73830438,-1.6829517,0.1982629,-0.017638326,-0.97999007,0
-2.4706821,1.019082,-1.3847426,-0.91101444,0.36553305,-0.19088745,0
-2.6281109,1.5250783,-0.046417713,-0.85810739,0.48003978,-0.18224478,0
-0.8129921,-2.9023092,-1.1700169,-0.31322896,-0.94854838,-0.046297133,0
-0.13813511,1.1315603,-2.1461699,0.1982629,-0.017638326,-0.97999007,0
2.9288437,-1.6130202,-1.4719658,0.1982629,-0.017638326,-0.97999007,0
-2.3408089,-0.10330045,-2.5472443,0.1982629,-0.017638326,-0.97999007,0
1.6166642,0.090827703,2.3493149,-0.1982629,0.017638326,0.97999007,0
-0.75542867,-2.8898027,1.9139059,-0.1982629,0.017638326,0.97999007,0
2.9931428,-0.618191,0.34373081,0.95806479,-0.20755827,0.19756293,0
-0.92989588,-2.8336897,-0.75494683,-0.32745725,-0.94358069,-0.049265087,0
0.88982821,2.9703779,-1.115217,0.20508808,0.97845209,0.023880839,0
3.0070159,1.4833331,-1.3929359,0.85576952,0.49057421,0.16430211,0
2.3507695,-1.4765351,-1.5359941,0.1982629,-0.017638326,-0.97999007,0
-2.5877657,1.4765482,-0.503407,-0.85598016,0.48395827,-0.18188494,0
1.616528,2.6438754,-0.25070119,0.48061323,0.87313545,0.081518203,0
2.7136917,-1.4896572,0.0097777843,0.85341597,-0.48862749,0.18145019,0
-2.7119977,-0.59709495,-1.506791,-0.96754366,-0.16335581,-0.19280474,0
0.82680678,0.3965559,2.161916,-0.1982629,0.017638326,0.97999007,0
-0.10938203,3.0193996,-0.20184088,-0.074959636,0.99663693,-0.033103228,0
2.0541434,0.9148773,-1.5937871,0.1982629,-0.017638326,-0.97999007,0
3.2670751,-0.83740091,-1.2951236,0.1982629,-0.017638326,-0.97999007,0
2.7583935,-1.0714967,0.88995612,0.91363114,-0.35872614,0.19129437,0
0.90617919,2.8579843,-0.1953299,0.2637952,0.96390593,0.036019862,0
0.45217204,1.4669803,2.05882,-0.1982629,0.017638326,0.97999007,0
2.3403454,-1.8106127,0.034555197,0.77036023,-0.61536974,0.16692835,0
-2.4101295,2.0593214,0.70437598,-0.72291559,0.67254394,-0.15835875,0
-1.0014138,-2.6514711,-1.737144,-0.43230039,-0.89890784,-0.071280181,0
-1.6438696,2.1526105,-2.1779809,-0.66381693,0.73320687,-0.14749426,0
0.40883195,-1.5455185,-2.0053744,0.1982629,-0.017638326,-0.97999007,0
0.08252728,0.77164137,-2.0478358,0.1982629,-0.017638326,-0.97999007,0
1.0300748,2.8544583,-1.7852321,0.1982629,-0.017638326,-0.97999007,0
3.0943127,-0.69208467,-0.1008575,0.95648736,-0.21488237,0.19737566,0
2.7288275,0.81889135,1.2518526,0.94183141,0.28025624,0.18549879,0
-2.5105662,1.0236617,-1.4708315,-0.91023469,0.3675335,-0.19076568,0
-1.2376982,2.9119804,1.7175286,-0.26491541,0.96166122,-0.070903897,0
-1.9380844,-1.7529739,-2.4485831,-0.79747939,-0.58419037,-0.15082441,0
1.7515376,2.4691908,-1.0241339,0.49686551,0.86365706,0.084976822,0
3.0850422,-0.84272552,-0.7527647,0.94031239,-0.27872711,0.19525236,0
-0.2431128,-3.0186779,-1.9845762,0.1982629,-0.017638326,-0.97999007,0
-2.6920819,-0.48150015,-1.7068017,-0.96746492,-0.16385104,-0.19277988,0
-2.5384259,-0.90238452,-2.3351767,-0.9383145,-0.29240403,-0.18456864,0
-1.8972254,1.9846796,-1.9243085,-0.72687423,0.66809237,-0.15907949,0
-0.40452677,-1.8981388,2.0030997,-0.1982629,0.017638326,0.97999007,0
-1.0469918,-1.5565372,-2.2087126,0.1982629,-0.017638326,-0.97999007,0
1.6085652,2.2328162,-1.688905,0.1982629,-0.017638326,-0.97999007,0
-2.363287,-1.6595093,-0.44000784,-0.8060118,-0.57184362,-0.15277284,0
2.8681712,-1.0293972,-1.3557112,0.1982629,-0.017638326,-0.97999007,0
-2.4163015,-1.4049765,-1.3254249,-0.85396504,-0.49384958,-0.16387808,0
-0.86746275,0.6673907,-2.2013502,0.1982629,-0.017638326,-0.97999007,0
-1.5319552,-1.755203,-2.4051433,0.1982629,-0.017638326,-0.97999007,0
-2.7776408,-1.2982647,0.62292731,-0.87006414,-0.46354195,-0.16768062,0
-2.0022476,-0.11571407,1.65855,-0.1982629,0.017638326,0.97999007,0
-0.24496317,-2.7904301,-2.0962386,0.1982629,-0.017638326,-0.97999007,0
-2.6736145,-0.440265,-2.1466086,-0.97266036,-0.12689637,-0.1944961,0
1.5714777,-2.7221155,-1.5336304,0.43139309,-0.8962183,0.10340631,0
2.611517,0.057433426,2.0471218,0.97923744,0.046666726,0.19727075,0
-2.0283141,0.59906268,1.7134115,-0.1982629,0.017638326,0.97999007,0
0.83359957,-2.9288309,0.82157946,0.32983789,-0.94032377,0.083654344,0
-1.6051853,-2.4248338,-1.0511625,-0.5870747,-0.80278254,-0.10432279,0
-1.0751723,0.9904241,-2.2413783,0.1982629,-0.017638326,-0.97999007,0
2.5150459,-0.64800513,1.7655377,0.95137578,-0.23701726,0.19673997,0
-1.8117297,2.094584,-1.766842,-0.67736208,0.72019458,-0.15000045,0
1.1387792,0.5178169,-1.7567378,0.1982629,-0.017638326,-0.97999007,0
-0.23140602,1.368728,-2.0367837,0.1982629,-0.017638326,-0.97999007,0
1.7489533,-2.0017562,2.324863,0.7031458,-0.69400263,0.15474528,0
2.4938204,1.7254808,0.2818408,0.80009902,0.58044159,0.15142189,0
1.5625517,-2.2646804,-1.734087,0.1982629,-0.017638326,-0.97999007,0
-0.73463196,2.4871337,-2.2750545,0.1982629,-0.017638326,-0.97999007,0
-0.20312929,-3.0168748,-1.2413619,-0.13683873,-0.9905442,-0.009855628,0
0.10435545,-2.9833078,1.0373802,0.063654929,-0.99749553,0.030831575,0
-1.5831639,1.0938199,1.7338743,-0.1982629,0.017638326,0.97999007,0
1.1120012,2.2787433,-1.9484768,0.1982629,-0.017638326,-0.97999007,0
-1.4181807,1.4538658,1.6787881,-0.1982629,0.017638326,0.97999007,0
-2.8152599,0.092386246,1.4601673,-0.1982629,0.017638326,0.97999007,0
1.2629476,2.698163,-0.32204521,0.41763908,0.90605086,0.068185449,0
0.36884233,0.56186998,-2.0740302,0.1982629,-0.017638326,-0.97999007,0
-2.1032882,-2.4290006,1.35355,-0.56566679,-0.81858367,-0.099707395,0
-2.7315226,0.96256679,-0.77547002,-0.92483133,0.32777542,-0.19300324,0
-3.0062556,-0.59168392,-0.11035061,-0.96375698,-0.18559864,-0.19163831,0
-0.82179081,-0.48992765,1.8621814,-0.1982629,0.017638326,0.97999007,0
-1.211391,-0.61329544,1.7182447,-0.1982629,0.017638326,0.97999007,0
2.273823,-1.7882237,0.33428073,0.7748903,-0.60943317,0.1677379,0
0.95974028,-2.5892148,1.9597118,0.42867637,-0.89758104,0.10288125,0
-1.943188,2.1242213,-1.61581,-0.6946438,0.70285439,-0.15318453,0
-1.8910605,2.1272454,1.6855824,-0.1982629,0.017638326,0.97999007,0
3.0355387,-0.015870452,-0.15609062,0.98011047,-0.0052717924,0.1983822,0
2.9087903,0.77340746,-0.034039438,0.94637573,0.26364607,0.18671715,0
-3.1189203,-0.24659061,0.47803044,-0.97839808,-0.06329383,-0.19680169,0
2.7608414,0.85443723,0.69662446,0.93321925,0.30907196,0.18323781,0
-3.0698805,1.0431812,1.3181031,-0.1982629,0.017638326,0.97999007,0
-2.9298337,0.48102912,-0.89363921,-0.96754241,0.15632012,-0.19855821,0
0.21794093,-1.6423675,-1.973153,0.1982629,-0.017638326,-0.97999007,0
-2.5205371,-1.44104,-0.9817903,-0.87124705,-0.46121266,-0.16796185,0
0.38023311,-0.68919969,-1.9557483,0.1982629,-0.017638326,-0.97999007,0
1.3630388,-1.9312766,2.4425957,-0.1982629,0.017638326,0.97999007,0
0.33409142,2.9384909,-2.103828,0.1982629,-0.017638326,-0.97999007,0
-0.6125772,-1.7153966,-2.0677862,0.1982629,-0.017638326,-0.97999007,0
2.372844,1.8043947,0.71134436,0.78202844,0.60558236,0.14731348,0
-3.4110963,-0.032552242,1.2906147,-0.980147,-0.0054638088,-0.19819638,0
-1.320796,-2.0439136,-2.2310452,0.1982629,-0.017638326,-0.97999007,0
-0.89949632,-2.8970897,0.40366614,-0.28106964,-0.9588697,-0.0396052,0
-2.2908232,0.23362184,1.6572052,-0.1982629,0.017638326,0.97999007,0
0.59584945,-0.44652605,-1.957448,0.1982629,-0.017638326,-0.97999007,0
-1.2041841,-1.8073866,1.8620238,-0.1982629,0.017638326,0.97999007,0
-0.045416594,-0.78670633,-2.058517,0.1982629,-0.017638326,-0.97999007,0
-2.7963169,1.1687058,-0.40058708,-0.89407027,0.40647286,-0.18819636,0
-0.53672922,0.41333795,1.9525177,-0.1982629,0.017638326,0.97999007,0
-1.787287,1.6777079,-2.3971233,0.1982629,-0.017638326,-0.97999007,0
0.88565433,2.1053567,-2.0000961,0.1982629,-0.017638326,-0.97999007,0
1.0976965,-2.9968762,-1.6404138,0.2122706,-0.97533625,0.06049937,0
-2.8386416,1.6046789,0.93246746,-0.85280478,0.48973155,-0.18134648,0
-0.95220923,-1.2099574,-2.1946754,0.1982629,-0.017638326,-0.97999007,0
1.5517147,-0.86182809,-1.7655166,0.1982629,-0.017638326,-0.97999007,0
-2.0749426,-1.5564543,-2.5025487,0.1982629,-0.017638326,-0.97999007,0
-1.3118254,-0.99224341,1.8853835,-0.1982629,0.017638326,0.97999007,0
2.0529997,-0.7304194,-1.5192462,0.1982629,-0.017638326,-0.97999007,0
-2.0956779,-1.8552303,-1.2022126,-0.78469157,-0.60197961,-0.14791709,0
-1.367846,-2.8142917,1.568784,-0.3305257,-0.94247651,-0.049905777,0
-1.1603565,-2.4044366,-2.1491008,0.1982629,-0.017638326,-0.97999007,0
-1.6973636,-0.85374451,-2.3072052,0.1982629,-0.017638326,-0.97999007,0
0.040776134,0.53404212,2.0794091,-0.1982629,0.017638326,0.97999007,0
-0.79269284,2.6373968,-1.9131225,-0.36287379,0.9274714,-0.090106666,0
-0.64299679,-2.1403127,-2.039588,0.1982629,-0.017638326,-0.97999007,0
-2.2524357,-1.966337,1.5284084,-0.1982629,0.017638326,0.97999007,0
-0.24692684,-0.42406726,2.0004263,-0.1982629,0.017638326,0.97999007,0
2.1625378,-2.3645618,-0.90565991,0.62204325,-0.77041703,0.13971275,0
0.89043838,-2.6690259,1.2975301,0.3649652,-0.92661077,0.090514302,0
-2.8798609,0.15313643,-0.66803718,-0.97959882,0.02992183,-0.1987223,0
-1.1702819,1.4423451,-2.2899721,0.1982629,-0.017638326,-0.97999007,0
2.1471972,-1.7954562,1.7966777,0.77807701,-0.6052016,0.16830641,0
2.9378042,1.6658556,-1.5137038,0.81820071,0.55348504,0.15556918,0
2.8361373,-1.4553977,-0.39454961,0.86236417,-0.47207248,0.18296254,0
0.21888077,-2.9231877,0.76752245,0.089650333,-0.99532056,0.036051691,0
1.7056413,1.2808845,-1.7142141,0.1982629,-0.017638326,-0.97999007,0
0.71871936,-0.64674091,2.264127,-0.1982629,0.017638326,0.97999007,0
-1.6541994,2.6837115,1.578119,-0.4333148,0.8952477,-0.10377765,0
-3.2415855,-0.29075372,0.47248006,-0.97460008,-0.1097856,-0.19519648,0
-1.2744077,1.449712,-2.2592967,0.1982629,-0.017638326,-0.97999007,0
-0.27993345,-1.445905,-2.0960021,0.1982629,-0.017638326,-0.97999007,0
0.91869295,-2.2958565,-1.7362306,0.1982629,-0.017638326,-0.97999007,0
2.6991067,-1.4094539,-0.33074999,0.85401118,-0.48754883,0.18155122,0
-2.7646382,-0.44724301,-1.0241114,-0.96510249,-0.17803058,-0.19204672,0
-2.6346092,0.59943104,1.5473413,-0.1982629,0.017638326,0.97999007,0
-2.1075613,1.8816962,-0.66513467,-0.73779917,0.65552336,-0.16106355,0
1.690984,2.1285107,2.1680691,0.71718943,0.684111,0.13278243,0
0.27821442,-1.6066341,2.2272711,-0.1982629,0.017638326,0.97999007,0
-0.73718929,1.1762991,1.9272408,-0.1982629,0.017638326,0.97999007,0
1.1894999,-0.82211375,-1.6937807,0.1982629,-0.017638326,-0.97999007,0
1.3041958,-1.0790468,2.2675786,-0.1982629,0.017638326,0.97999007,0
-2.0905509,2.0058174,1.6005945,-0.1982629,0.017638326,0.97999007,0
2.8046656,-1.5567883,-0.76848626,0.84784675,-0.4985725,0.18050253,0
1.3836786,1.4301713,-1.7501218,0.1982629,-0.017638326,-0.97999007,0
-0.71378982,-2.8262584,1.9186499,-0.1982629,0.017638326,0.97999007,0
-2.6438646,0.42929816,1.4610536,-0.1982629,0.017638326,0.97999007,0
-0.05244863,2.8726869,-0.73020494,-0.056811899,0.99795014,-0.029455423,0
-1.8108537,-1.6216805,-2.3695967,0.1982629,-0.017638326,-0.97999007,0
1.487726,0.8337518,2.4221146,-0.1982629,0.017638326,0.97999007,0
-1.3102813,-2.5168793,1.769191,-0.1982629,0.017638326,0.97999007,0
-2.1983721,-2.1355577,1.0418489,-0.65945089,-0.74209863,-0.12005757,0
-0.73412144,-0.076753378,1.9501593,-0.1982629,0.017638326,0.97999007,0
-2.9167614,1.17189,1.4031048,-0.1982629,0.017638326,0.97999007,0
-0.06035161,-2.0790713,2.0583506,-0.1982629,0.017638326,0.97999007,0
-1.5199888,2.2685504,-1.5098616,-0.59252042,0.7943033,-0.13416988,0
3.1525693,-0.41941929,-0.78577447,0.96689779,-0.16033153,0.19849998,0
-0.15427354,2.4214082,-2.1728055,0.1982629,-0.017638326,-0.97999007,0
-0.30005252,-2.8744953,2.013382,-0.1982629,0.017638326,0.97999007,0
0.49939859,1.7554362,-1.974918,0.1982629,-0.017638326,-0.97999007,0
-1.3488293,-2.5177383,-1.8874928,-0.55564862,-0.82567418,-0.097552955,0
-2.3879511,0.058672071,-2.582341,0.1982629,-0.017638326,-0.97999007,0
3.3184834,-0.27388906,-1.0149717,0.97364861,-0.11141405,0.19898528,0
0.23039865,2.9476166,-0.8367126,0.038728774,0.99919814,-0.010148883,0
-2.3546846,1.6283115,-1.1284723,-0.81706905,0.54927856,-0.17518842,0
0.7632637,2.1354358,2.0949831,-0.1982629,0.017638326,0.97999007,0
2.7544518,0.8783288,0.68485677,0.93657285,0.29821783,0.18411168,0
-2.7809229,-0.5367738,-1.0293657,-0.96085733,-0.20089141,-0.19077642,0
-1.1883979,2.1147952,-2.367012,0.1982629,-0.017638326,-0.97999007,0
-0.11652362,2.9263344,-1.076616,-0.10699216,0.99347371,-0.03952682,0
-0.40239531,0.90845871,1.9388418,-0.1982629,0.017638326,0.97999007,0
0.071655512,-0.5058918,2.1448395,-0.1982629,0.017638326,0.97999007,0
-2.816303,0.42507926,-1.3917487,-0.97223723,0.12324113,-0.19891259,0
1.9167618,-1.0430357,-1.5456958,0.1982629,-0.017638326,-0.97999007,0
0.94096911,2.5894318,-1.9151814,0.1982629,-0.017638326,-0.97999007,0
0.4442538,-0.94593644,2.1545846,-0.1982629,0.017638326,0.97999007,0
-0.16117498,-1.1722922,2.0776384,-0.1982629,0.017638326,0.97999007,0
1.1462744,-0.37718391,2.3660853,-0.1982629,0.017638326,0.97999007,0
0.90571392,-1.3391795,-1.822364,0.1982629,-0.017638326,-0.97999007,0
-2.9313717,-0.91522992,0.16665727,-0.93947661,-0.28845239,-0.18487488,0
-1.7097468,2.2493165,-1.3366666,-0.64391041,0.75146663,-0.14379561,0
-1.4474766,1.8980134,1.66061,-0.1982629,0.017638326,0.97999007,0
2.6399448,-1.8903952,-1.5614619,0.1982629,-0.017638326,-0.97999007,0
-0.39663544,1.5295525,-2.2264352,0.1982629,-0.017638326,-0.97999007,0
2.6502328,1.3415501,0.95398706,0.89661753,0.40715739,0.17406748,0
1.77359,-1.7302216,2.4746578,-0.1982629,0.017638326,0.97999007,0
-1.3668563,2.6950305,1.7647045,-0.1982629,0.017638326,0.97999007,0
1.0350701,-2.8659551,-0.077235222,0.31999001,-0.94388938,0.081726193,0
-0.37102461,2.7886212,-2.1833336,0.1982629,-0.017638326,-0.97999007,0
-1.8974216,-0.42958987,-2.3211153,0.1982629,-0.017638326,-0.97999007,0
-2.3924758,0.46856654,-2.563976,-0.96213031,0.1873301,-0.19802141,0
-2.6063776,0.972242,-1.7714046,-0.93233609,0.30507311,-0.1941129,0
-3.1952796,-0.54128933,0.86436331,-0.96364367,-0.18622074,-0.19160421,0
0.88702995,-1.7243162,2.3082604,-0.1982629,0.017638326,0.97999007,0
-1.7957115,-0.064659595,1.6580184,-0.1982629,0.017638326,0.97999007,0
2.0978415,1.6933165,1.8292668,0.82686269,0.5398801,0.15756649,0
0.53079343,2.9348693,-0.036221743,0.19423407,0.98071635,0.021644175,0
-2.9467409,-0.88988853,1.4305979,-0.1982629,0.017638326,0.97999007,0
3.1102216,0.39782453,-1.4630353,0.1982629,-0.017638326,-0.97999007,0
-1.5759203,2.5655389,-0.3324132,-0.49827272,0.8591888,-0.1162703,0
-2.1819873,1.3225012,1.4974403,-0.1982629,0.017638326,0.97999007,0
-1.6976278,0.33385205,-2.3154082,0.1982629,-0.017638326,-0.97999007,0
0.17514864,0.90326071,-1.9990832,0.1982629,-0.017638326,-0.97999007,0
-2.5960522,1.2349368,-0.98912644,-0.89836454,0.39656362,-0.18888676,0
1.0804629,0.73404443,2.1693356,-0.1982629,0.017638326,0.97999007,0
-2.6907868,-0.82021856,1.5397663,-0.1982629,0.017638326,0.97999007,0
-0.8779217,-0.36163747,-2.2326894,0.1982629,-0.017638326,-0.97999007,0
0.19725406,0.28759837,2.1381183,-0.1982629,0.017638326,0.97999007,0
0.67235422,2.8389711,1.5613841,0.31774455,0.94699878,0.047238588,0
2.5999093,-1.716531,-0.25152397,0.82058728,-0.54381078,0.17580181,0
-3.1889441,-0.55578315,0.46549451,-0.96223867,-0.1937661,-0.1911841,0
1.3736832,-2.5220263,1.5663278,0.5378626,-0.83388913,0.12382448,0
0.3032465,-3.0147412,0.87765551,0.14479223,-0.98834127,0.047081828,0
2.3834112,1.6696846,0.98438364,0.81616962,0.55660611,0.1551021,0
0.72795439,2.1964097,2.213058,-0.1982629,0.017638326,0.97999007,0
-0.421846,-1.496835,2.0497143,-0.1982629,0.017638326,0.97999007,0
-0.83661366,-2.7398965,-0.89281142,-0.34482926,-0.93717378,-0.052895069,0
-1.1737214,-0.48977482,1.8420641,-0.1982629,0.017638326,0.97999007,0
-1.4827938,-1.1509988,1.7551093,-0.1982629,0.017638326,0.97999007,0
-2.7051148,-1.0838594,-0.33930486,-0.90987682,-0.37507194,-0.17732748,0
1.503125,2.6589353,-0.39728534,0.47537011,0.876104,0.080404013,0
0.65150052,-3.0147262,-0.098432302,0.16423681,-0.98510379,0.050957382,0
2.5096536,-0.25133967,-1.478948,0.1982629,-0.017638326,-0.97999007,0
0.55844831,0.91282892,2.1482515,-0.1982629,0.017638326,0.97999007,0
2.2244918,0.48493922,2.5115592,-0.1982629,0.017638326,0.97999007,0
-1.6668354,-0.95884788,1.6755319,-0.1982629,0.017638326,0.97999007,0
0.84783792,0.85825837,2.2686989,-0.1982629,0.017638326,0.97999007,0
-1.9443198,-1.1849961,1.7466558,-0.1982629,0.017638326,0.97999007,0
-2.8378582,0.84364498,-0.27554274,-0.94125426,0.27543652,-0.19538373,0
1.9959725,-1.6888466,-1.5741487,0.1982629,-0.017638326,-0.97999007,0
-1.1564701,-1.0858133,-2.3019903,0.1982629,-0.017638326,-0.97999007,0
1.3902242,-2.2164094,-1.7902129,0.1982629,-0.017638326,-0.97999007,0
0.20111811,2.1710451,-2.0437295,0.1982629,-0.017638326,-0.97999007,0
1.0158327,-1.8101689,2.3391919,-0.1982629,0.017638326,0.97999007,0
2.0086606,1.9235445,-1.6086826,0.1982629,-0.017638326,-0.97999007,0
-2.135932,2.2790196,1.6135449,-0.1982629,0.017638326,0.97999007,0
2.6093783,0.064275026,-1.6021564,0.1982629,-0.017638326,-0.97999007,0
2.7102144,-1.0854231,0.33752561,0.90322191,-0.38499159,0.18966115,0
2.6178498,-1.6344275,-1.4709883,0.1982629,-0.017638326,-0.97999007,0
-2.3029134,1.0202681,-2.5606132,0.1982629,-0.017638326,-0.97999007,0
2.5949216,1.5751325,0.12242773,0.83633745,0.52441925,0.15976164,0
-2.2394845,-2.0489805,0.20110467,-0.6915431,-0.71106333,-0.12710877,0
-0.77237499,2.5644593,-2.144577,0.1982629,-0.017638326,-0.97999007,0
2.1546469,0.10856652,-1.6006622,0.1982629,-0.017638326,-0.97999007,0
3.2177496,0.76349485,-1.2196006,0.9377079,0.29444352,0.18440922,0
1.7980778,2.4367425,-0.57581323,0.56345177,0.82016772,0.099230707,0
2.2876971,-0.0019433498,2.5318782,-0.1982629,0.017638326,0.97999007,0
-3.0345774,0.79191983,0.38089585,-0.94974363,0.24364541,-0.19652903,0
-0.91606963,2.2714429,-2.3259542,0.1982629,-0.017638326,-0.97999007,0
-0.045279622,-2.7041101,2.0692811,-0.1982629,0.017638326,0.97999007,0
0.81560135,2.9637766,-0.91121256,0.17649734,0.98413652,0.017994344,0
0.75721896,-0.19457507,2.2860684,-0.1982629,0.017638326,0.97999007,0
-0.045822501,-2.9892077,0.88880444,0.056178957,-0.99798983,0.029327989,0
-0.50977755,-1.3408685,-2.1469424,0.1982629,-0.017638326,-0.97999007,0
-0.35942492,1.5342512,-2.1531885,0.1982629,-0.017638326,-0.97999007,0
0.35960665,-0.29968858,-2.0327985,0.1982629,-0.017638326,-0.97999007,0
-2.7088146,1.7503448,0.95166922,-0.78993392,0.58903575,-0.17041433,0
0.93470061,2.9275556,-1.6215273,0.1639021,0.9863562,0.015406251,0
2.1465602,1.9824421,0.95829946,0.75732315,0.63747203,0.14174134,0
0.41627121,-2.9350412,1.859524,0.27034646,-0.96006888,0.071974039,0
2.0938363,2.0849423,0.25552016,0.71517205,0.68630624,0.13233474,0
0.91351604,-2.9158199,0.40483451,0.32182443,-0.94323426,0.08208555,0
-1.2891209,2.6920595,-0.66039133,-0.4635148,0.8792848,-0.10960013,0
0.52086055,-3.0060973,-1.5957072,0.08374247,-0.99587721,0.034866333,0
-1.261174,-2.9036493,0.90640599,-0.33647901,-0.94030076,-0.051149368,0
0.6714282,2.8416002,0.037552595,0.20796639,0.97782958,0.024474382,0
-0.30867934,-2.5617752,-2.0844841,0.1982629,-0.017638326,-0.97999007,0
-0.058873754,-1.2846904,2.1137631,-0.1982629,0.017638326,0.97999007,0
-0.32195449,-3.0649519,0.40936422,-0.063303351,-0.99798095,0.0051553249,0
0.88650268,-2.8103101,0.8665309,0.34034029,-0.93638796,0.08570832,0
0.085612655,2.895905,-1.2834371,-0.039076507,0.99890089,-0.02588439,0
-1.0073463,0.36786973,-2.1980207,0.1982629,-0.017638326,-0.97999007,0
-1.408772,-2.2333384,-2.2932181,0.1982629,-0.017638326,-0.97999007,0
2.5469899,-1.2925963,-1.4990451,0.1982629,-0.017638326,-0.97999007,0
-2.5515001,1.3867993,-0.62109423,-0.84929138,0.49601799,-0.18074876,0
2.6757922,-0.98327374,0.78933656,0.91447318,-0.35650402,0.19142473,0
0.77380896,2.237114,2.1415367,-0.1982629,0.017638326,0.97999007,0
-2.3137038,-2.1293147,0.60467309,-0.66689765,-0.73514545,-0.12168927,0
-2.3149223,-0.15471292,1.5263056,-0.1982629,0.017638326,0.97999007,0
1.552932,-2.5499394,-0.024034977,0.52369142,-0.84325296,0.121126,0
1.3507133,-2.047019,2.3113766,-0.1982629,0.017638326,0.97999007,0
-2.4724431,1.4850638,-1.0476761,-0.85149509,0.49208736,-0.18112385,0
-2.4796789,-1.7186136,0.27452752,-0.7777257,-0.61133242,-0.14633948,0
3.16605,-0.52903628,-1.3777306,0.1982629,-0.017638326,-0.97999007,0
0.22964978,-2.9070356,0.1656642,0.093405783,-0.99494761,0.036804676,0
-1.4455285,-2.5478158,-0.76412642,-0.54440653,-0.83340859,-0.095139354,0
-2.4404578,1.5925438,-0.17239499,-0.81536496,0.55189955,-0.17489082,0
1.8065747,1.9832561,-1.7686465,0.1982629,-0.017638326,-0.97999007,0
0.52021039,-0.19751108,2.1545596,-0.1982629,0.017638326,0.97999007,0
2.227325,-2.1749346,-1.0428114,0.67083144,-0.72652984,0.14879316,0
2.4510255,-1.0860496,-1.4624944,0.1982629,-0.017638326,-0.97999007,0
-1.9801756,1.8833227,-2.196279,-0.78202474,0.59989405,-0.16900963,0
-2.3831763,-1.4948938,-0.89661908,-0.83789408,-0.52181745,-0.16012338,0
-2.2480459,-1.500549,1.5269088,-0.1982629,0.017638326,0.97999007,0
-0.90495372,2.7630501,-1.2581639,-0.34059358,0.93629134,-0.085757792,0
0.31375989,0.63431466,-2.0622656,0.1982629,-0.017638326,-0.97999007,0
-0.10059822,-2.0843563,1.9821249,-0.1982629,0.017638326,0.97999007,0
-2.746918,1.7760746,1.3088748,-0.80473459,0.5678587,-0.17302746,0
-0.0048425794,-0.41576946,1.993665,-0.1982629,0.017638326,0.97999007,0
-1.9001572,-2.3320332,-0.40699208,-0.61051017,-0.78441691,-0.10939464,0
-2.2759833,2.0366123,1.6394265,-0.1982629,0.017638326,0.97999007,0
1.2080343,-0.14937735,-1.8784908,0.1982629,-0.017638326,-0.97999007,0
-0.55461955,0.0010163784,-2.1730828,0.1982629,-0.017638326,-0.97999007,0
1.6562912,-1.506496,-1.7370361,0.1982629,-0.017638326,-0.97999007,0
-0.33529913,-0.58918214,-2.1396368,0.1982629,-0.017638326,-0.97999007,0
-0.22734118,-2.5637665,1.9642618,-0.1982629,0.017638326,0.97999007,0
2.0291381,-2.1079674,0.78247929,0.71798426,-0.67801547,0.15745944,0
-0.54864931,3.0148416,1.6985884,-0.048494965,0.99843693,-0.027781487,0
-1.156888,-2.6685023,0.23196185,-0.38089931,-0.922638,-0.060454011,0
-3.1582315,-0.15819168,0.98506629,-0.97829801,-0.064974248,-0.19675121,0
2.6025395,1.7980459,-0.43755886,0.79393661,0.58920228,0.15001743,0
0.74550825,-1.2700027,2.1489377,-0.1982629,0.017638326,0.97999007,0
-2.4378674,1.9704455,0.11317062,-0.74773085,0.64371961,-0.16286033,0
1.9681327,-1.6125984,-1.7112489,0.1982629,-0.017638326,-0.97999007,0
-2.3832369,1.500765,-1.5595438,-0.84733063,0.49948096,-0.18041444,0
-3.1582105,-0.57866919,0.53795576,-0.96631193,-0.17092642,-0.19241925,0
-2.184253,-2.377821,1.2096922,-0.59362715,-0.79776293,-0.10573879,0
2.5867972,1.4739878,0.42127353,0.84072554,0.51703894,0.16078219,0
1.4221679,-2.6104341,-0.071715117,0.43846112,-0.89262241,0.10477149,0
-2.0728216,-1.270752,1.734901,-0.1982629,0.017638326,0.97999007,0
-3.1626291,-0.54282355,1.2224058,-0.95420772,-0.23198017,-0.18887158,0
2.6653047,0.64502102,1.3679938,0.95842856,0.21280849,0.1900706,0
-0.88846815,-2.5049717,1.9482961,-0.1982629,0.017638326,0.97999007,0
2.1938281,0.59725153,2.3810349,-0.1982629,0.017638326,0.97999007,0
2.71101,-0.78942466,1.355342,0.94573772,-0.25916159,0.19599783,0
2.9413509,-0.67136359,0.45597553,0.95275354,-0.23126787,0.19691521,0
-2.090872,-0.036659718,1.5312375,-0.1982629,0.017638326,0.97999007,0
-2.6258636,0.1474992,-2.2636836,-0.97496301,0.099164933,-0.19903073,0
-2.0176728,0.7581653,-2.4166451,0.1982629,-0.017638326,-0.97999007,0
-3.2864137,-0.31701946,1.336405,-0.1982629,0.017638326,0.97999007,0
-0.6221447,2.8861594,0.60506964,-0.15379411,0.98689324,-0.048876882,0
-2.1512995,-2.4038854,1.6324565,-0.57128912,-0.81452072,-0.10091794,0
-0.083801746,-0.59775329,-1.9473766,0.1982629,-0.017638326,-0.97999007,0
-2.8392191,-0.6834479,-0.60726374,-0.95377249,-0.23386213,-0.18874961,0
-0.90887344,2.6829138,1.7076602,-0.1982629,0.017638326,0.97999007,0
-0.80193734,-2.8968074,0.38372278,-0.2063182,-0.9781872,-0.024134517,0
-2.5064301,1.1519527,-2.0350318,-0.90421963,0.38256404,-0.18981934,0
0.34319925,2.3070726,2.1690421,-0.1982629,0.017638326,0.97999007,0
1.6775975,-1.1800318,-1.7241689,0.1982629,-0.017638326,-0.97999007,0
-0.90796679,-0.53530681,1.9452343,-0.1982629,0.017638326,0.97999007,0
-0.44329417,-1.1724122,1.8869863,-0.1982629,0.017638326,0.97999007,0
-0.88843894,-2.9121211,0.45426822,-0.28876203,-0.9565137,-0.041203916,0
2.3230281,0.55543828,-1.6095133,0.1982629,-0.017638326,-0.97999007,0
1.8260343,1.3142782,2.4870918,-0.1982629,0.017638326,0.97999007,0
-0.79286814,2.4166069,-2.2686985,0.1982629,-0.017638326,-0.97999007,0
-2.6908765,0.36745873,-1.3433461,-0.96820056,0.15211597,-0.19861567,0
-0.67851144,-1.5682709,2.0072169,-0.1982629,0.017638326,0.97999007,0
1.3435502,-2.7904496,-0.32396936,0.42416632,-0.89982051,0.10200906,0
2.9076443,0.37831235,0.38452923,0.97358578,0.1190542,0.19482446,0
-2.2503793,-1.7028233,-1.8976295,-0.83352566,-0.52907377,-0.159109,0
0.021636993,1.796982,-2.0699179,0.1982629,-0.017638326,-0.97999007,0
-0.68046999,-2.8049359,-1.5924641,-0.30837011,-0.95018786,-0.045284688,0
1.4146518,-0.90406185,2.3803201,-0.1982629,0.017638326,0.97999007,0
1.0844986,0.88882816,-1.8967724,0.1982629,-0.017638326,-0.97999007,0
-0.20225728,-2.9836898,0.24175072,-0.037905455,-0.99922806,0.010315955,0
0.62864256,2.9358804,0.8467958,0.29612362,0.954193,0.042734981,0
0.5326972,1.6387011,2.1241596,-0.1982629,0.017638326,0.97999007,0
-0.9495874,-0.52373004,1.8099791,-0.1982629,0.017638326,0.97999007,0
-1.2617679,2.5891097,-1.7637111,-0.49467415,0.86135846,-0.11558139,0
-2.0175676,0.73894382,1.6005557,-0.1982629,0.017638326,0.97999007,0
0.70002151,0.5119077,2.1326203,-0.1982629,0.017638326,0.97999007,0
0.56791854,2.9010956,0.85734963,0.20335841,0.97882158,0.023524284,0
0.13029718,3.0355182,1.2685993,0.13396662,0.99094248,0.0092673898,0
-1.1732061,0.98691761,-2.3734417,0.1982629,-0.017638326,-0.97999007,0
-0.35929942,-3.0153553,-0.70837879,-0.19203496,-0.98115921,-0.021191359,0
-2.3225641,-1.5988189,-2.0131092,-0.85795748,-0.48656344,-0.16481692,0
-1.5170726,0.41389978,-2.3005147,0.1982629,-0.017638326,-0.97999007,0
-0.15853631,-0.16904902,-2.0984626,0.1982629,-0.017638326,-0.97999007,0
-1.5617218,-2.4979334,-1.4300948,-0.59808731,-0.79429573,-0.10670355,0
-2.3570762,0.61454666,-2.538795,0.1982629,-0.017638326,-0.97999007,0
-1.8941097,-2.1100538,-1.1962502,-0.69839823,-0.70405698,-0.12862176,0
1.8575237,2.3847404,0.16754103,0.58743966,0.80250514,0.10440168,0
0.86086982,-2.6786807,1.3880215,0.34861529,-0.93318892,0.087324858,0
-1.3471774,-0.45691097,1.7053281,-0.1982629,0.017638326,0.97999007,0
-0.26396945,-1.2753923,2.1110091,-0.1982629,0.017638326,0.97999007,0
2.4733863,1.4966203,-1.588717,0.1982629,-0.017638326,-0.97999007,0
3.1262844,-0.23786092,-0.69762361,0.97581363,-0.090380579,0.19904476,0
0.27347207,2.5007536,-2.0890377,0.1982629,-0.017638326,-0.97999007,0
-1.1321719,2.8223763,1.052294,-0.28221405,0.95646912,-0.074310184,0
1.3935559,2.7287436,0.50914252,0.47394043,0.8769061,0.080100387,0
-1.8163204,-1.6445558,-2.3698623,0.1982629,-0.017638326,-0.97999007,0
-1.3699412,0.32177901,1.8102036,-0.1982629,0.017638326,0.97999007,0
1.8792126,1.9747233,-1.5987411,0.1982629,-0.017638326,-0.97999007,0
3.0860875,0.84833276,-1.0154581,0.93830532,0.2924349,0.18456623,0
1.8325541,-0.64776158,2.3910768,-0.1982629,0.017638326,0.97999007,0
-2.615576,-0.49697047,-1.635761,-0.97084779,-0.14094742,-0.1938765,0
0.13383853,1.244035,-2.0762413,0.1982629,-0.017638326,-0.97999007,0
0.87541646,-3.0353122,-1.2394192,0.17307693,-0.98349637,0.052716911,0
1.1452887,-2.8320735,-1.8526962,0.1982629,-0.017638326,-0.97999007,0
-2.0342331,2.1513779,1.5093868,-0.1982629,0.017638326,0.97999007,0
-2.4596083,-2.1415744,1.0862411,-0.7143507,-0.68719608,-0.13215259,0
0.38352722,-2.2028844,2.0914454,-0.1982629,0.017638326,0.97999007,0
1.5145772,2.7190773,-1.0001476,0.421148,0.904369,0.06892556,0
-2.7474174,-1.2593851,1.4923583,-0.1982629,0.017638326,0.97999007,0
-1.3353097,-2.5338764,-1.8344581,-0.52952695,-0.84329474,-0.091951132,0
-1.2251179,2.6712356,-0.35002637,-0.44485068,0.88930917,-0.1060046,0
-0.44472444,-0.92332172,-2.1191614,0.1982629,-0.017638326,-0.97999007,0
-0.56110919,2.9382887,0.96399975,-0.096506715,0.99462831,-0.037426293,0
2.9486961,0.35090446,0.22343266,0.97630632,0.091999829,0.19586176,0
-0.77226734,-2.7740688,1.8643897,-0.1982629,0.017638326,0.97999007,0
0.066807985,0.27001572,-2.0958903,0.1982629,-0.017638326,-0.97999007,0
2.865551,0.50040197,0.89225173,0.96675098,0.16826937,0.19255592,0
-0.11959732,-3.0365868,1.2876058,0.053827137,-0.99813312,0.028854847,0
3.081388,-0.18066752,0.2363801,0.97932041,-0.037532419,0.19880298,0
-2.6189737,1.88887,0.96577764,-0.76436949,0.62308192,-0.16585511,0
-3.053092,0.60360348,0.62582111,-0.95667905,0.21400683,-0.19739866,0
1.0554787,-2.8848786,0.28631043,0.32028267,-0.94378513,0.081783473,0
0.76654041,-1.2608413,2.2481637,-0.1982629,0.017638326,0.97999007,0
0.017004251,-0.44420898,2.0618844,-0.1982629,0.017638326,0.97999007,0
-1.5162034,-2.1743302,1.8727107,-0.1982629,0.017638326,0.97999007,0
2.1234822,-2.0353892,-1.6064925,0.1982629,-0.017638326,-0.97999007,0
-2.6412821,-0.79244798,-1.4224126,-0.94096005,-0.28331912,-0.1852674,0
-0.94286132,-2.8061137,-0.58592355,-0.33369821,-0.94132257,-0.050568402,0
2.6079137,0.24701434,2.1668081,0.9786979,0.057941899,0.19695869,0
-0.71118319,-0.55167413,-2.2047832,0.1982629,-0.017638326,-0.97999007,0
-0.65909564,0.045666218,1.8702171,-0.1982629,0.017638326,0.97999007,0
-0.17537445,2.9139967,-1.0753397,-0.11622581,0.99236053,-0.041374862,0
0.72065282,-2.9905388,-1.7500446,0.097175628,-0.99455822,0.037560344,0
1.4459246,-2.2260978,2.2649179,0.6319319,-0.76198572,0.14156157,0
-0.96618992,2.7587788,-1.8034306,-0.40502787,0.90900439,-0.098302484,0
-1.4516966,2.4212284,-1.5970066,-0.58789766,0.79787695,-0.13329887,0
0.095280111,-0.98473591,2.1195736,-0.1982629,0.017638326,0.97999007,0
-0.67003679,-1.5082388,1.9579306,-0.1982629,0.017638326,0.97999007,0
2.0061469,2.1983514,-0.32574135,0.64560556,0.75465029,0.11703059,0
-2.1742029,-2.0499651,1.7231567,-0.1982629,0.017638326,0.97999007,0
-0.50739741,1.7994787,1.9038088,-0.1982629,0.017638326,0.97999007,0
-0.11533153,0.34233856,2.0768683,-0.1982629,0.017638326,0.97999007,0
-0.99313807,-2.6998427,-1.1293733,-0.3888486,-0.91920471,-0.062124014,0
-2.1692059,-1.8871994,-0.48724589,-0.75048053,-0.64584905,-0.14020625,0
1.4751087,-0.87916946,2.4323997,-0.1982629,0.017638326,0.97999007,0
-0.50996983,0.85355198,-2.2515893,0.1982629,-0.017638326,-0.97999007,0
-1.256165,2.1826942,-2.4216325,0.1982629,-0.017638326,-0.97999007,0
3.1856947,0.1296339,-0.97229481,0.97989672,0.026238993,0.19777182,0
2.9638202,0.13783938,0.41320515,0.97894228,0.053154722,0.19709423,0
-1.0241604,1.3020377,1.8257527,-0.1982629,0.017638326,0.97999007,0
1.452471,0.67396164,2.2990446,-0.1982629,0.017638326,0.97999007,0
1.3012733,1.4705257,2.2776585,-0.1982629,0.017638326,0.97999007,0
-1.039943,-1.2336253,-2.2140477,0.1982629,-0.017638326,-0.97999007,0
3.1312327,0.22997427,-0.84491444,0.97746551,0.077489644,0.19635752,0
2.5112646,-0.20051926,2.3178401,0.97866207,-0.051485449,0.19892099,0
-2.4535782,-1.0127716,-1.673427,-0.92317438,-0.33927882,-0.18066193,0
-3.185452,0.72798538,1.0898795,-0.95467323,0.22299989,-0.1971547,0
1.0499787,2.8360171,-0.21356452,0.36224014,0.9303683,0.056539953,0
-1.5188644,-2.6550453,0.87955445,-0.41471672,-0.90743828,-0.067569256,0
-0.00085508823,-2.9320419,0.87252533,0.029126287,-0.99929035,0.023878396,0
0.79514128,-1.3821877,2.2762594,-0.1982629,0.017638326,0.97999007,0
-0.94178152,-2.6837924,-2.1512022,-0.46913207,-0.87958014,-0.079079449,0
1.47094,0.38750494,-1.7055771,0.1982629,-0.017638326,-0.97999007,0
-0.39202887,2.8499258,-0.53248024,-0.13740891,0.98946381,-0.045608282,0
-1.2015653,1.5251589,1.7869465,-0.1982629,0.017638326,0.97999007,0
-0.81717515,-2.8740869,0.0012791157,-0.25352174,-0.96673572,-0.033890486,0
-1.6646781,-1.3526071,-2.2893283,0.1982629,-0.017638326,-0.97999007,0
0.028327703,-2.1393375,-2.0142803,0.1982629,-0.017638326,-0.97999007,0
-1.5608405,-1.6593418,1.823257,-0.1982629,0.017638326,0.97999007,0
-1.415635,0.35812926,-2.3488631,0.1982629,-0.017638326,-0.97999007,0
1.1998237,-1.2157476,-1.8715309,0.1982629,-0.017638326,-0.97999007,0
-0.77039146,-1.2965108,-2.0726202,0.1982629,-0.017638326,-0.97999007,0
-1.2872701,-2.7277,1.518126,-0.34499401,-0.93711114,-0.052929461,0
-0.88052607,0.5197444,-2.1266484,0.1982629,-0.017638326,-0.97999007,0
-0.20779562,2.9112163,-0.94977736,-0.12938055,0.99061799,-0.044004917,0
1.320992,2.9216762,-1.3777678,0.32490408,0.94449043,0.048732221,0
0.049394369,-0.30382824,2.0888481,-0.1982629,0.017638326,0.97999007,0
-1.5140159,-0.39301646,1.7466314,-0.1982629,0.017638326,0.97999007,0
1.0678095,2.0723736,-1.9061201,0.1982629,-0.017638326,-0.97999007,0
1.4830509,-1.0930099,2.3721745,-0.1982629,0.017638326,0.97999007,0
2.2470927,1.245059,-1.5254048,0.1982629,-0.017638326,-0.97999007,0
1.006752,-2.690938,1.923275,0.43914235,-0.892272,0.1049031,0
2.0051248,-2.0774374,1.0844038,0.68372804,-0.71390611,0.15117514,0
1.1368165,2.3484638,-1.8059723,0.1982629,-0.017638326,-0.97999007,0
0.69763541,-0.77031159,2.2689371,-0.1982629,0.017638326,0.97999007,0
-0.78166759,1.8647122,1.912495,-0.1982629,0.017638326,0.97999007,0
-2.5196438,-0.99471253,-1.5974832,-0.92949122,-0.32065788,-0.18227507,0
2.3404574,0.58358276,-1.4834977,0.1982629,-0.017638326,-0.97999007,0
-2.9562361,0.63314927,-0.1622107,-0.95046985,0.24071969,-0.19662333,0
-1.9411222,2.1608961,1.6587231,-0.1982629,0.017638326,0.97999007,0
-3.1783628,0.43560529,1.3309592,-0.1982629,0.017638326,0.97999007,0
-1.3456459,-1.029729,-2.2603629,0.1982629,-0.017638326,-0.97999007,0
-3.2369523,-0.64933681,1.3087404,-0.95109069,-0.24511339,-0.18800458,0
2.6441991,1.8762517,-1.4973353,0.1982629,-0.017638326,-0.97999007,0
0.39406848,-3.1122551,-1.5532801,0.012379467,-0.99971312,0.020497918,0
-0.68272686,2.9561145,1.368839,-0.15294707,0.98703319,-0.048708081,0
-0.51795292,-2.1413937,-2.0233009,0.1982629,-0.017638326,-0.97999007,0
0.12914741,3.0249159,-0.67813098,0.032331407,0.99941158,-0.011447012,0
-1.3697038,-1.3080494,1.8013208,-0.1982629,0.017638326,0.97999007,0
2.0894744,-2.1294971,0.77456832,0.72088253,-0.67480963,0.15798825,0
0.50358075,1.4428587,-2.0401206,0.1982629,-0.017638326,-0.97999007,0
1.9569881,2.3798385,-1.2058262,0.5841037,0.80502975,0.1036813,0
1.9344752,-0.049384475,2.4385257,-0.1982629,0.017638326,0.97999007,0
-2.031415,1.03422,-2.4502449,0.1982629,-0.017638326,-0.97999007,0
3.1561799,-0.22660637,-0.050037742,0.97770047,-0.067065358,0.19900683,0
0.020622492,2.9643278,-1.4909765,-0.056894928,0.99794495,-0.029472113,0
-0.85923451,2.6573243,-1.9520004,-0.41907182,0.90231532,-0.10102338,0
0.013724595,-1.0343189,1.9742279,-0.1982629,0.017638326,0.97999007,0
-1.5250063,-2.6978986,-0.068958282,-0.48080897,-0.87302375,-0.081559837,0
-0.17974997,-2.9642997,-1.4263909,-0.12168014,-0.99254644,-0.0067528486,0
0.81653309,0.66647637,-1.8927218,0.1982629,-0.017638326,-0.97999007,0
-1.8276083,-2.1613111,-1.274194,-0.69935834,-0.70306432,-0.12883385,0
-0.021456003,2.9485269,1.4497473,0.085955739,0.99629867,-0.00054216385,0
-1.0264298,3.018115,1.6878109,-0.19213451,0.9797405,-0.056504905,0
1.2180545,0.85305488,-1.7115016,0.1982629,-0.017638326,-0.97999007,0
-2.9046857,-0.87803602,0.063781321,-0.93073213,-0.31685439,-0.18259458,0
-1.3574958,2.6167212,-1.2248147,-0.49915344,0.8586545,-0.11643893,0
-0.45906222,2.8494422,-1.0838381,-0.18904865,0.98037571,-0.05589205,0
3.1159029,-0.76511741,-1.400269,0.1982629,-0.017638326,-0.97999007,0
2.6361589,1.0917628,1.5141401,0.92883641,0.32264519,0.18210682,0
1.0987345,2.7154269,-1.7925087,0.1982629,-0.017638326,-0.97999007,0
2.8038511,0.27298337,0.76130384,0.97475928,0.10825451,0.19525626,0
2.6326616,-0.72796297,-1.5170161,0.1982629,-0.017638326,-0.97999007,0
-2.3330176,-2.338151,1.5484881,-0.63617736,-0.76292789,-0.11497417,0
2.6602938,-0.87109882,0.98497427,0.92681003,-0.32196027,0.19329888,0
1.2372978,0.69266188,-1.8727405,0.1982629,-0.017638326,-0.97999007,0
-0.68432117,-2.8883183,-1.3381718,-0.33369958,-0.94132209,-0.050568759,0
0.3890965,2.7335124,2.0707164,-0.1982629,0.017638326,0.97999007,0
2.3067822,0.61866605,-1.5195398,0.1982629,-0.017638326,-0.97999007,0
1.554863,-2.7378278,-0.913239,0.42839152,-0.89772344,0.10282612,0
-2.4987326,1.371878,-1.3529477,-0.86122549,0.47422063,-0.18277085,0
-1.1690727,-2.4320323,1.9290452,-0.1982629,0.017638326,0.97999007,0
0.53750277,2.927568,-0.32054794,0.16415048,0.98631406,0.015457153,0
-2.6129632,-1.1721643,-1.1522735,-0.91501462,-0.36172825,-0.17860711,0
-1.3402051,2.4732561,-2.2895546,0.1982629,-0.017638326,-0.97999007,0
-2.9662812,-0.52540189,-0.33237982,-0.96914065,-0.1529558,-0.193315,0
1.2667325,0.60770512,2.3016002,-0.1982629,0.017638326,0.97999007,0
1.7999086,-2.4097297,0.62148929,0.58373106,-0.80106068,0.13251323,0
-0.41193876,2.9072824,-1.5610205,-0.21492767,0.97472143,-0.061025858,0
0.87128115,2.7907233,1.474569,0.34156728,0.93840581,0.052212894,0
-1.2056072,-2.6697912,0.12635171,-0.38265204,-0.92188823,-0.060822129,0
3.2368932,0.9309814,-1.3939428,0.93713826,0.29634449,0.18425974,0
2.1824305,2.2205865,-1.026643,0.65559733,0.74564058,0.11921421,0
-2.3329873,1.7872217,-1.2842155,-0.7966525,0.57956624,-0.17160308,0
-1.6218874,1.1050978,1.6140175,-0.1982629,0.017638326,0.97999007,0
2.0252044,2.4864686,-1.7194424,0.1982629,-0.017638326,-0.97999007,0
-2.3122747,-0.35000384,-2.4289067,0.1982629,-0.017638326,-0.97999007,0
0.28797615,-2.9864426,1.4367883,0.19855674,-0.97838461,0.057779789,0
-0.63451743,-2.236814,-2.078886,0.1982629,-0.017638326,-0.97999007,0
0.94458622,-2.9838471,-0.68944573,0.25675717,-0.96398848,0.069295228,0
2.8484845,1.656597,-1.4186356,0.1982629,-0.017638326,-0.97999007,0
-1.9510541,-1.9499671,-2.2621298,-0.77721012,-0.61201549,-0.14622292,0
0.69938731,2.789587,1.5168157,0.34752142,0.9361468,0.053458095,0
1.80233,0.47453856,2.3989584,-0.1982629,0.017638326,0.97999007,0
