-6.035449,-3.9361627,3.1148801,-0.76884705,-0.50142199,0.39680001,0
7.6625366,-1.0082288,-1.3753198,0.97611934,-0.12843679,-0.17519999,0
-0.31337106,0.94011319,7.7872,-0.039919879,0.11975964,0.99199998,0
-1.1218902,-5.6094503,-5.3756795,-0.14291595,-0.71457964,-0.68479997,0
-0.99691904,-6.9784331,-3.4540009,-0.12699606,-0.8889724,-0.44000012,0
6.4125509,0,4.5278792,0.81688547,0,0.57679993,0
-5.2376852,-4.9758015,3.0709202,-0.66722107,-0.63386005,0.39120004,0
7.1269007,3.0883236,1.1366796,0.90788543,0.39341703,0.14479996,0
-3.6891885,4.8243241,4.9737597,-0.46996033,0.61456358,0.63359994,0
-0.53582817,-6.9657626,3.5796003,-0.068258367,-0.88735831,0.45600006,0
7.4608908,2.0164573,-1.3753206,0.95043194,0.25687355,-0.17520007,0
5.8737307,-3.752661,-3.6110003,0.74824595,-0.478046,-0.46000004,0
0,-7.8446827,-0.28888065,0,-0.99932265,-0.036800083,0
-6.9705458,2.3235152,-2.7631991,-0.88796765,0.29598919,-0.35199988,0
-0.80459994,-5.2873716,-5.7462006,-0.10249681,-0.67355055,-0.73200005,0
-7.2967005,-2.4322333,1.5699996,-0.92951602,-0.30983865,0.19999994,0
-7.6625366,-1.0082288,-1.3753198,-0.97611934,-0.12843679,-0.17519999,0
-2.4468482,-2.4468482,7.0461597,-0.3117004,-0.3117004,0.8976,0
-3.058934,-5.6808772,-4.4713593,-0.38967311,-0.72367865,-0.56959993,0
-5.4386392,-4.07898,3.9250002,-0.69282031,-0.51961529,0.50000006,0
1.2461491,7.4768934,2.0409994,0.15874511,0.95247054,0.25999993,0
-5.5735621,-1.944266,-5.1747203,-0.71000791,-0.24767719,-0.65920007,0
5.3889875,-0.7029115,-5.6645589,0.68649524,-0.089542866,-0.72159988,0
1.5507281,-1.8608733,7.4669199,0.19754498,-0.23705393,0.95120001,0
-7.3837419,-1.9689981,1.7960794,-0.94060409,-0.25082779,0.22879992,0
6.0354495,-3.9361625,3.1148794,0.76884711,-0.50142199,0.39679992,0
5.6808777,3.058934,-4.4713588,0.72367871,0.38967311,-0.56959987,0
-6.1547141,-4.2896495,-2.311039,-0.78404003,-0.54645216,-0.29439989,0
2.7055106,1.8938574,-7.1215177,0.34465104,0.24125572,-0.90719974,0
-4.991529,-1.4680972,5.8780804,-0.6358636,-0.18701875,0.74880004,0
2.7329035,-2.7329042,6.8326402,0.34814057,-0.34814066,0.87040001,0
-3.7465553,-4.3229489,5.37568,-0.47726819,-0.55069417,0.68480003,0
0.30989081,2.4791284,7.4418001,0.039476536,0.31581253,0.94800001,0
-1.9898781,-4.2782383,-6.2737198,-0.25348765,-0.54499853,-0.7992,0
-7.7818551,0.23581357,1.0048007,-0.99131912,0.030039946,0.12800008,0
7.1050506,2.6883972,-1.9782,0.90510201,0.34247097,-0.252,0
6.3588839,-3.1794419,3.3283997,0.81004894,-0.40502447,0.42399997,0
-5.1892838,4.4030285,-3.9124382,-0.66105527,0.56089538,-0.49839976,0
6.0354495,3.9361618,3.1148798,0.76884711,0.50142187,0.39679998,0
6.6425061,3.3212531,2.5434003,0.84617919,0.42308959,0.32400006,0
-2.1114531,3.6196344,6.63796,-0.2689749,0.46109992,0.84560001,0
3.0662875,1.2265153,7.1215196,0.39060989,0.15624399,0.90719998,0
0.83726799,7.0330501,-3.3849208,0.10665835,0.89592993,-0.43120012,0
1.7131282,6.5410347,-3.9878011,0.2182329,0.83325285,-0.50800014,0
-3.3043067,-5.7074389,-4.2578397,-0.4209308,-0.72706228,-0.54239994,0
4.4875426,-6.3233547,-1.2246009,0.57166147,-0.80552292,-0.15600012,0
2.2733514,7.4400587,-1.0487609,0.28959891,0.94777817,-0.13360012,0
-7.3505917,-0.35856566,-2.7317998,-0.9363811,-0.045677155,-0.34799999,0
-0.0036053425,-0.0010515582,-7.849999,-0.00045927931,-0.00013395646,-0.99999988,0
-2.1776304,-7.0772982,-2.6061993,-0.27740514,-0.90156668,-0.3319999,0
-5.0003276,-0.21278001,-6.0476398,-0.63698441,-0.027105734,-0.77039999,0
1.7312649,-7.4197078,1.8902795,0.22054331,-0.94518572,0.24079995,0
4.6256285,5.2864327,-3.5042386,0.58925205,0.67343092,-0.44639984,0
-1.7923651,-5.9285927,-4.8230405,-0.22832675,-0.75523472,-0.61440003,0
-1.2217791,7.5750284,1.6579198,-0.15564065,0.96497178,0.21119997,0
-7.3075299,1.7638862,2.2607992,-0.93089557,0.22469889,0.2879999,0
4.9564085,3.4828813,-4.9926,0.63138962,0.44367915,-0.63599998,0
0,-0.31393689,7.84372,0,-0.03999196,0.99919999,0
-6.5263677,-4.3509111,-0.31400016,-0.83138442,-0.5542562,-0.040000021,0
-5.2268085,3.5316274,-4.6723204,-0.6658355,0.44988886,-0.59520006,0
-2.1526752,7.5343642,-0.47100097,-0.27422613,0.95979166,-0.060000125,0
-6.9042535,1.5932894,3.3786402,-0.87952274,0.20296681,0.43040001,0
-1.8320386,-3.0533974,6.9959202,-0.23338072,-0.38896784,0.89120001,0
7.4982257,-0.56236696,-2.2545187,0.95518798,-0.071639106,-0.28719985,0
-6.4139066,4.4897342,-0.57147986,-0.81705815,0.57194066,-0.072799981,0
7.5913954,1.6606176,1.1115603,0.96705675,0.21154365,0.14160004,0
-4.4565878,6.4620533,0.056519516,-0.56771821,0.82319152,0.0071999384,0
7.5318127,0.18829514,-2.2042787,0.95946658,0.023986643,-0.28079984,0
-3.2110581,6.9161243,1.8651611,-0.40905198,0.88103497,0.23760013,0
3.1013911,3.9569471,-6.028801,0.39508167,0.50406969,-0.76800013,0
5.387929,-2.8357518,4.9549203,0.68636036,-0.36124226,0.63120002,0
2.3494923,-4.0137157,-6.3239598,0.29929838,-0.5113014,-0.80559999,0
5.201417,-5.3871827,-2.3549998,0.66260087,-0.68626535,-0.29999998,0
0.5434292,-2.1737165,-7.5234394,0.069226652,-0.27690658,-0.95839995,0
4.2049513,-5.2951241,-3.9877994,0.53566259,-0.67453808,-0.50799996,0
6.1656036,4.726963,-1.124121,0.78542721,0.60216093,-0.14320013,0
-5.2704844,2.5709679,-5.2186794,-0.6713993,0.32751185,-0.66479993,0
-7.5336447,-0.25112125,2.1917195,-0.95969999,-0.031989969,0.27919996,0
5.6170025,-2.8085012,4.7100005,0.71554172,-0.35777086,0.60000008,0
6.1972117,0.56338227,4.7853594,0.78945374,0.07176844,0.60959995,0
0,-4.220161,-6.6191192,0,-0.5376001,-0.84319991,0
7.5036907,-2.2738457,0.38308075,0.95588416,-0.28966188,0.048800096,0
-3.594883,3.8195629,-5.8403983,-0.45794687,0.48656854,-0.74399978,0
2.765439,-1.5363559,7.18432,0.35228524,-0.19571413,0.9152,0
6.2616358,-4.0516467,-2.4491987,0.79766059,-0.51613337,-0.31199983,0
-2.0720575,-6.906858,-3.1023204,-0.26395637,-0.8798545,-0.39520007,0
6.26823,2.8930295,-3.7365994,0.79850066,0.3685388,-0.47599992,0
-0.57223779,-1.3854178,-7.7055602,-0.072896533,-0.17648634,-0.98160005,0
5.6170025,2.808502,4.71,0.71554172,0.35777095,0.60000002,0
-7.5360003,0,2.1979995,-0.96000004,0,0.27999994,0
-4.491539,-5.5483723,3.2656,-0.57217056,-0.70679903,0.41600001,0
6.3864698,1.110691,4.4273992,0.81356311,0.1414893,0.56399995,0
-5.454895,-2.0096979,5.2751999,-0.6948911,-0.25601247,0.67199999,0
-1.2456579,1.5570731,7.5925198,-0.15868254,0.19835326,0.96719998,0
-0.36483514,5.5941381,-5.4949989,-0.046475817,0.71262908,-0.69999987,0
2.2669318,-5.6673298,4.9360805,0.28878111,-0.72195286,0.62880009,0
-3.7960403,3.7960403,5.7273602,-0.48357201,0.48357201,0.72960001,0
-4.8139138,0.51211864,-6.1795201,-0.61323744,0.065238044,-0.78720003,0
0.90255117,-4.2119088,6.5626001,0.11497467,-0.53654891,0.83600003,0
-2.1544883,-2.1544883,7.23456,-0.27445713,-0.27445713,0.92159998,0
-1.1674719,-5.2536244,5.7147999,-0.14872253,-0.6692515,0.72799999,0
-5.8933682,-3.0222399,-4.2138791,-0.75074756,-0.38499871,-0.53679991,0
-3.9466186,-4.7923226,4.8042006,-0.50275397,-0.61048698,0.61200011,0
5.6184597,4.4266653,-3.234199,0.71572739,0.56390643,-0.41199988,0
-3.6298184,1.8149092,6.7195997,-0.46239725,0.23119862,0.85599995,0
5.0640321,-4.5892797,-3.8622005,0.64509964,-0.58462161,-0.49200007,0
0.28190109,-6.2018299,4.8042002,0.035910968,-0.79004204,0.61200005,0
7.1356359,0,3.2718806,0.90899819,0,0.41680008,0
3.3996675,4.6588039,-5.3254395,0.43307868,0.5934782,-0.67839992,0
-3.2293794,-6.8386865,-2.1038003,-0.41138592,-0.87117028,-0.26800004,0
-0.0036053425,-0.0010515582,-7.849999,-0.00045927931,-0.00013395646,-0.99999988,0
0,-6.6110954,4.2327199,0,-0.84217775,0.53920001,0
-1.6968554,6.0803986,-4.6660404,-0.21615992,0.77457309,-0.59440005,0
-7.0299263,-3.151346,1.5071993,-0.89553201,-0.40144536,0.19199991,0
6.5605049,-4.2174683,0.89176083,0.83573312,-0.53725713,0.11360011,0
4.7204342,4.4427619,4.4273992,0.60132921,0.56595695,0.56399989,0
2.2958531,-6.2753325,-4.1196795,0.29246536,-0.7994054,-0.52479994,0
-5.9276342,2.4577999,-4.5216002,-0.75511265,0.31309554,-0.57600003,0
7.3845162,2.1953969,-1.5072004,0.94070274,0.27966839,-0.19200005,0
-0.60235673,4.2164946,6.5940003,-0.076733343,0.5371331,0.84000003,0
3.3720381,-6.4846892,2.8636801,0.42955899,-0.82607508,0.36480001,0
-5.0003276,-0.21278001,-6.0476398,-0.63698441,-0.027105734,-0.77039999,0
-2.5783203,-6.9982986,-2.4491994,-0.32844844,-0.89150304,-0.31199995,0
-3.0583537,-6.4565239,-3.2530398,-0.3895992,-0.82248712,-0.41439998,0
-4.0861521,3.5024164,5.7147999,-0.52052891,0.44616771,0.72799999,0
-0.51211864,-4.8139138,-6.1795201,-0.065238044,-0.61323744,-0.78720003,0
-5.771163,3.2978075,4.1761994,-0.73518002,0.42010286,0.53199995,0
1.2054981,-3.9609227,-6.6693602,0.15356664,-0.50457615,-0.84960002,0
3.9416142,0,6.7886801,0.50211644,0,0.86480004,0
4.8237591,-6.0296993,1.4130002,0.61449158,-0.76811457,0.18000004,0
5.4352846,2.2885404,5.1810002,0.69239295,0.2915338,0.66000003,0
2.424438,-2.2224014,-7.1278,0.30884561,-0.28310847,-0.90799999,0
-2.0419953,7.1469817,2.5245609,-0.2601268,0.91044354,0.32160011,0
0,7.8484297,0.15699895,0,0.99979997,0.019999865,0
-4.0861521,-3.5024164,5.7147999,-0.52052891,-0.44616771,0.72799999,0
3.8129458,-0.47661823,-6.845201,0.48572558,-0.060715698,-0.87200016,0
-6.6498351,-2.3939407,3.4163198,-0.84711277,-0.30496061,0.43519998,0
0.86950141,-5.5068474,5.5264001,0.11076451,-0.70150924,0.704,0
6.2033691,0,4.8104792,0.79023814,0,0.61279988,0
4.4920654,0.29947078,6.4307203,0.57223767,0.038149145,0.81920004,0
7.6833944,-1.4939932,-0.59660059,0.9787764,-0.1903176,-0.07600008,0
-2.0164568,-7.4608912,-1.3753201,-0.25687349,-0.950432,-0.17520002,0
-1.4791369,-4.7332373,6.08532,-0.18842509,-0.60296017,0.77520001,0
-2.1723533,-0.9310087,7.4857597,-0.27673292,-0.11859984,0.95360005,0
-5.1904111,5.0173974,-3.0834813,-0.66119885,0.6391589,-0.39280018,0
6.5017715,3.7152977,-2.3550007,0.82825112,0.47328633,-0.3000001,0
-6.7866373,3.2676404,2.2105608,-0.8645398,0.41625991,0.28160012,0
-1.0391103,-0.8259595,-7.7369595,-0.13237074,-0.10521777,-0.98559994,0
4.1235027,-6.095612,-2.7318006,0.52528697,-0.77651107,-0.34800008,0
2.8043561,6.4335222,-3.5167997,0.35724282,0.81955695,-0.44799995,0
0.29287943,-5.2718349,5.809,0.037309483,-0.67157131,0.74000001,0
-3.0449903,2.1314931,6.9142799,-0.38789687,0.2715278,0.88080001,0
1.8753974,5.76015,-4.9926,0.23890413,0.73377705,-0.63599998,0
-3.5875182,5.5192585,4.2766805,-0.45700869,0.70309025,0.54480004,0
-5.3794904,3.9961927,-4.0882792,-0.68528539,0.50906914,-0.52079993,0
4.2807307,-1.7512082,-6.3428001,0.54531604,-0.22308385,-0.80800003,0
1.4939932,-7.6833944,-0.59660059,0.1903176,-0.9787764,-0.07600008,0
-2.791373,7.1778173,-1.5197604,-0.35558891,0.91437167,-0.19360004,0
2.4750526,-0.92814493,7.3915601,0.31529334,-0.11823502,0.94160002,0
1.6223562,7.6482511,0.70336074,0.20666958,0.97429949,0.089600094,0
-7.5343642,2.1526761,-0.47100005,-0.95979166,0.27422625,-0.060000006,0
-3.836705,6.8208084,-0.61543989,-0.48875225,0.86889279,-0.078399986,0
1.9970005,5.3669381,-5.369401,0.25439495,0.68368638,-0.68400007,0
5.1076899,-2.3106215,-5.4950008,0.65066111,-0.29434669,-0.70000011,0
-3.3329234,-5.5548716,4.4336801,-0.42457622,-0.70762694,0.56480002,0
0.40669936,-6.1004963,-4.9235191,0.051808838,-0.77713329,-0.62719989,0
-4.8493958,1.7634169,-5.9157605,-0.61775744,0.2246391,-0.75360006,0
-1.9111223,-3.9132504,-6.5312004,-0.24345508,-0.49850324,-0.83200008,0
3.4698513,4.3074012,-5.5703611,0.44201928,0.54871351,-0.70960015,0
6.3075809,-2.1939414,4.1259594,0.80351353,-0.27948299,0.52559996,0
-2.4577997,-5.9276352,-4.5215993,-0.31309551,-0.75511277,-0.57599992,0
-6.1275167,-1.9496642,4.5027599,-0.78057539,-0.24836488,0.57359999,0
-6.4175572,-1.8335878,-4.1322408,-0.81752324,-0.23357806,-0.52640009,0
5.5242872,-5.3269916,-1.6516383,0.70373088,-0.67859769,-0.21039978,0
0,-7.6632962,-1.7018793,0,-0.97621608,-0.21679991,0
2.4791284,0.30989081,7.4418001,0.31581253,0.039476536,0.94800001,0
2.6286349,-4.67313,5.7336402,0.33485797,-0.59530318,0.73040003,0
3.1456156,-6.2912312,-3.4853997,0.40071535,-0.8014307,-0.44399998,0
3.5862796,2.1867557,-6.6316814,0.45685092,0.27856761,-0.84480017,0
-5.4718332,1.7279475,5.3568401,-0.69704884,0.2201207,0.68240005,0
-7.0686803,2.5245292,2.2984796,-0.90046883,0.32159609,0.29279995,0
-2.0274091,-5.2133384,5.5075598,-0.25826868,-0.66411954,0.70159996,0
-0.26420793,-7.1336207,3.2656007,-0.033657063,-0.90874153,0.4160001,0
-6.3323388,1.9272335,4.2201605,-0.80666739,0.24550745,0.53760004,0
-4.8243232,3.6891885,4.9737601,-0.61456347,0.46996033,0.6336,0
-7.6482511,-1.6223562,0.70336074,-0.97429949,-0.20666958,0.089600094,0
-7.2733135,2.6264741,-1.3502005,-0.92653674,0.33458269,-0.17200007,0
-7.2712393,2.8146734,0.91059983,-0.92627251,0.35855713,0.11599998,0
-2.1314931,-3.0449903,6.9142799,-0.2715278,-0.38789687,0.88080001,0
-2.8420036,-6.7497587,-2.8259997,-0.36203867,-0.85984188,-0.35999998,0
5.9238014,-4.3784614,2.7129598,0.75462437,-0.55776578,0.34559998,0
-7.7846141,0,1.0110806,-0.99167061,0,0.12880008,0
-1.8566723,-1.8566723,7.39784,-0.23651877,-0.23651877,0.94240004,0
2.7515423,2.1400888,7.0336003,0.35051495,0.27262279,0.89600003,0
0,-1.870386,7.62392,0,-0.23826574,0.97119999,0
-4.8115535,-5.1433845,-3.4665608,-0.61293679,-0.65520823,-0.44160014,0
7.5578699,2.0612366,0.50240099,0.96278596,0.26257792,0.06400013,0
0,-3.9416142,6.7886801,0,-0.50211644,0.86480004,0
-5.9276352,-2.4577997,-4.5215993,-0.75511277,-0.31309551,-0.57599992,0
-1.6968554,-6.0803986,-4.6660404,-0.21615992,-0.77457309,-0.59440005,0
-5.9623756,-2.1294198,-4.6409211,-0.75953829,-0.27126366,-0.59120017,0
-0.93860269,0.93860179,7.7369599,-0.11956722,0.11956711,0.98559999,0
-1.8314574,-7.5293245,-1.2560003,-0.23330668,-0.95914966,-0.16000004,0
6.7088799,-1.8784863,3.61728,0.8546344,-0.23929761,0.46079999,0
0.80460024,5.2873735,-5.7461987,0.10249685,0.67355078,-0.73199981,0
0.90174228,3.2601454,-7.0838413,0.11487163,0.41530517,-0.9024002,0
1.7705592,-4.7214909,6.0162401,0.22554894,-0.60146379,0.76640004,0
-4.4804621,-6.366972,1.0048007,-0.57075953,-0.81107926,0.12800008,0
1.0543668,7.2048402,-2.9327614,0.13431425,0.91781408,-0.37360018,0
-6.6650891,-2.3327808,-3.42888,-0.84905595,-0.29716954,-0.4368,0
-2.6474056,4.4123416,5.9283204,-0.33724913,0.56208175,0.75520009,0
2.0720575,-6.906858,-3.1023204,0.26395637,-0.8798545,-0.39520007,0
-4.991529,1.4680972,5.8780804,-0.6358636,0.18701875,0.74880004,0
-1.6085885,-2.4426715,-7.2847991,-0.20491573,-0.31116834,-0.92799991,0
-5.865325,-2.5137107,4.5718398,-0.74717516,-0.32021794,0.58239996,0
3.7960403,-3.7960403,5.7273602,0.48357201,-0.48357201,0.72960001,0
-0.73693067,-7.6149497,1.7583998,-0.093876518,-0.97005731,0.22399998,0
0.91369057,3.5786216,-6.9268417,0.11639371,0.45587537,-0.88240021,0
7.3505912,-0.3585656,-2.7318013,0.93638104,-0.045677148,-0.34800017,0
1.7483226,7.6489139,-0.24492088,0.22271626,0.97438395,-0.031200113,0
4.4801016,4.4801016,4.6346388,0.57071358,0.57071358,0.59039986,0
-3.7072215,6.0663629,-3.3284006,-0.47225752,0.77278507,-0.42400008,0
-0.76528442,-2.397891,-7.4355202,-0.097488463,-0.30546382,-0.94720006,0
-0.670344,7.8206801,0.10047895,-0.085394144,0.99626499,0.012799866,0
-1.2054981,-3.9609227,-6.6693602,-0.15356664,-0.50457615,-0.84960002,0
0.23581357,-7.7818551,1.0048007,0.030039946,-0.99131912,0.12800008,0
-0.86582023,-7.7923841,-0.38936061,-0.11029557,-0.9926604,-0.04960008,0
-2.9826875,1.595391,-7.0838408,-0.37996018,0.20323452,-0.90240014,0
1.7344059,5.0875912,-5.7210793,0.22094342,0.64810079,-0.72879994,0
-2.5321562,-7.2069068,-1.8086401,-0.32256767,-0.91807729,-0.23040001,0
3.7668219,-6.5291586,2.1917207,0.47984993,-0.83173996,0.27920011,0
4.6497793,-5.6830635,2.7757599,0.59232861,-0.72395712,0.3536,0
3.315834,-5.478334,-4.5404401,0.42239928,-0.69787699,-0.57840008,0
-4.2065129,6.3097687,-2.0284393,-0.53586155,0.80379218,-0.2583999,0
0,-0.31393689,7.84372,0,-0.03999196,0.99919999,0
5.8838744,-4.9032278,1.7207199,0.74953812,-0.62461501,0.2192,0
-4.3719358,3.2060864,5.6771197,-0.55693454,0.40841866,0.72319996,0
-4.4801011,-4.4801011,4.6346402,-0.57071352,-0.57071352,0.59040004,0
-3.3693769,0,7.0901198,-0.42921999,0,0.90319997,0
-5.617003,-2.8085012,-4.71,-0.71554178,-0.35777086,-0.60000002,0
-1.2823968,-7.3279824,-2.5057201,-0.16336265,-0.93350095,-0.31920001,0
6.6425061,3.3212531,2.5434003,0.84617919,0.42308959,0.32400006,0
4.7464919,-5.8856502,-2.11008,0.60464865,-0.74976438,-0.26879999,0
6.1818132,3.8857114,-2.8825219,0.78749216,0.49499509,-0.36720026,0
-7.0686803,-2.5245285,2.29848,-0.90046883,-0.321596,0.29280001,0
0.9395467,0.62636447,7.7683601,0.11968748,0.07979165,0.9896,0
-1.8688673,0.62295514,7.5987997,-0.23807226,0.079357341,0.96799999,0
-4.3552608,5.988483,-2.6061995,-0.55481029,0.76286405,-0.33199993,0
-6.821537,3.8655379,0.3830792,-0.86898559,0.4924252,0.048799898,0
-3.819562,3.5948818,-5.8403997,-0.48656842,0.45794672,-0.74399996,0
-0.21110496,-7.8108912,-0.75360018,-0.026892351,-0.99501801,-0.096000023,0
-4.7214909,-1.7705592,6.0162401,-0.60146379,-0.22554894,0.76640004,0
-2.68098,-3.8725266,-6.2799988,-0.34152612,-0.49331549,-0.79999983,0
-1.5058663,1.3430698,-7.5862393,-0.1918301,0.17109169,-0.96639991,0
-5.0199904,0,6.0350804,-0.63948923,0,0.76880008,0
-3.2978075,-5.771163,4.1761994,-0.42010286,-0.73518002,0.53199995,0
7.3837423,1.1075615,-2.4240787,0.94060415,0.14109063,-0.30879983,0
7.2048402,-1.0543668,-2.9327614,0.91781408,-0.13431425,-0.37360018,0
2.0164573,7.4608908,-1.3753206,0.25687355,0.95043194,-0.17520007,0
-0.43509138,7.8316407,-0.31400067,-0.055425655,0.99766123,-0.040000085,0
-4.4470334,-0.75694203,-6.4244399,-0.56650108,-0.096425734,-0.81840003,0
-6.2787442,4.7090573,0.15700053,-0.79984003,0.59987992,0.020000067,0
6.0721722,4.9044466,0.83524084,0.77352512,0.62477028,0.10640011,0
-7.5343642,2.1526761,-0.47100005,-0.95979166,0.27422625,-0.060000006,0
-5.3681622,-5.3681622,-1.99704,-0.6838423,-0.6838423,-0.25440001,0
3.5507276,5.4740381,-4.3646007,0.45232201,0.6973297,-0.55600011,0
2.1400888,2.7515423,7.0336003,0.27262279,0.35051495,0.89600003,0
-3.7465556,4.322948,5.3756804,-0.47726822,0.55069399,0.68480009,0
-4.384727,-2.4597247,-6.0287995,-0.55856395,-0.31334072,-0.76799995,0
7.3035564,-2.8771586,-0.050239231,0.93038929,-0.36651701,-0.0063999016,0
6.9042535,-1.5932894,3.3786402,0.87952274,-0.20296681,0.43040001,0
-5.1076899,2.3106215,-5.4950008,-0.65066111,0.29434669,-0.70000011,0
7.0330501,-0.83726799,-3.3849208,0.89592993,-0.10665835,-0.43120012,0
-2.0441182,-4.8831711,-5.7964406,-0.2603972,-0.62206,-0.73840004,0
5.0640321,4.5892797,-3.8622005,0.64509964,0.58462161,-0.49200007,0
6.2167873,-1.5903411,-4.5216007,0.79194736,-0.20259121,-0.57600003,0
0.29907551,2.44245,-7.4543605,0.038098793,0.31114015,-0.9496001,0
0.31236264,-1.561815,7.6867199,0.03979142,-0.19895732,0.97920001,0
7.1117439,-0.50798172,-3.2844408,0.90595466,-0.064711049,-0.41840011,0
-2.5640404,5.4129739,5.0742397,-0.32662937,0.68955082,0.64639997,0
-1.5444205,-7.2072954,2.7003999,-0.19674146,-0.91812682,0.34399998,0
4.9640532,-2.0440216,5.7273598,0.63236344,-0.26038492,0.72959995,0
-7.2613721,1.8618908,-2.3298795,-0.92501557,0.23718354,-0.29679993,0
3.4930289,-6.9860592,0.78499997,0.44497183,-0.88994384,0.099999994,0
2.8354039,-6.9939976,-2.1603198,0.36119795,-0.89095509,-0.27519998,0
4.3922076,-6.4727273,0.65939999,0.55951691,-0.82455128,0.083999999,0
-7.6348324,0.24628468,1.8086399,-0.97259015,0.031373844,0.23039998,0
-2.4545727,-2.1477506,7.1403599,-0.31268442,-0.27359882,0.90960002,0
-0.22885393,2.8034611,-7.3287606,-0.029153368,0.3571288,-0.93360007,0
-1.3023697,-6.83744,-3.6298409,-0.16590697,-0.8710115,-0.46240011,0
0.5880444,6.4684854,-4.4085598,0.074910119,0.82401091,-0.56159997,0
1.2479364,-1.2479354,7.6490397,0.15897278,-0.15897267,0.97439998,0
4.8243241,-3.6891885,4.9737597,0.61456358,-0.46996033,0.63359994,0
5.2201648,-4.1211829,4.16992,0.66498917,-0.52499145,0.53119999,0
4.6804247,4.6804247,-4.22016,0.59623247,0.59623247,-0.53759998,0
-0.257633,4.122128,-6.6756411,-0.032819491,0.52511185,-0.85040015,0
0.84402275,-6.1895061,4.7539601,0.10751882,-0.78847212,0.6056,0
-4.2782383,1.9898781,-6.2737198,-0.54499853,0.25348765,-0.7992,0
-2.3596678,6.8168178,3.0960402,-0.30059463,0.86838442,0.39440003,0
7.3617945,-1.2692751,2.4115191,0.93780822,-0.1616911,0.3071999,0
5.2656217,-5.6706696,-1.3187997,0.67077982,-0.72237831,-0.16799997,0
5.2283401,3.3021097,-4.8355999,0.66603059,0.42065093,-0.616,0
5.7250013,-4.9782615,2.0158796,0.72929955,-0.63417345,0.25679997,0
6.1547141,-4.2896495,-2.311039,0.78404003,-0.54645216,-0.29439989,0
2.8421984,4.2632976,-5.9471588,0.3620635,0.54309523,-0.75759983,0
-6.0296993,4.8237591,1.4130002,-0.76811457,0.61449158,0.18000004,0
-1.8753974,5.76015,-4.9926,-0.23890413,0.73377705,-0.63599998,0
7.2967005,-2.4322333,1.5699996,0.92951602,-0.30983865,0.19999994,0
-3.2211442,-6.1738596,3.6235602,-0.41033685,-0.78647894,0.46160004,0
7.3279829,-1.2823969,-2.5057187,0.93350101,-0.16336267,-0.31919983,0
-6.8899899,0,-3.7617204,-0.87770575,0,-0.47920007,0
-7.5162129,1.5823603,-1.6202396,-0.95747936,0.20157456,-0.20639995,0
0,-3.0765588,7.2220001,0,-0.39191833,0.92000002,0
-2.7129605,6.0288005,-4.2327189,-0.34560007,0.76800007,-0.53919989,0
1.4869685,-4.1820984,-6.4746799,0.18942273,-0.53275138,-0.82479995,0
7.8248596,-0.23014273,0.58404112,0.99679744,-0.029317545,0.074400142,0
7.0111356,1.9280627,-2.9578791,0.89313829,0.24561308,-0.37679988,0
-6.0413566,-4.6771793,-1.8023604,-0.76959956,-0.59581906,-0.22960006,0
1.0182129,7.3820405,2.468039,0.12970865,0.94038731,0.31439987,0
1.479311,1.5663295,-7.5485597,0.18844727,0.19953242,-0.96159995,0
5.0786638,5.8041883,1.4632403,0.64696354,0.73938704,0.18640004,0
-6.329442,4.3514919,-1.6202404,-0.80629838,0.55433017,-0.20640007,0
3.8754668,-5.259563,4.3520403,0.49369004,-0.670008,0.55440003,0
6.1041088,-2.219676,4.4085588,0.77759349,-0.28276128,0.56159985,0
6.8533854,-2.4601893,-2.932759,0.87304276,-0.31339991,-0.37359989,0
6.3238068,-4.3780208,1.5700002,0.8055805,-0.55770963,0.20000002,0
7.5913954,-1.6606176,1.1115603,0.96705675,-0.21154365,0.14160004,0
7.5648174,0.96984863,-1.8588793,0.96367103,0.1235476,-0.23679991,0
-1.6574918,6.3537188,4.3017993,-0.21114546,0.80939096,0.54799992,0
1.2468607,7.6889744,-0.97340024,0.15883577,0.97948718,-0.12400003,0
-3.9865637,-5.8469596,3.3974798,-0.50784254,-0.74483562,0.43279997,0
4.4123416,-2.6474056,5.9283204,0.56208175,-0.33724913,0.75520009,0
-5.5539632,-5.049057,2.2984803,-0.70751125,-0.64319199,0.29280004,0
-1.8643035,-1.2428687,7.5234399,-0.23749089,-0.15832722,0.95840001,0
2.2014062,-5.7786908,-4.8356013,0.28043392,-0.73613894,-0.61600018,0
-5.771163,-3.2978075,4.1761994,-0.73518002,-0.42010286,0.53199995,0
0.91369146,-3.5786247,-6.9268398,0.11639382,-0.45587575,-0.88239998,0
0.13672516,6.152638,-4.8732791,0.017417219,0.78377557,-0.6207999,0
0.30880716,2.7792664,7.3350401,0.039338492,0.35404667,0.93440002,0
-4.6045718,-3.4534292,5.3379998,-0.58656967,-0.43992728,0.68000001,0
-1.7000484,3.9369543,-6.5751595,-0.21656668,0.50152284,-0.83759993,0
0.92488772,2.7746649,7.2848005,0.11782009,0.35346049,0.92800009,0
4.8257623,5.5406904,-2.7631993,0.61474675,0.70582038,-0.35199991,0
0.76528364,-7.3977494,2.5119994,0.097488366,-0.94238847,0.31999993,0
-5.6498017,5.158514,1.7584008,-0.71971995,0.65713555,0.22400011,0
7.6258955,1.4298556,1.1932002,0.97145164,0.1821472,0.15200002,0
-3.315834,5.4783349,-4.5404396,-0.42239925,0.69787705,-0.57839996,0
-3.0241964,-2.721777,6.7133198,-0.38524795,-0.3467232,0.85519999,0
4.1870594,-2.1932213,-6.2674408,0.53338337,-0.27939126,-0.7984001,0
-3.8871269,-2.3920786,6.3867598,-0.49517542,-0.30472341,0.8136,0
1.5823603,7.5162129,-1.6202396,0.20157456,0.95747936,-0.20639995,0
-0.79083133,-7.1174812,3.2153606,-0.10074285,-0.90668553,0.40960008,0
6.0296993,-4.8237591,1.4130002,0.76811457,-0.61449158,0.18000004,0
6.3233552,-4.4875422,-1.2246001,0.80552298,-0.57166141,-0.15600002,0
-2.4468482,2.4468474,7.0461597,-0.3117004,0.31170031,0.8976,0
3.3629975,-0.91718107,7.0335999,0.42840734,-0.11683836,0.89599997,0
-3.0583537,6.4565239,-3.2530398,-0.3895992,0.82248712,-0.41439998,0
-7.0192308,3.5096159,-0.18840024,-0.89416957,0.44708484,-0.02400003,0
1.3890592,3.4726477,-6.9017196,0.17695022,0.44237551,-0.87919998,0
-6.9561877,0.80263633,3.5482004,-0.88613856,0.10224666,0.45200005,0
-1.0785887,6.625617,-4.0694404,-0.13739984,0.84402764,-0.51840007,0
1.4626205,3.0645385,-7.077559,0.18632108,0.39038706,-0.90159988,0
6.7381439,2.8507538,2.84484,0.85836232,0.36315334,0.36240003,0
4.6256285,-5.2864327,-3.5042386,0.58925205,-0.67343092,-0.44639984,0
6.0143261,-3.007163,4.0505991,0.7661562,-0.3830781,0.51599991,0
-7.6846647,1.3972119,0.78500068,-0.97893822,0.17798878,0.10000009,0
6.8965554,-3.5671837,1.1555191,0.87854213,-0.4544183,0.14719988,0
-5.6706696,5.2656217,-1.3187997,-0.72237831,0.67077982,-0.16799997,0
-5.1359887,3.9620481,-4.4211192,-0.65426606,0.5047195,-0.56319988,0
0.29947078,-4.4920664,6.4307199,0.038149145,-0.57223779,0.81919998,0
4.6154542,-6.2938004,-0.8415212,0.58795595,-0.80175799,-0.10720015,0
-0.93954766,-0.62636542,7.7683597,-0.1196876,-0.079791777,0.98959994,0
6.3978934,0.83450699,4.4713597,0.8150183,0.10630663,0.56959999,0
-5.3450136,4.5432625,3.5230799,-0.68089348,0.57875955,0.4488,0
2.6458116,-6.6145272,3.2969997,0.33704606,-0.84261495,0.41999996,0
5.8370862,-2.7795651,4.4525204,0.7435779,-0.35408473,0.56720006,0
6.7910438,-0.54328382,3.8998799,0.8651011,-0.06920813,0.49680001,0
0.93727726,1.2497048,7.6929998,0.11939838,0.15919808,0.98000002,0
-5.8623857,-4.579989,-2.5057197,-0.74680072,-0.5834381,-0.31919995,0
-1.4990009,-4.1972013,6.4621201,-0.19095553,-0.5346753,0.82319999,0
-4.2516756,-6.2524648,2.1100802,-0.54161471,-0.79649234,0.26880002,0
-7.0850921,1.3120545,3.1148806,-0.90255952,0.16714071,0.39680007,0
0.56236643,7.4982257,-2.2545187,0.071639039,0.95518798,-0.28719985,0
7.7222247,1.3627456,0.36424109,0.98372293,0.17359817,0.046400141,0
-6.7088799,1.8784863,3.61728,-0.8546344,0.23929761,0.46079999,0
5.5322771,-5.5322771,-0.64055938,0.70474869,-0.70474869,-0.081599921,0
-3.2169297,6.1121664,-3.7303195,-0.40979996,0.77861995,-0.47519994,0
-4.3480558,4.9477868,-4.2704,-0.55389249,0.63029134,-0.54400003,0
-3.0296032,2.5383162,-6.7824001,-0.38593674,0.3233524,-0.86400002,0
-6.2805896,-1.9439919,-4.2892408,-0.80007511,-0.24764228,-0.54640013,0
6.0853658,-3.7041349,3.2969997,0.77520585,-0.47186434,0.41999996,0
5.8112054,-3.9848266,-3.4602814,0.74028093,-0.50762123,-0.44080019,0
-2.4668815,1.5418011,7.2910795,-0.31425244,0.19640778,0.92879993,0
6.564477,-2.0814192,-3.7680013,0.8362391,-0.26514894,-0.48000017,0
2.8880079,-7.2200203,-1.0738795,0.36789909,-0.91974783,-0.13679993,0
-1.4437176,5.4861255,5.42592,-0.18391307,0.69886947,0.69120002,0
-1.6478287,-0.76898676,-7.6364794,-0.20991449,-0.0979601,-0.97279996,0
4.4030285,5.1892838,-3.9124382,0.56089538,0.66105527,-0.49839976,0
-6.696774,-0.93443358,-3.9878004,-0.85309225,-0.11903612,-0.50800008,0
-6.2805896,-1.9439919,-4.2892408,-0.80007511,-0.24764228,-0.54640013,0
-4.7084928,-5.4932413,3.0457995,-0.59980798,-0.69977599,0.38799995,0
2.8146734,7.2712393,0.91059983,0.35855713,0.92627251,0.11599998,0
-4.5148964,-4.2327156,4.82932,-0.57514602,-0.53919947,0.61519998,0
-6.4544535,4.1073794,-1.7583988,-0.82222337,0.52323306,-0.22399984,0
-7.5762105,1.8940519,-0.79756033,-0.96512234,0.2412805,-0.10160004,0
-4.4449048,-6.1842155,-1.9028394,-0.56622994,-0.78779817,-0.24239993,0
-5.9285927,1.7923651,-4.8230405,-0.75523472,0.22832675,-0.61440003,0
7.8361087,0.44777718,0.131879,0.9982304,0.057041679,0.016799873,0
7.6961393,-1.5392276,-0.15072098,0.98039991,-0.19607995,-0.019200126,0
-4.5770817,3.7188787,5.1810002,-0.58306772,0.47374251,0.66000003,0
-5.7194219,5.2428036,1.1931989,-0.72858876,0.66787308,0.15199986,0
5.1321473,-4.5919209,3.7680004,0.65377676,-0.58495808,0.48000005,0
-6.5603132,-3.8590074,-1.9216799,-0.83570868,-0.4915933,-0.24479999,0
2.7590785,-1.8393862,7.1152401,0.35147497,-0.23431672,0.90640002,0
0,6.6110954,4.2327199,0,0.84217775,0.53920001,0
-6.4331694,-3.6025746,2.6941202,-0.81951201,-0.45892671,0.34320003,0
3.334497,-2.1219523,6.7823997,0.4247767,-0.2703124,0.86399996,0
-2.7788823,1.6540966,-7.1529207,-0.35399774,0.21071294,-0.91120011,0
0.83879781,7.7588758,-0.84780031,0.10685322,0.98839182,-0.10800004,0
-1.5592878,0.93557155,7.6364799,-0.19863538,0.11918109,0.97280002,0
0.90732419,-5.832799,-5.1747193,0.1155827,-0.74303174,-0.65919989,0
5.454895,-2.0096979,5.2751999,0.6948911,-0.25601247,0.67199999,0
-7.2962761,0.71183223,-2.8071599,-0.92946196,0.090679266,-0.3576,0
-3.6196344,-2.1114531,6.63796,-0.46109992,-0.2689749,0.84560001,0
5.259563,3.8754668,4.3520403,0.670008,0.49369004,0.55440003,0
5.0955844,-3.3970563,4.9109597,0.64911902,-0.43274602,0.62559998,0
-0.30137429,-4.2192435,6.6128402,-0.038391631,-0.53748327,0.84240001,0
-6.2938004,4.6154542,-0.8415212,-0.80175799,0.58795595,-0.10720015,0
-3.6574354,-5.0641418,4.7539597,-0.46591535,-0.64511359,0.60559994,0
-7.4670968,-2.4158256,-0.16956034,-0.95122254,-0.3077485,-0.021600043,0
6.2524643,4.2516761,2.1100795,0.79649228,0.54161477,0.26879993,0
6.7252731,-2.5866437,-3.1148794,0.85672271,-0.32950875,-0.39679992,0
5.832799,-0.90732419,-5.1747193,0.74303174,-0.1155827,-0.65919989,0
-0.25112125,7.5336447,2.1917195,-0.031989969,0.95969999,0.27919996,0
0.8005451,-1.3769376,-7.6867204,0.10198027,-0.17540607,-0.97920007,0
-3.4828813,-4.9564085,-4.9926,-0.44367915,-0.63138962,-0.63599998,0
-5.3715811,5.1157913,2.5685201,-0.68427783,0.65169317,0.32720003,0
6.5894499,-3.9936061,-1.500919,0.83942038,-0.50873965,-0.19119987,0
-3.7948453,5.6922679,3.8496408,-0.48341981,0.72512966,0.49040011,0
-1.734406,5.0875907,-5.7210798,-0.22094344,0.64810073,-0.7288,0
1.4539659,-5.8158631,-5.0679598,0.18521859,-0.74087429,-0.64559996,0
-0.67404014,-7.0774231,-3.3284009,-0.085864983,-0.9015826,-0.42400011,0
-3.0462711,0.06216874,-7.2345605,-0.38806,0.0079195844,-0.92160004,0
-6.1220503,-4.8554182,-0.75360048,-0.77987903,-0.61852461,-0.09600006,0
2.165225,-1.5465899,7.3852801,0.27582484,-0.19701782,0.94080001,0
6.6517735,1.5837559,-3.855921,0.84735966,0.20175233,-0.49120015,0
4.8384542,2.7821114,-5.5201192,0.61636358,0.3544091,-0.70319992,0
6.1842151,4.4449053,-1.9028403,0.78779811,0.56623,-0.24240004,0
-1.9111223,-3.9132504,-6.5312004,-0.24345508,-0.49850324,-0.83200008,0
-2.8771586,-7.3035564,-0.050239231,-0.36651701,-0.93038929,-0.0063999016,0
-5.049057,5.5539637,2.2984796,-0.64319199,0.70751131,0.29279995,0
-7.6476245,-0.39218611,-1.7269993,-0.97421968,-0.049960013,-0.21999991,0
-3.8264222,-6.3773699,2.5119998,-0.48744231,-0.8124038,0.31999999,0
-4.5822492,-1.7704144,-6.1229997,-0.58372599,-0.22553049,-0.77999997,0
-2.2571595,-5.5765123,-5.0428405,-0.28753623,-0.71038377,-0.64240009,0
0.89067495,-4.7502708,6.1858001,0.11346178,-0.60513008,0.78800005,0
6.7782555,-3.4859598,-1.8777212,0.86347204,-0.44407132,-0.23920016,0
-4.9468021,-2.3279076,5.6331601,-0.63016587,-0.29654872,0.71760005,0
-5.0786643,-5.8041878,1.4632394,-0.6469636,-0.73938698,0.18639994,0
0.98032439,-7.5975099,1.7144397,0.12488209,-0.96783566,0.21839997,0
-1.554221,1.554221,7.5359998,-0.19798994,0.19798994,0.95999998,0
5.9370413,5.0888934,-0.6907993,0.756311,0.64826667,-0.08799991,0
2.6105471,-7.3965497,-0.31400022,0.33255377,-0.94223565,-0.040000029,0
7.0330501,-0.83726799,-3.3849208,0.89592993,-0.10665835,-0.43120012,0
-3.0604932,1.5302471,7.0650001,-0.38987175,0.19493593,0.90000004,0
1.3769376,0.8005451,-7.6867204,0.17540607,0.10198027,-0.97920007,0
2.0866241,-7.5118456,-0.91688091,0.26581201,-0.95692301,-0.11680011,0
2.0866241,-7.5118456,-0.91688091,0.26581201,-0.95692301,-0.11680011,0
-3.6483493,4.2564077,-5.4950013,-0.46475789,0.54221755,-0.70000017,0
0.78948379,-5.9211283,-5.0930791,0.10057119,-0.75428385,-0.6487999,0
7.1269007,-3.0883236,1.1366796,0.90788543,-0.39341703,0.14479996,0
2.2224014,2.424438,-7.1278,0.28310847,0.30884561,-0.90799999,0
-6.275332,-2.2958534,-4.1196799,-0.79940534,-0.29246539,-0.5248,0
-7.1033292,1.0523458,3.1714005,-0.90488273,0.13405679,0.40400007,0
7.4687133,0.74687177,-2.2984788,0.95142847,0.095142901,-0.29279986,0
-6.1719584,4.8493967,-0.11304083,-0.78623676,0.61775756,-0.014400107,0
0,3.6578724,6.9456797,0,0.46597102,0.88479996,0
7.1050091,1.7762527,-2.825999,0.90509671,0.22627424,-0.35999987,0
-1.2519741,0,7.7495198,-0.15948714,0,0.98719996,0
-6.095613,-4.1235027,-2.7317998,-0.77651119,-0.52528697,-0.34799996,0
-3.2169297,6.1121664,-3.7303195,-0.40979996,0.77861995,-0.47519994,0
4.0861521,-3.5024164,5.7147999,0.52052891,-0.44616771,0.72799999,0
5.3148618,5.7400503,-0.65311933,0.67705244,0.73121661,-0.083199918,0
3.3093591,3.4096427,-6.2485981,0.42157441,0.43434939,-0.79599977,0
7.4305964,0.92882484,-2.3549988,0.94657278,0.11832163,-0.29999986,0
-5.9180799,3.2705176,-3.9877992,-0.75389552,0.41662645,-0.5079999,0
2.907851,-4.6525602,5.6143198,0.37042689,-0.59268284,0.71520001,0
5.1414571,1.3710552,-5.7713194,0.65496272,0.17465672,-0.73519993,0
-0.2718592,6.7964864,3.91872,-0.034631744,0.86579448,0.49920002,0
2.1219523,-3.334497,6.7823997,0.2703124,-0.4247767,0.86399996,0
-1.8940525,-7.57621,-0.79756069,-0.24128057,-0.96512228,-0.10160009,0
-7.2631125,1.4526222,-2.59992,-0.9252373,0.18504742,-0.3312,0
-1.2357403,2.4714806,7.3476,-0.15741915,0.31483829,0.93599999,0
1.2395651,2.1692376,7.4417996,0.15790638,0.27633601,0.94799995,0
-6.9161248,-3.2110579,1.86516,-0.88103503,-0.40905195,0.2376,0
4.8493967,-1.7634169,-5.9157596,0.61775756,-0.2246391,-0.75359994,0
3.9609253,-1.2054989,-6.6693583,0.5045765,-0.15356675,-0.84959978,0
-2.721777,3.0241973,6.7133198,-0.3467232,0.38524806,0.85519999,0
1.1970779,4.2358141,-6.4997988,0.152494,0.53959417,-0.82799983,0
-5.049057,5.5539637,2.2984796,-0.64319199,0.70751131,0.29279995,0
2.4035506,-2.0787463,-7.17804,0.3061848,-0.26480845,-0.91440004,0
5.9770293,-5.0574865,0.56520033,0.76140499,-0.64426583,0.072000042,0
-4.8537655,-3.4261878,5.1307602,-0.61831409,-0.43645704,0.65360004,0
-2.9879079,6.9717841,2.022161,-0.38062519,0.8881253,0.25760013,0
7.2651973,-2.9514863,0.35796037,0.92550284,-0.37598553,0.045600049,0
-4.0366673,4.0366673,5.3882403,-0.51422513,0.51422513,0.68640006,0
7.5147491,-1.6968786,1.5072,0.95729285,-0.21616288,0.192,0
-3.9402184,-6.7859316,-0.21980025,-0.50193864,-0.86444992,-0.028000033,0
0.0027426768,0.0020570077,-7.849999,0.00034938558,0.00026203922,-0.99999988,0
1.7279475,-5.4718332,5.3568401,0.2201207,-0.69704884,0.68240005,0
-2.680979,3.872525,6.2799997,-0.341526,0.49331528,0.79999995,0
7.8248596,-0.23014273,0.58404112,0.99679744,-0.029317545,0.074400142,0
5.6498022,5.158514,1.7584,0.71972001,0.65713549,0.22399998,0
-1.9280627,7.0111356,-2.9578791,-0.24561308,0.89313829,-0.37679988,0
4.9477868,-4.3480558,-4.2704,0.63029134,-0.55389249,-0.54400003,0
6.3559623,4.6025925,-0.20096022,0.80967671,0.58631754,-0.025600027,0
-3.8561397,2.9662621,6.1606798,-0.49122798,0.37786779,0.78479999,0
4.2119088,-0.90255207,6.5626001,0.53654891,-0.11497479,0.83600003,0
-5.7337461,1.14675,5.2375202,-0.7304135,0.1460828,0.66720003,0
3.4698513,4.3074012,-5.5703611,0.44201928,0.54871351,-0.70960015,0
-3.0883236,-7.1269007,1.1366796,-0.39341703,-0.90788543,0.14479996,0
-4.187058,2.1932211,-6.2674417,-0.53338319,0.27939123,-0.79840022,0
-0.44861236,0.69784153,-7.8060403,-0.057148073,0.088897012,-0.99440002,0
6.4060407,-0.55704725,4.5027595,0.81605613,-0.070961431,0.57359993,0
1.9439919,6.2805896,-4.2892408,0.24764228,0.80007511,-0.54640013,0
-0.22415268,-7.8453512,0.15072027,-0.028554482,-0.99940783,0.019200034,0
-0.203979,7.7512093,-1.2245997,-0.025984587,0.98741519,-0.15599997,0
2.0274091,-5.2133384,5.5075598,0.25826868,-0.66411954,0.70159996,0
3.2275965,-4.1078491,5.8592401,0.4111588,-0.5232929,0.7464,0
2.7701781,5.8319535,-4.4650788,0.35288894,0.74292403,-0.56879985,0
4.7555823,-0.59444797,6.2171993,0.60580665,-0.075725853,0.79199994,0
4.9758015,-5.2376852,3.0709202,0.63386005,-0.66722107,0.39120004,0
5.5242872,5.3269916,-1.6516383,0.70373088,0.67859769,-0.21039978,0
0.22885406,-2.8034608,-7.3287606,0.029153384,-0.35712877,-0.93360007,0
-6.0581923,-4.9763718,-0.39563972,-0.77174425,-0.63393271,-0.050399963,0
-0.22415267,7.8453512,0.15071896,-0.028554481,0.99940783,0.019199867,0
0.50177109,-7.5265741,2.1728795,0.063919887,-0.95879924,0.27679995,0
-1.9579103,-6.6895266,-3.6109998,-0.24941532,-0.85216898,-0.45999998,0
0.12241957,2.9992821,-7.2534003,0.015594849,0.38207415,-0.92400002,0
-0.83726799,-7.0330501,-3.3849208,-0.10665835,-0.89592993,-0.43120012,0
-0.14900932,6.556416,-4.3143597,-0.018982081,0.83521229,-0.54960001,0
1.8938555,-2.7055082,-7.1215191,0.24125548,-0.34465075,-0.90719992,0
-6.5096674,-0.44384098,-4.3645997,-0.82925701,-0.056540255,-0.55599999,0
3.8099625,-4.1786685,-5.4447603,0.48534554,-0.53231448,-0.69360006,0
3.872525,2.6809783,6.2800002,0.49331528,0.34152591,0.80000001,0
-1.2877523,-7.7265134,-0.51496065,-0.16404487,-0.98426926,-0.065600082,0
0.6703434,-7.8206806,0.10048037,0.085394062,-0.99626505,0.012800047,0
1.7344059,-5.0875912,-5.7210793,0.22094342,-0.64810079,-0.72879994,0
-0.8569383,-2.8768647,-7.2533994,-0.10916412,-0.36647958,-0.92399991,0
1.0442568,-7.7274985,-0.9043203,0.13302635,-0.98439473,-0.11520004,0
-0.62295604,1.8688673,7.5987997,-0.07935746,0.23807226,0.96799999,0
-2.3386133,-1.3052726,-7.3790007,-0.29791251,-0.16627677,-0.94000012,0
4.5148969,4.2327147,4.82932,0.57514608,0.53919935,0.61519998,0
-4.7464919,-5.8856502,-2.11008,-0.60464865,-0.74976438,-0.26879999,0
1.9295048,-1.3988911,-7.4794793,0.24579678,-0.17820269,-0.95279992,0
-3.7960403,3.7960403,5.7273602,-0.48357201,0.48357201,0.72960001,0
-3.2440929,7.1370034,-0.40191942,-0.41326025,0.90917242,-0.051199928,0
7.5265741,-0.50177187,2.1728795,0.95879924,-0.063919984,0.27679995,0
0.26813442,-6.9715014,3.5984402,0.03415725,-0.88808936,0.45840004,0
-7.6833944,1.4939932,-0.59660059,-0.9787764,0.1903176,-0.07600008,0
3.4656155,-6.1314735,3.4665604,0.44147968,-0.78107947,0.44160005,0
6.5894499,-3.9936061,-1.500919,0.83942038,-0.50873965,-0.19119987,0
2.7129605,6.0288005,-4.2327189,0.34560007,0.76800007,-0.53919989,0
-0.33702019,-4.0442429,-6.7195992,-0.04293251,-0.51519018,-0.85599989,0
-1.4460099,-7.6431961,-1.0550401,-0.18420509,-0.97365558,-0.13440001,0
-6.7298632,4.0379181,0.16327938,-0.85730743,0.51438445,0.020799922,0
7.3965497,2.6105473,-0.31399894,0.94223565,0.3325538,-0.039999865,0
-2.0086482,7.5882254,0.081641078,-0.25587875,0.96665293,0.010400138,0
6.5641112,-3.4643917,-2.5559607,0.83619255,-0.44132379,-0.32560009,0
3.7636437,6.8216033,0.96083868,0.47944507,0.86899406,0.12239983,0
4.4449053,-6.1842151,-1.9028403,0.56623,-0.78779811,-0.24240004,0
1.0442568,7.7274985,-0.9043203,0.13302635,0.98439473,-0.11520004,0
6.7692313,-1.0830767,3.8245201,0.86232245,-0.13797157,0.48720002,0
2.6389384,6.2092657,-4.0129189,0.33617049,0.79098928,-0.51119989,0
1.2357399,2.4714797,-7.3476005,0.1574191,0.31483817,-0.93600005,0
5.3537421,2.294461,-5.262641,0.68200535,0.29228804,-0.67040014,0
1.5418011,-2.4668815,7.2910795,0.19640778,-0.31425244,0.92879993,0
-6.3998346,-2.9332578,3.4728394,-0.8152656,-0.37366343,0.44239992,0
2.0440216,4.9640532,5.7273598,0.26038492,0.63236344,0.72959995,0
6.7088799,-1.8784863,3.61728,0.8546344,-0.23929761,0.46079999,0
0,6.6110954,4.2327199,0,0.84217775,0.53920001,0
3.7268932,-6.8326368,-1.0236394,0.47476348,-0.87039959,-0.13039993,0
0.92488772,-2.7746658,7.2848001,0.11782009,-0.35346061,0.92800003,0
-5.9777155,3.2605722,3.9061599,-0.76149243,0.41535953,0.49759999,0
-2.8156536,-1.0405675,-7.2534003,-0.35868198,-0.13255638,-0.92400002,0
-0.26813442,6.9715014,3.5984402,-0.03415725,0.88808936,0.45840004,0
-1.5953918,2.9826891,-7.0838399,-0.20323461,0.37996042,-0.90240002,0
4.2358141,-1.1970779,-6.4997988,0.53959417,-0.152494,-0.82799983,0
4.1786695,-3.8099635,-5.4447589,0.5323146,-0.48534566,-0.69359988,0
-1.2198402,7.1447797,-3.0144012,-0.15539366,0.91016304,-0.38400015,0
-3.9569471,-3.1013911,-6.028801,-0.50406969,-0.39508167,-0.76800013,0
-4.9758015,5.2376852,3.0709202,-0.63386005,0.66722107,0.39120004,0
2.2958527,6.275332,-4.1196809,0.2924653,0.79940534,-0.52480012,0
6.8829775,-3.7745357,1.8715858e-07,0.87681246,-0.48083258,2.3841856e-08,0
6.5956149,-0.82445186,4.1761994,0.84020573,-0.10502572,0.53199995,0
-0.9355725,1.5592878,7.6364799,-0.11918122,0.19863538,0.97280002,0
-7.2962761,0.71183223,-2.8071599,-0.92946196,0.090679266,-0.3576,0
-3.3665431,0.6120981,7.0649996,-0.428859,0.077974282,0.89999998,0
-2.6286359,4.673131,5.7336392,-0.33485809,0.5953033,0.73039991,0
-1.5160059,-3.6384134,6.7886796,-0.19312178,-0.46349216,0.86479998,0
1.2217791,7.5750284,1.6579198,0.15564065,0.96497178,0.21119997,0
-7.368608,0,-2.7066798,-0.93867618,0,-0.3448,0
4.9763722,-6.0581918,-0.39564058,0.63393277,-0.77174419,-0.050400075,0
5.9316683,1.6947626,4.8544407,0.7556265,0.21589331,0.61840004,0
2.0720575,-6.906858,-3.1023204,0.26395637,-0.8798545,-0.39520007,0
-1.8051041,3.9110587,6.5626001,-0.22994958,0.49822405,0.83600003,0
-4.3147941,5.3934922,3.7303202,-0.54965532,0.68706906,0.47520003,0
-5.9453063,4.9940567,1.1555206,-0.75736386,0.63618559,0.14720008,0
5.9103541,-3.5142646,-3.7868402,0.75291139,-0.44767702,-0.48240003,0
-3.6547654,-6.2653127,3.0018399,-0.46557522,-0.79812902,0.38239998,0
6.4139061,-4.4897342,-0.57148069,0.81705815,-0.57194072,-0.072800092,0
-1.5694976,7.0627384,3.0458007,-0.199936,0.89971191,0.3880001,0
-5.4491262,-3.0738664,-4.7413993,-0.69415623,-0.39157534,-0.60399991,0
0,7.8277721,0.59032112,0,0.99716842,0.07520014,0
0.25571221,-7.4156618,2.5622392,0.032574803,-0.94467032,0.32639989,0
-1.0583247,4.8682938,-6.0664787,-0.13481843,0.62016481,-0.77279985,0
-5.0017939,1.1768934,5.9345999,-0.63717121,0.14992273,0.75599998,0
-5.3007369,-1.6865979,-5.5389595,-0.67525309,-0.21485324,-0.70559996,0
-4.220161,0,-6.6191192,-0.5376001,0,-0.84319991,0
0.30137429,-4.2192435,6.6128402,0.038391631,-0.53748327,0.84240001,0
6.2125998,2.9712434,3.7679992,0.79141396,0.37850234,0.4799999,0
7.7222247,1.3627456,0.36424109,0.98372293,0.17359817,0.046400141,0
5.022995,-5.3817811,-2.7255194,0.63987195,-0.68557715,-0.34719992,0
0,-6.6110954,4.2327199,0,-0.84217775,0.53920001,0
6.2912312,3.1456156,-3.4853997,0.8014307,0.40071535,-0.44399998,0
0,-6.41255,4.5278802,0,-0.81688535,0.57680005,0
-0.2718592,6.7964864,3.91872,-0.034631744,0.86579448,0.49920002,0
1.7461838,-0.59444547,-7.6302013,0.22244379,-0.075725541,-0.97200018,0
7.5750284,1.2217791,1.6579198,0.96497178,0.15564065,0.21119997,0
-4.4280815,5.4120998,-3.5670385,-0.56408685,0.68943954,-0.45439985,0
-6.681808,-4.0953016,-0.45216003,-0.85118574,-0.52169448,-0.057600003,0
-5.2338252,5.4830556,2.0409989,-0.66672933,0.6984784,0.25999987,0
-0.99691904,-6.9784331,-3.4540009,-0.12699606,-0.8889724,-0.44000012,0
-5.1676421,0.89872015,-5.8404002,-0.65829837,0.11448664,-0.74400002,0
-7.0429239,-3.314317,-1.0173601,-0.89718777,-0.42220598,-0.12960002,0
-6.1093874,2.3841517,-4.3143601,-0.77826589,0.30371359,-0.54960001,0
3.3437862,-1.8238833,6.8640399,0.42596003,-0.23234183,0.87440002,0
-7.2712393,2.8146734,0.91059983,-0.92627251,0.35855713,0.11599998,0
3.9629881,-6.4162674,-2.1791596,0.50483924,-0.81735891,-0.27759996,0
4.9565773,0.31637695,-6.0790415,0.63141114,0.040302798,-0.77440017,0
4.6154542,-6.2938004,-0.8415212,0.58795595,-0.80175799,-0.10720015,0
-3.8363755,-5.4805369,4.1071205,-0.48871025,-0.69815761,0.52320009,0
2.5428576,7.3974028,0.65940011,0.32393092,0.94234431,0.084000014,0
5.1676435,-0.8987208,-5.8403988,0.65829855,-0.11448672,-0.74399984,0
-6.4471164,-1.3493965,-4.2704005,-0.8212887,-0.17189763,-0.54400009,0
-6.187027,4.5903749,-1.5072006,-0.78815633,0.58476114,-0.19200008,0
-0.8026371,6.9561877,3.5482004,-0.10224677,0.88613856,0.45200005,0
-3.6073339,-6.6450887,-2.1100798,-0.45953298,-0.84650815,-0.26879996,0
5.4924984,-4.6342955,-3.158839,0.69968134,-0.59035611,-0.40239987,0
-3.9339976,0.90784478,6.7321601,-0.5011462,0.11564901,0.85760003,0
-4.4030285,5.1892829,-3.9124393,-0.56089538,0.66105515,-0.49839991,0
1.5621306,0,7.6929998,0.19899753,0,0.98000002,0
1.5197079,7.408577,-2.1037991,0.19359337,0.94376779,-0.26799989,0
-0.43509138,7.8316407,-0.31400067,-0.055425655,0.99766123,-0.040000085,0
-1.6968786,-7.5147491,1.5072,-0.21616288,-0.95729285,0.192,0
-7.408577,-1.5197084,-2.1037993,-0.94376779,-0.19359343,-0.26799992,0
2.1544883,2.1544883,7.23456,0.27445713,0.27445713,0.92159998,0
5.5406904,4.8257623,-2.7631993,0.70582038,0.61474675,-0.35199991,0
-1.4680972,4.9915299,5.8780794,-0.18701875,0.63586372,0.74879992,0
6.838686,3.2293797,-2.103801,0.87117022,0.41138595,-0.26800013,0
-7.6431961,1.4460099,-1.0550401,-0.97365558,0.18420509,-0.13440001,0
-3.2325852,-0.60610974,-7.1277995,-0.4117943,-0.077211432,-0.90799993,0
-6.9860592,3.4930289,0.78499997,-0.88994384,0.44497183,0.099999994,0
-3.6574354,5.0641418,4.7539597,-0.46591535,0.64511359,0.60559994,0
6.873301,2.9722388,-2.3550007,0.87557977,0.37862915,-0.3000001,0
-6.2125168,-3.882823,2.8197196,-0.79140341,-0.49462715,0.35919994,0
2.4158258,7.4670968,-0.16955908,0.30774853,0.95122254,-0.021599883,0
-1.8688673,-0.62295604,7.5987997,-0.23807226,-0.07935746,0.96799999,0
-5.2991962,-5.7599959,0.6028803,-0.67505687,-0.73375744,0.076800041,0
-5.4363732,-5.6538277,-0.32027969,-0.69253165,-0.72023284,-0.04079996,0
-1.8051041,3.9110587,6.5626001,-0.22994958,0.49822405,0.83600003,0
-7.736835,1.3263147,-0.069079757,-0.98558408,0.16895729,-0.0087999692,0
-0.24118775,-7.7180152,1.4130002,-0.030724555,-0.98318666,0.18000004,0
-5.0312872,-5.0312872,3.31584,-0.64092833,-0.64092833,0.4224,0
0.8569383,-2.8768647,-7.2533994,0.10916412,-0.36647958,-0.92399991,0
-0.31293029,1.2517229,7.7432399,-0.039863732,0.15945515,0.98640001,0
5.6477904,4.0341358,3.667521,0.71946377,0.51390266,0.46720013,0
-1.8204931,-0.29722342,-7.6302009,-0.23190995,-0.037862856,-0.97200012,0
-4.6497793,-5.6830635,2.7757599,-0.59232861,-0.72395712,0.3536,0
0.90255117,4.2119088,6.5626001,0.11497467,0.53654891,0.83600003,0
3.5944431,-2.6958323,6.4369998,0.45789084,-0.34341812,0.81999999,0
-2.4473903,1.087729,-7.3789988,-0.31176949,0.1385642,-0.93999988,0
-7.6004167,0.77953035,-1.8023593,-0.96820593,0.099303231,-0.22959992,0
-1.3527534,5.9521151,-4.9360795,-0.17232528,0.75823122,-0.62879992,0
1.9689974,-7.3837419,1.7960798,0.2508277,-0.94060409,0.22879997,0
-5.5548716,3.3329234,4.4336801,-0.70762694,0.42457622,0.56480002,0
2.8755543,7.1888857,1.2936795,0.36631265,0.91578162,0.16479993,0
-1.2086346,3.9280632,6.6882,-0.15396619,0.50039023,0.852,0
4.9600391,5.9933805,-1.048761,0.63185215,0.76348799,-0.13360013,0
-1.0785887,6.625617,-4.0694404,-0.13739984,0.84402764,-0.51840007,0
-0.98383808,5.0285053,-5.9471588,-0.12532969,0.64057392,-0.75759983,0
-6.1093874,2.3841517,-4.3143601,-0.77826589,0.30371359,-0.54960001,0
-1.4010879,6.1647859,4.6534791,-0.17848253,0.78532302,0.5927999,0
0.60610968,-3.2325859,-7.127799,0.077211425,-0.41179439,-0.90799987,0
3.5386233,1.6084651,-6.8200793,0.45078003,0.20490001,-0.86879992,0
1.7705592,-4.7214909,6.0162401,0.22554894,-0.60146379,0.76640004,0
1.6865979,5.3007369,-5.5389595,0.21485324,0.67525309,-0.70559996,0
-3.5627034,3.2658117,6.1857996,-0.45384756,0.41602698,0.78799999,0
7.6348324,-0.24628468,1.8086399,0.97259015,-0.031373844,0.23039998,0
-4.3784614,5.9238014,2.7129598,-0.55776578,0.75462437,0.34559998,0
-1.2015657,4.2054806,6.51864,-0.1530657,0.53573,0.83039999,0
3.2683065,-1.1368023,-7.0461588,0.41634479,-0.14481558,-0.89759988,0
5.3715806,5.1157913,2.5685208,0.68427777,0.65169317,0.32720011,0
2.9474211,-7.0738115,-1.7018802,0.37546766,-0.90112251,-0.21680003,0
3.3720381,-6.4846892,2.8636801,0.42955899,-0.82607508,0.36480001,0
-6.7795615,2.6075244,2.9767201,-0.8636384,0.33216873,0.37920001,0
-0.23014273,7.8248596,0.58404112,-0.029317545,0.99679744,0.074400142,0
1.3710552,5.1414571,-5.7713194,0.17465672,0.65496272,-0.73519993,0
0.95983434,-7.6786704,1.3188002,0.12227189,-0.97817457,0.16800003,0
-5.30479,5.3047895,2.3110404,-0.67576945,0.67576939,0.29440007,0
3.4146683,-7.0569825,0.40192035,0.4349896,-0.89897865,0.051200043,0
7.7810388,-0.91541624,0.48984116,0.99121517,-0.11661354,0.062400147,0
-4.5216002,-4.8230395,-4.2327199,-0.57600003,-0.61439997,-0.53920001,0
5.5998545,4.2665572,3.4728401,0.71335727,0.5435105,0.44240001,0
-2.7017727,-6.5855708,-3.3095591,-0.34417486,-0.83892626,-0.42159989,0
5.8838744,-4.9032278,1.7207199,0.74953812,-0.62461501,0.2192,0
-0.51211834,4.8139114,-6.1795216,-0.065238006,0.61323714,-0.78720021,0
0.60912704,3.6547658,6.9205599,0.0775958,0.46557528,0.88160002,0
3.9466186,4.7923236,4.8041997,0.50275397,0.6104871,0.61199999,0
4.1302161,6.6542373,0.53379905,0.52614218,0.84767354,0.067999877,0
6.9784331,-0.99691904,-3.4540009,0.8889724,-0.12699606,-0.44000012,0
-3.3115201,-2.7094252,6.5814395,-0.4218497,-0.34514973,0.83839995,0
-6.1895061,0.84402275,4.7539601,-0.78847212,0.10751882,0.6056,0
-4.0088043,-4.2951484,5.20612,-0.51067573,-0.54715264,0.66320002,0
-4.4280815,-5.4120998,-3.5670385,-0.56408685,-0.68943954,-0.45439985,0
1.7762525,-7.1050086,-2.8260005,0.22627421,-0.90509665,-0.36000007,0
6.4655576,3.9788055,1.9970398,0.8236379,0.50685424,0.25439999,0
0.56338233,-6.1972113,4.7853599,0.071768448,-0.78945369,0.60960001,0
-5.6830635,4.6497793,2.7757599,-0.72395712,0.59232861,0.3536,0
-0.62699473,-0.62699473,7.7997599,-0.079871938,-0.079871938,0.99360001,0
-0.92123556,-3.070785,7.1654801,-0.11735485,-0.39118281,0.91280001,0
6.0803986,-1.6968554,-4.6660404,0.77457309,-0.21615992,-0.59440005,0
-4.1611338,5.9816303,2.9201994,-0.53008074,0.76199114,0.37199992,0
1.5232675,-1.0402802,-7.6302013,0.19404683,-0.13251978,-0.97200018,0
5.7786908,2.2014062,-4.8356013,0.73613894,0.28043392,-0.61600018,0
1.4680972,-4.991529,5.8780804,0.18701875,-0.6358636,0.74880004,0
2.1477506,-2.4545727,7.1403599,0.27359882,-0.31268442,0.90960002,0
-2.2885413,5.4352846,5.1809998,-0.29153392,0.69239295,0.65999997,0
0.57502252,5.7502303,5.3128805,0.073251277,0.73251343,0.67680007,0
3.6547654,6.2653127,3.0018399,0.46557522,0.79812902,0.38239998,0
-6.6145277,-2.6458108,3.2969999,-0.84261501,-0.33704597,0.41999999,0
4.5302258,-2.2651129,-5.9974012,0.57709879,-0.28854939,-0.76400012,0
4.7876916,5.7956271,2.2607994,0.60989702,0.73829645,0.28799993,0
6.3537188,-1.6574918,4.3017993,0.80939096,-0.21114546,0.54799992,0
-1.4869685,4.1820989,-6.474679,-0.18942276,0.5327515,-0.82479995,0
0.69784153,0.44861236,-7.8060403,0.088897012,0.057148073,-0.99440002,0
5.7502303,0.57502252,5.3128805,0.73251343,0.073251277,0.67680007,0
-2.1114531,3.6196344,6.63796,-0.2689749,0.46109992,0.84560001,0
-7.2970786,2.1123126,-1.9782,-0.92956418,0.26908439,-0.252,0
-6.7866373,-3.2676404,2.2105608,-0.8645398,-0.41625991,0.28160012,0
0.89131814,-7.7990294,0.056520153,0.11354371,-0.99350691,0.0072000194,0
4.042994,6.3171773,2.3173194,0.5150311,0.80473596,0.29519993,0
-2.9662611,3.8561397,6.1606803,-0.37786767,0.49122798,0.78480005,0
-1.7705591,4.7214913,6.0162392,-0.22554894,0.60146391,0.76639992,0
1.1218898,-5.6094508,-5.375679,0.1429159,-0.7145797,-0.68479991,0
7.7546277,-1.1403868,0.43332103,0.98785067,-0.14527221,0.055200133,0
-6.2787442,4.7090573,0.15700053,-0.79984003,0.59987992,0.020000067,0
-4.7577124,4.1979809,4.6220808,-0.60607803,0.53477466,0.58880013,0
7.8361087,0.44777718,0.131879,0.9982304,0.057041679,0.016799873,0
-4.499145,3.9698341,-5.0616803,-0.57313949,0.50571138,-0.64480007,0
-5.1504579,2.861366,5.1872797,-0.65610927,0.3645052,0.66079992,0
-6.3559618,-4.6025929,-0.20096099,-0.80967665,-0.5863176,-0.025600126,0
2.0440216,-4.9640527,5.7273602,0.26038492,-0.63236338,0.72960001,0
-1.7312649,7.4197078,1.8902795,-0.22054331,0.94518572,0.24079995,0
5.754344,-0.28771695,5.3317204,0.73303747,-0.036651842,0.67920005,0
-0.40737817,7.740181,-1.2434398,-0.051895309,0.98601031,-0.15839997,0
-3.1829133,4.6519504,-5.4635992,-0.40546668,0.59260517,-0.69599992,0
-5.6628747,1.5444205,-5.2124,-0.7213853,0.19674146,-0.66399997,0
6.3323398,-1.9272335,4.2201595,0.80666751,-0.24550745,0.53759992,0
2.4264128,-6.4704361,3.72404,0.30909717,-0.8242594,0.47440001,0
4.3699861,6.450933,-0.9545595,0.5566861,0.8217749,-0.12159993,0
-0.12290189,-5.6534925,-5.4447603,-0.015656292,-0.72019011,-0.69360006,0
-5.5765119,2.2571597,-5.042841,-0.71038371,0.28753626,-0.64240015,0
4.6525612,-2.90785,5.6143193,0.59268296,-0.37042677,0.71519995,0
-3.315834,5.4783349,-4.5404396,-0.42239925,0.69787705,-0.57839996,0
-3.8963535,4.8704419,-4.766521,-0.49635077,0.62043846,-0.60720015,0
-4.3480558,-4.9477868,-4.2704,-0.55389249,-0.63029134,-0.54400003,0
-7.6846647,-1.3972119,0.78500068,-0.97893822,-0.17798878,0.10000009,0
4.5148969,4.2327147,4.82932,0.57514608,0.53919935,0.61519998,0
-2.7129605,6.0288005,-4.2327189,-0.34560007,0.76800007,-0.53919989,0
-5.3007369,-1.6865979,-5.5389595,-0.67525309,-0.21485324,-0.70559996,0
0,-4.4930539,6.4369998,0,-0.57236356,0.81999999,0
0.92882472,-7.4305959,-2.3550003,0.11832162,-0.94657272,-0.30000004,0
2.9332373,7.0886569,1.6641991,0.3736608,0.90301365,0.21199989,0
-2.0999815,3.8999658,6.4809599,-0.26751357,0.49681094,0.82559997,0
-1.734406,5.0875907,-5.7210798,-0.22094344,0.64810073,-0.7288,0
7.4515314,-1.7648365,-1.7269998,0.94923967,-0.22481994,-0.21999997,0
5.3681626,5.3681626,-1.997038,0.68384236,0.68384236,-0.25439975,0
-6.397893,-0.83450782,4.4713602,-0.81501824,-0.10630673,0.56960005,0
-7.2308521,-1.2912239,2.7694798,-0.92112768,-0.16448712,0.35279998,0
-3.4146688,-7.056982,0.40191978,-0.43498966,-0.89897859,0.051199973,0
6.4151483,-0.72899431,-4.4650798,0.81721634,-0.092865519,-0.56879997,0
7.715342,-1.1689916,0.85408062,0.98284614,-0.14891613,0.10880008,0
-2.4577992,5.9276342,-4.5216012,-0.31309545,0.75511265,-0.57600015,0
-6.8421974,-0.4773626,-3.8182404,-0.8716175,-0.060810525,-0.48640007,0
-0.3075915,3.0759187,7.2157197,-0.039183632,0.39183679,0.91919994,0
-5.1414571,1.3710552,-5.7713194,-0.65496272,0.17465672,-0.73519993,0
1.2217791,7.5750284,1.6579198,0.15564065,0.96497178,0.21119997,0
1.3263146,7.736835,-0.069081068,0.16895728,0.98558408,-0.0088001359,0
-6.8533854,-2.4601893,-2.932759,-0.87304276,-0.31339991,-0.37359989,0
-4.6804242,-4.6804242,4.2201605,-0.59623241,-0.59623241,0.53760004,0
3.4643917,6.5641112,-2.5559607,0.44132379,0.83619255,-0.32560009,0
-7.8316407,0.43509072,-0.31400061,-0.99766123,0.055425569,-0.040000077,0
5.7291884,-1.0185225,-5.2689195,0.72983295,-0.12974809,-0.67119992,0
-0.93822426,-7.7403512,0.91060072,-0.11951902,-0.98603201,0.11600009,0
-1.5465899,2.165225,7.3852801,-0.19701782,0.27582484,0.94080001,0
-6.3864694,-1.1106901,4.4274001,-0.81356299,-0.14148919,0.56400001,0
-3.3093591,3.4096427,-6.2485981,-0.42157441,0.43434939,-0.79599977,0
3.0662875,-1.2265145,7.1215196,0.39060989,-0.15624388,0.90719998,0
6.5605049,4.2174683,0.89176083,0.83573312,0.53725713,0.11360011,0
2.8634315,3.5315654,-6.3993206,0.36476836,0.44988096,-0.81520009,0
0.53619522,7.3280087,-2.7632012,0.068305127,0.93350428,-0.35200015,0
-6.8393869,-3.0397277,2.3675606,-0.87125951,-0.38722646,0.30160007,0
-3.8754668,5.259563,4.3520403,-0.49369004,0.670008,0.55440003,0
-6.3387537,-1.4741287,-4.3897204,-0.80748457,-0.1877871,-0.55920005,0
-1.2997327,-5.3170877,-5.6268797,-0.16557105,-0.67733604,-0.71679997,0
-3.2293794,6.8386865,-2.1038003,-0.41138592,0.87117028,-0.26800004,0
6.0296993,-4.8237591,1.4130002,0.76811457,-0.61449158,0.18000004,0
6.0545034,0.53817838,-4.9674792,0.77127433,0.068557754,-0.63279992,0
-5.8941069,3.7507949,3.5796003,-0.75084168,0.47780827,0.45600006,0
-2.1776304,7.0772982,-2.6061993,-0.27740514,0.90156668,-0.3319999,0
-6.0886149,2.9662483,-3.9689591,-0.77561975,0.37786603,-0.50559992,0
1.2198402,7.1447797,-3.0144012,0.15539366,0.91016304,-0.38400015,0
1.8149092,3.6298184,6.7195997,0.23119862,0.46239725,0.85599995,0
6.7103791,-3.9842875,-0.84779966,0.85482538,-0.50755256,-0.10799996,0
0.92488772,2.7746649,7.2848005,0.11782009,0.35346049,0.92800009,0
-2.5866437,6.7252731,-3.1148794,-0.32950875,0.85672271,-0.39679992,0
-0.60961306,7.721765,-1.2748398,-0.077657714,0.98366433,-0.16239998,0
-0.31084386,2.1759088,7.5359998,-0.039597943,0.27718583,0.95999998,0
-5.387929,-2.8357518,4.9549203,-0.68636036,-0.36124226,0.63120002,0
-1.5663261,-1.479308,-7.5485606,-0.199532,-0.18844688,-0.96160007,0
-6.4704361,-2.4264135,3.7240396,-0.8242594,-0.30909726,0.47439995,0
-2.4535437,7.3606315,-1.1932007,-0.31255335,0.9376601,-0.15200008,0
5.2718349,-0.29287943,5.809,0.67157131,-0.037309483,0.74000001,0
3.3363276,1.9064729,-6.845201,0.42500988,0.24286279,-0.87200016,0
-1.2456579,-1.5570731,7.5925198,-0.15868254,-0.19835326,0.96719998,0
6.8386865,-3.2293794,-2.1038003,0.87117028,-0.41138592,-0.26800004,0
-3.5096154,-7.0192308,-0.18839964,-0.44708478,-0.89416957,-0.023999956,0
1.0185223,5.7291884,-5.268919,0.12974806,0.72983295,-0.67119986,0
-1.4685538,-4.7203517,-6.0978789,-0.18707691,-0.60131872,-0.77679986,0
2.4052312,3.6078479,6.5437598,0.3063989,0.45959848,0.83359998,0
3.6547637,0.53298628,-6.9268408,0.46557501,0.067896344,-0.8824001,0
-4.2054806,-1.2015657,6.51864,-0.53573,-0.1530657,0.83039999,0
-3.6547654,6.2653127,3.0018399,-0.46557522,0.79812902,0.38239998,0
-1.3890592,-3.4726477,-6.9017196,-0.17695022,-0.44237551,-0.87919998,0
2.1867557,3.5862796,-6.6316814,0.27856761,0.45685092,-0.84480017,0
-4.4427614,4.7204347,4.4273996,-0.56595689,0.60132927,0.56399995,0
2.1667361,-6.5002098,3.8307998,0.27601734,-0.82805222,0.48799998,0
6.696774,0.93443358,-3.9878004,0.85309225,0.11903612,-0.50800008,0
-6.366972,-4.4804621,1.0048007,-0.81107926,-0.57075953,0.12800008,0
7.408577,1.5197079,-2.1037991,0.94376779,0.19359337,-0.26799989,0
6.9041128,1.6839303,-3.3346815,0.8795048,0.21451342,-0.42480019,0
6.8216038,-3.763643,0.96083927,0.86899412,-0.47944498,0.12239991,0
6.9041128,1.6839303,-3.3346815,0.8795048,0.21451342,-0.42480019,0
-3.0222399,5.8933682,-4.2138791,-0.38499871,0.75074756,-0.53679991,0
-4.0768914,-3.9533491,-5.4196391,-0.51934922,-0.50361139,-0.69039989,0
-1.4894331,-4.4682989,-6.2799993,-0.18973669,-0.56921005,-0.79999989,0
2.8146734,-7.2712393,0.91059983,0.35855713,-0.92627251,0.11599998,0
-2.8755543,-7.1888857,1.2936795,-0.36631265,-0.91578162,0.16479993,0
4.4016037,5.8101168,-2.9139192,0.56071383,0.74014229,-0.37119991,0
-7.0164065,3.2075007,-1.4506803,-0.8938098,0.40859884,-0.18480004,0
0,0.62749678,7.8248801,0,0.079935893,0.99680001,0
-4.3699865,6.4509325,-0.95456028,-0.55668616,0.82177484,-0.12160004,0
6.5641112,-3.4643917,-2.5559607,0.83619255,-0.44132379,-0.32560009,0
-0.26420793,7.1336207,3.2656007,-0.033657063,0.90874153,0.4160001,0
4.9051547,2.8853855,5.4070792,0.62486047,0.36756504,0.68879992,0
4.673131,-2.6286359,5.7336392,0.5953033,-0.33485809,0.73039991,0
-5.022995,5.3817801,-2.7255204,-0.63987195,0.68557709,-0.34720007,0
7.1356359,0,3.2718806,0.90899819,0,0.41680008,0
-3.7745357,6.8829775,1.8715858e-07,-0.48083258,0.87681246,2.3841856e-08,0
7.6846647,1.3972119,0.78500068,0.97893822,0.17798878,0.10000009,0
-5.2931123,-4.7638016,3.3032801,-0.67428178,-0.60685366,0.4208,0
4.8704419,-3.8963535,-4.766521,0.62043846,-0.49635077,-0.60720015,0
1.1970772,-4.2358117,-6.4998002,0.15249391,-0.53959388,-0.82800001,0
-4.6525602,2.907851,5.6143198,-0.59268284,0.37042689,0.71520001,0
2.7775416,0.61723107,7.3162003,0.35382697,0.07862816,0.93200004,0
-4.7577124,4.1979809,4.6220808,-0.60607803,0.53477466,0.58880013,0
-7.3766961,2.682435,0.10676062,-0.9397065,0.34171146,0.013600079,0
-5.8112059,3.984827,-3.4602799,-0.74028099,0.50762129,-0.44080001,0
1.5694976,-7.0627384,3.0458007,0.199936,-0.89971191,0.3880001,0
-2.6471057,0.27011287,-7.3852806,-0.33721092,0.034409285,-0.94080007,0
-2.8085012,5.6170025,4.7100005,-0.35777086,0.71554172,0.60000008,0
1.2823968,-7.3279824,-2.5057201,0.16336265,-0.93350095,-0.31920001,0
-7.7101622,0.48188469,1.3941603,-0.98218626,0.061386585,0.17760004,0
6.9254589,1.3318194,3.4477203,0.88222408,0.16965853,0.43920004,0
-6.3998346,-2.9332578,3.4728394,-0.8152656,-0.37366343,0.44239992,0
3.0117829,3.0117829,6.5939994,0.3836666,0.3836666,0.83999991,0
4.4891014,0.59854639,6.4118805,0.57186007,0.076247945,0.81680006,0
0.17403622,4.1768732,-6.6442409,0.02217022,0.53208578,-0.84640014,0
-4.9477868,-4.3480558,-4.2704,-0.63029134,-0.55389249,-0.54400003,0
2.2149808,7.5309319,-0.037679181,0.28216317,0.9593544,-0.0047998955,0
-3.260149,-0.90174329,-7.0838399,-0.41530561,-0.11487176,-0.90240002,0
2.7590785,-1.8393862,7.1152401,0.35147497,-0.23431672,0.90640002,0
2.861366,5.1504579,5.1872797,0.3645052,0.65610927,0.66079992,0
-4.6519504,3.1829133,-5.4635992,-0.59260517,0.40546668,-0.69599992,0
-2.9662483,-6.0886149,-3.9689591,-0.37786603,-0.77561975,-0.50559992,0
-2.4597237,4.3847256,-6.028801,-0.3133406,0.55856377,-0.76800013,0
-5.2656221,5.6706696,-1.3187987,-0.67077988,0.72237831,-0.16799983,0
2.1776304,7.0772982,-2.6061993,0.27740514,0.90156668,-0.3319999,0
-3.5613742,-6.4104743,-2.8008804,-0.45367825,-0.81662095,-0.35680005,0
6.8326368,-3.7268932,-1.0236394,0.87039959,-0.47476348,-0.13039993,0
-4.726963,-6.1656041,-1.1241201,-0.60216093,-0.78542727,-0.14320001,0
-3.0646141,7.2237334,-0.21979906,-0.39039671,0.92022085,-0.02799988,0
2.1723533,-0.9310087,7.4857597,0.27673292,-0.11859984,0.95360005,0
4.3480558,-4.9477868,-4.2704,0.55389249,-0.63029134,-0.54400003,0
5.0641418,-3.6574354,4.7539597,0.64511359,-0.46591535,0.60559994,0
0.29287943,-5.2718349,5.809,0.037309483,-0.67157131,0.74000001,0
-7.1050506,-2.6883972,-1.9782,-0.90510201,-0.34247097,-0.252,0
-7.3369727,-1.5179943,2.3424392,-0.93464619,-0.19337507,0.2983999,0
4.6519504,3.1829133,-5.4635992,0.59260517,0.40546668,-0.69599992,0
7.4178977,0,2.5685191,0.94495511,0,0.32719991,0
2.2958531,-6.2753325,-4.1196795,0.29246536,-0.7994054,-0.52479994,0
-4.7133274,-0.60170138,-6.2486,-0.60042387,-0.07664986,-0.796,0
3.4892166,6.7292037,2.0410008,0.4444862,0.85722339,0.26000011,0
-6.0288,4.5216002,-2.198,-0.76800001,0.57600003,-0.28,0
-0.80460024,5.2873735,-5.7461987,-0.10249685,0.67355078,-0.73199981,0
-1.7634169,4.8493967,-5.9157596,-0.2246391,0.61775756,-0.75359994,0
7.7846141,0,1.0110806,0.99167061,0,0.12880008,0
0,7.7846141,1.0110806,0,0.99167061,0.12880008,0
-5.6808772,-3.058934,-4.4713593,-0.72367865,-0.38967311,-0.56959993,0
5.1949229,3.7518883,-4.5341601,0.66177362,0.47794756,-0.5776,0
7.2552724,0.88478947,-2.8636813,0.9242385,0.11271203,-0.36480018,0
-5.2681975,0.58535475,5.7901597,-0.67110795,0.074567482,0.73759997,0
2.0164573,7.4608908,-1.3753206,0.25687355,0.95043194,-0.17520007,0
-0.62737203,-0.31368554,7.8185997,-0.079920001,-0.039959941,0.99599999,0
-3.2755361,-4.3283868,-5.6708403,-0.41726574,-0.55138683,-0.72240007,0
-6.4369969,-2.6820819,3.6047196,-0.81999964,-0.34166649,0.45919997,0
5.0041747,5.5601945,-2.3801198,0.63747448,0.70830506,-0.30319998,0
3.3021097,-5.2283401,-4.8355999,0.42065093,-0.66603059,-0.616,0
-5.1786203,5.1786203,2.8260005,-0.65969688,0.65969688,0.36000007,0
-0.87702173,-5.2621303,5.75876,-0.11172251,-0.67033505,0.73360002,0
0.92814404,2.4750526,7.3915601,0.11823491,0.31529334,0.94160002,0
7.6833944,1.4939932,-0.59660059,0.9787764,0.1903176,-0.07600008,0
-0.95983368,-7.6786709,1.3188003,-0.12227181,-0.97817463,0.16800004,0
2.1544883,2.1544883,7.23456,0.27445713,0.27445713,0.92159998,0
-3.8963535,4.8704419,-4.766521,-0.49635077,0.62043846,-0.60720015,0
6.0143261,3.007163,4.0505991,0.7661562,0.3830781,0.51599991,0
7.2067699,2.2758222,-2.1226399,0.91805989,0.28991365,-0.27039999,0
-1.8238833,-3.3437862,6.8640399,-0.23234183,-0.42596003,0.87440002,0
-3.4656153,6.131474,3.4665594,-0.44147965,0.78107953,0.44159994,0
-1.8975061,-2.3259752,-7.2533998,-0.24172053,-0.29630259,-0.92399997,0
3.594883,3.8195629,-5.8403983,0.45794687,0.48656854,-0.74399978,0
-2.4791293,0.30989081,7.4417996,-0.31581265,0.039476536,0.94799995,0
5.0173974,5.1904111,-3.0834813,0.6391589,0.66119885,-0.39280018,0
-0.69784153,0.44861236,-7.8060403,-0.088897012,0.057148073,-0.99440002,0
0,5.5184693,5.5829201,0,0.70298976,0.7112,0
-1.8753974,-5.76015,-4.9926,-0.23890413,-0.73377705,-0.63599998,0
7.3075299,-1.7638862,2.2607992,0.93089557,-0.22469889,0.2879999,0
7.7831931,0.63106906,-0.8038401,0.99148959,0.080390967,-0.10240001,0
-3.2705178,-5.9180794,-3.9877999,-0.41662648,-0.75389546,-0.50800002,0
-6.6450887,3.6073339,-2.1100798,-0.84650815,0.45953298,-0.26879996,0
3.0256832,-4.9167347,-5.3191595,0.38543734,-0.62633562,-0.67759997,0
-3.3628676,6.9659414,1.3376395,-0.42839077,0.88738108,0.17039993,0
-5.9756365,5.0903578,-0.050239902,-0.76122761,0.64845324,-0.0063999877,0
-5.2133384,2.0274091,5.5075598,-0.66411954,0.25826868,0.70159996,0
1.6223562,-7.6482511,0.70336074,0.20666958,-0.97429949,0.089600094,0
-1.561815,0.31236264,7.6867199,-0.19895732,0.03979142,0.97920001,0
4.5638924,6.2453265,1.3376404,0.58138758,0.79558301,0.17040005,0
-4.9167948,-5.4343524,2.8134398,-0.62634331,-0.69227421,0.35839999,0
0.73692995,7.6149497,1.7584,0.093876429,0.97005731,0.22399999,0
0.19639421,7.6593814,-1.7081592,0.02501837,0.97571737,-0.2175999,0
6.1121664,-3.2169297,-3.7303195,0.77861995,-0.40979996,-0.47519994,0
6.1818137,-3.8857112,-2.8825209,0.78749222,-0.49499506,-0.36720011,0
2.2224014,-2.424438,-7.1278,0.28310847,-0.30884561,-0.90799999,0
-3.0765588,0,7.2220001,-0.39191833,0,0.92000002,0
7.0431113,3.4148426,-0.59659982,0.89721167,0.4350118,-0.075999975,0
3.334497,-2.1219523,6.7823997,0.4247767,-0.2703124,0.86399996,0
7.1336207,-0.26420793,3.2656007,0.90874153,-0.033657063,0.4160001,0
6.5956149,0.82445103,4.1761999,0.84020573,0.10502561,0.53200001,0
-1.9295011,1.3988883,-7.4794812,-0.24579631,0.17820233,-0.9528001,0
0.8005451,-1.3769376,-7.6867204,0.10198027,-0.17540607,-0.97920007,0
-2.8354044,-6.9939971,-2.1603203,-0.36119801,-0.89095503,-0.27520004,0
-3.0256832,4.9167347,-5.3191595,-0.38543734,0.62633562,-0.67759997,0
-1.0523449,7.1033292,3.1714005,-0.13405667,0.90488273,0.40400007,0
-3.3958485,6.28232,-3.2593198,-0.43259218,0.80029553,-0.41519997,0
1.9530088,-7.5950365,-0.35167944,0.24879093,-0.96752059,-0.044799931,0
1.7704144,4.5822482,-6.1230001,0.22553049,0.58372587,-0.78000003,0
7.4336157,2.1581459,1.3062402,0.94695741,0.27492306,0.16640003,0
-1.1403867,-7.7546277,0.43331978,-0.1452722,-0.98785067,0.055199973,0
-6.6812677,2.1380053,3.5230801,-0.8511169,0.27235737,0.44880003,0
0.60610968,-3.2325859,-7.127799,0.077211425,-0.41179439,-0.90799987,0
-4.2782383,-1.9898781,-6.2737198,-0.54499853,-0.25348765,-0.7992,0
5.2704835,2.5709672,-5.2186809,0.67139918,0.32751176,-0.66480011,0
2.8146734,-7.2712393,0.91059983,0.35855713,-0.92627251,0.11599998,0
7.0627384,-1.5694976,3.0458007,0.89971191,-0.199936,0.3880001,0
1.2428696,1.8643035,7.5234399,0.15832734,0.23749089,0.95840001,0
-6.8555055,-3.4277523,1.6956002,-0.87331283,-0.43665636,0.21600002,0
0.60912704,3.6547658,6.9205599,0.0775958,0.46557528,0.88160002,0
3.996192,5.3794899,-4.0882807,0.50906903,0.68528533,-0.52080011,0
-6.1220498,4.8554187,-0.75360131,-0.77987897,0.61852467,-0.096000165,0
-4.0442429,-0.33702019,-6.7195992,-0.51519018,-0.04293251,-0.85599989,0
-5.3601112,3.1032228,4.82304,-0.68281674,0.39531502,0.61440003,0
-0.92123556,3.0707858,7.1654797,-0.11735485,0.3911829,0.91279995,0
-1.8938563,2.7055087,-7.1215186,-0.24125558,0.3446508,-0.90719986,0
-5.4805369,-3.8363755,4.1071205,-0.69815761,-0.48871025,0.52320009,0
-4.2999802,6.4499693,1.2371604,-0.54776818,0.82165217,0.15760006,0
6.3075809,-2.1939414,4.1259594,0.80351353,-0.27948299,0.52559996,0
4.9782615,-5.7250009,2.0158806,0.63417345,-0.72929949,0.25680009,0
0.31236264,-1.561815,7.6867199,0.03979142,-0.19895732,0.97920001,0
3.9280632,-1.2086346,6.6882,0.50039023,-0.15396619,0.852,0
