-4.2872171,2.5699904,-1.8967705,-0.95271695,0.1385192,-0.27044934,0
3.4477594,4.6009855,1.959621,0.011333585,0.90562826,0.42392078,0
4.8954086,-4.7079892,-2.0781198,-0.011333585,-0.90562826,-0.42392078,0
-2.4984133,2.4401474,-2.1631694,0.3036477,0.40081137,-0.86437738,0
4.2144775,-0.89484751,2.9167953,0.95271695,-0.1385192,0.27044934,0
-0.72121716,-5.2098646,-0.62715816,-0.011333585,-0.90562826,-0.42392078,0
-1.799242,5.2350178,0.88965118,0.011333585,0.90562826,0.42392078,0
2.4703622,1.3229356,-0.79948092,0.3036477,0.40081137,-0.86437738,0
4.3479099,2.4936385,4.16363,0.95271695,-0.1385192,0.27044934,0
1.1287751,2.9064527,-0.46575177,0.3036477,0.40081137,-0.86437738,0
-5.250464,-1.5481584,-1.1324477,-0.95271695,0.1385192,-0.27044934,0
-4.4738674,2.4098618,-1.3530962,-0.95271695,0.1385192,-0.27044934,0
-5.3073816,-3.4617348,-1.5954604,-0.95271695,0.1385192,-0.27044934,0
0.12898254,-5.1012392,-0.9851265,-0.011333585,-0.90562826,-0.42392078,0
0.88752127,-3.7898605,-3.6541531,-0.011333585,-0.90562826,-0.42392078,0
-5.0858994,-2.0170133,-1.6495419,-0.95271695,0.1385192,-0.27044934,0
-4.4470091,4.4624176,-0.79479718,-0.95271695,0.1385192,-0.27044934,0
-3.8600357,2.7092526,-2.3152845,0.3036477,0.40081137,-0.86437738,0
4.9832301,-1.2365363,0.57624364,0.95271695,-0.1385192,0.27044934,0
2.6361663,-5.63447,0.36340219,-0.011333585,-0.90562826,-0.42392078,0
-0.5416522,5.3269129,0.20987642,0.011333585,0.90562826,0.42392078,0
-4.5478616,1.7929287,-1.8751323,-0.95271695,0.1385192,-0.27044934,0
-0.11017776,5.0853324,0.053905249,0.3036477,0.40081137,-0.86437738,0
-4.6833081,-4.7537122,-1.4839764,-0.011333585,-0.90562826,-0.42392078,0
-0.42633867,-3.7894771,-3.5209818,-0.011333585,-0.90562826,-0.42392078,0
2.5977788,-4.6601048,-1.7435092,-0.011333585,-0.90562826,-0.42392078,0
4.0063891,-4.2994347,-2.6955371,-0.011333585,-0.90562826,-0.42392078,0
2.6841011,-4.9523144,-1.4914424,-0.011333585,-0.90562826,-0.42392078,0
-5.3410044,-1.6637552,-0.63314009,-0.95271695,0.1385192,-0.27044934,0
4.3142767,-0.50758171,2.7363856,0.95271695,-0.1385192,0.27044934,0
1.7981853,3.937124,3.1633828,0.011333585,0.90562826,0.42392078,0
-2.6761222,4.5266371,2.3547223,0.011333585,0.90562826,0.42392078,0
3.5043864,1.2477996,4.2080545,-0.3036477,-0.40081137,0.86437738,0
0.55727661,0.11886179,-1.9650319,0.3036477,0.40081137,-0.86437738,0
-5.3598461,-4.0173855,-1.5743318,-0.95271695,0.1385192,-0.27044934,0
-4.1978207,3.2000852,-2.0857494,-0.95271695,0.1385192,-0.27044934,0
2.4897673,0.73094344,-1.1320293,0.3036477,0.40081137,-0.86437738,0
4.8909421,-0.98643947,0.91635418,0.95271695,-0.1385192,0.27044934,0
-2.646297,-4.8889894,-1.2276797,-0.011333585,-0.90562826,-0.42392078,0
4.5672812,2.1765475,3.5210891,0.95271695,-0.1385192,0.27044934,0
2.6744449,3.3600025,4.478343,0.011333585,0.90562826,0.42392078,0
-0.075581074,-4.0462494,-3.293324,-0.011333585,-0.90562826,-0.42392078,0
2.1903286,-1.2634572,-2.1952329,0.3036477,0.40081137,-0.86437738,0
4.7122259,-5.0001473,-1.3731834,-0.011333585,-0.90562826,-0.42392078,0
-3.5460491,5.2720723,-1.0274405,0.3036477,0.40081137,-0.86437738,0
4.8859582,-3.0698369,-0.65793347,0.95271695,-0.1385192,0.27044934,0
2.299861,-1.5933942,2.4172828,-0.3036477,-0.40081137,0.86437738,0
-4.1142836,5.2873411,0.84400296,0.011333585,0.90562826,0.42392078,0
0.53559065,4.9708333,0.97455311,0.011333585,0.90562826,0.42392078,0
1.7659392,4.642045,1.6628323,0.011333585,0.90562826,0.42392078,0
1.3458506,3.8701825,-0.14776945,0.3036477,0.40081137,-0.86437738,0
0.69591236,-4.1367025,-2.7455807,-0.011333585,-0.90562826,-0.42392078,0
-4.7797017,2.466289,-0.19497657,-0.95271695,0.1385192,-0.27044934,0
-4.7145014,3.3218853,-0.40760088,-0.95271695,0.1385192,-0.27044934,0
4.7398558,4.5132017,1.8049321,0.011333585,0.90562826,0.42392078,0
-5.0202551,2.7172518,0.40086603,-0.95271695,0.1385192,-0.27044934,0
3.7961776,-2.7580519,2.3333919,-0.3036477,-0.40081137,0.86437738,0
-3.5568838,-4.8281283,-1.2265315,-0.011333585,-0.90562826,-0.42392078,0
1.393435,-2.6889753,1.5730056,-0.3036477,-0.40081137,0.86437738,0
2.4264412,-4.4428163,-2.4347982,-0.011333585,-0.90562826,-0.42392078,0
5.0120387,0.16895986,0.67852688,0.95271695,-0.1385192,0.27044934,0
3.6833258,4.535821,0.99515915,0.3036477,0.40081137,-0.86437738,0
4.8245325,-1.6728647,0.93941641,0.95271695,-0.1385192,0.27044934,0
1.295083,-1.1155061,-2.3070374,0.3036477,0.40081137,-0.86437738,0
1.9073403,-4.7045021,0.79343921,-0.3036477,-0.40081137,0.86437738,0
-4.162776,2.9952664,-2.138344,-0.95271695,0.1385192,-0.27044934,0
2.7690644,4.5912585,1.9799976,0.011333585,0.90562826,0.42392078,0
-1.9191318,3.3915229,-1.4512004,0.3036477,0.40081137,-0.86437738,0
2.6424611,0.063221455,-1.2704462,0.3036477,0.40081137,-0.86437738,0
5.1135464,-0.53945303,0.083895683,0.95271695,-0.1385192,0.27044934,0
2.2092249,2.4820418,-0.42501163,0.3036477,0.40081137,-0.86437738,0
2.9376392,1.3600997,3.9620376,-0.3036477,-0.40081137,0.86437738,0
-2.3419642,2.3089089,-2.1101856,0.3036477,0.40081137,-0.86437738,0
-0.61322021,-2.6283393,-3.7967849,0.3036477,0.40081137,-0.86437738,0
-3.7394168,1.0899181,-3.0327215,0.3036477,0.40081137,-0.86437738,0
4.2271318,1.240348,4.3658314,0.95271695,-0.1385192,0.27044934,0
4.2269845,-3.8706772,-2.6084371,0.3036477,0.40081137,-0.86437738,0
-4.333498,0.74910796,-2.8187976,-0.95271695,0.1385192,-0.27044934,0
-0.91659451,4.3299179,2.766746,0.011333585,0.90562826,0.42392078,0
2.3131721,1.9696256,-0.5027287,0.3036477,0.40081137,-0.86437738,0
3.9025881,0.60001761,4.0590611,-0.3036477,-0.40081137,0.86437738,0
4.3126755,-5.7771769,0.39805877,0.95271695,-0.1385192,0.27044934,0
4.2245121,-0.77331686,2.8679726,0.95271695,-0.1385192,0.27044934,0
-4.9309468,4.7154512,1.417859,-0.95271695,0.1385192,-0.27044934,0
-5.4731874,-1.9379065,-0.46571922,-0.3036477,-0.40081137,0.86437738,0
-0.80434227,-4.2187448,-2.8825266,-0.011333585,-0.90562826,-0.42392078,0
-0.75054789,3.3037767,3.4688482,-0.3036477,-0.40081137,0.86437738,0
1.1477162,0.1113494,2.7508938,-0.3036477,-0.40081137,0.86437738,0
-5.3742032,1.7005441,1.0504282,-0.95271695,0.1385192,-0.27044934,0
2.4894862,-4.0437174,1.244929,-0.3036477,-0.40081137,0.86437738,0
3.6668866,-0.31062675,-1.1310568,0.3036477,0.40081137,-0.86437738,0
3.3057292,0.55502689,3.7564337,-0.3036477,-0.40081137,0.86437738,0
-2.7948198,-4.7897344,-1.3814244,-0.011333585,-0.90562826,-0.42392078,0
-3.950237,-2.6757588,-0.41627169,-0.3036477,-0.40081137,0.86437738,0
-1.2824833,-3.1343334,0.38515818,-0.3036477,-0.40081137,0.86437738,0
3.4815016,-0.19579434,-1.2840542,0.3036477,0.40081137,-0.86437738,0
-0.20404959,5.1606507,1.0077057,0.011333585,0.90562826,0.42392078,0
-4.2570944,-0.67381591,-3.5994487,-0.95271695,0.1385192,-0.27044934,0
-4.619431,2.8413012,-0.7391119,-0.95271695,0.1385192,-0.27044934,0
4.6403084,2.8835421,3.9195089,0.95271695,-0.1385192,0.27044934,0
0.11014223,-3.966835,-3.2018521,-0.011333585,-0.90562826,-0.42392078,0
-2.9742584,4.3474941,2.4391291,0.011333585,0.90562826,0.42392078,0
4.2214432,2.2326458,4.4593892,0.95271695,-0.1385192,0.27044934,0
4.7310581,1.3288245,2.8634472,0.95271695,-0.1385192,0.27044934,0
-5.2778816,3.1534908,1.6707743,-0.95271695,0.1385192,-0.27044934,0
-1.9733572,5.3442888,0.58343381,0.011333585,0.90562826,0.42392078,0
0.29510164,-4.8251309,-1.6473118,-0.011333585,-0.90562826,-0.42392078,0
2.6390834,-4.5077143,1.1713438,-0.3036477,-0.40081137,0.86437738,0
-0.75678492,-1.5805484,-3.3683159,0.3036477,0.40081137,-0.86437738,0
4.1289682,2.6590667,0.48177052,0.3036477,0.40081137,-0.86437738,0
-4.1902323,-0.37692857,-4.049912,0.3036477,0.40081137,-0.86437738,0
-1.150084,-0.58262253,1.6838973,-0.3036477,-0.40081137,0.86437738,0
-0.29900134,-0.90910572,1.7215955,-0.3036477,-0.40081137,0.86437738,0
-4.4479203,4.1530666,-0.7249167,-0.95271695,0.1385192,-0.27044934,0
2.3716221,-0.84953439,-1.867458,0.3036477,0.40081137,-0.86437738,0
-1.550699,-2.5555506,0.65183258,-0.3036477,-0.40081137,0.86437738,0
5.0724635,3.7700298,2.2459087,0.95271695,-0.1385192,0.27044934,0
0.87100029,-4.5884066,-2.2281761,-0.011333585,-0.90562826,-0.42392078,0
0.56100035,4.7309413,1.6269281,0.011333585,0.90562826,0.42392078,0
-3.0610509,2.8087349,-2.0628896,0.3036477,0.40081137,-0.86437738,0
-1.796948,-3.9661651,-3.4359572,-0.011333585,-0.90562826,-0.42392078,0
1.1747191,2.3844604,-0.69600773,0.3036477,0.40081137,-0.86437738,0
-4.7388268,0.81655049,-1.6308579,-0.95271695,0.1385192,-0.27044934,0
-4.2160897,2.775692,-1.8589752,-0.95271695,0.1385192,-0.27044934,0
-1.1853065,-3.2145078,-4.2712302,0.3036477,0.40081137,-0.86437738,0
-1.5760362,2.4540086,2.7831118,-0.3036477,-0.40081137,0.86437738,0
1.308928,3.5714259,3.9010458,0.011333585,0.90562826,0.42392078,0
-2.9447517,3.4871428,2.8586121,-0.3036477,-0.40081137,0.86437738,0
-5.2900972,-1.3245087,-0.19389725,-0.95271695,0.1385192,-0.27044934,0
4.830327,3.8208601,1.2347355,0.3036477,0.40081137,-0.86437738,0
-4.3513255,-1.6056046,-3.7557781,-0.95271695,0.1385192,-0.27044934,0
-4.1168537,4.2337208,-1.4484317,-0.95271695,0.1385192,-0.27044934,0
-3.4576991,4.6211157,-1.4300324,0.3036477,0.40081137,-0.86437738,0
-0.69359672,1.8786047,-1.7908417,0.3036477,0.40081137,-0.86437738,0
-4.6233358,0.96565151,-1.5292652,-0.95271695,0.1385192,-0.27044934,0
0.86979508,5.1797409,0.91412973,0.011333585,0.90562826,0.42392078,0
-1.0361681,2.5190437,3.2052298,-0.3036477,-0.40081137,0.86437738,0
2.725913,-4.3282404,-2.7942891,-0.011333585,-0.90562826,-0.42392078,0
-4.3155851,0.96471232,-2.5756395,-0.95271695,0.1385192,-0.27044934,0
-5.0659714,-2.9974885,-2.1076584,-0.95271695,0.1385192,-0.27044934,0
-0.028677464,4.9910154,1.220795,0.011333585,0.90562826,0.42392078,0
-4.8821735,-0.6623857,-1.6029706,-0.95271695,0.1385192,-0.27044934,0
-1.3229413,4.2723875,2.7513323,0.011333585,0.90562826,0.42392078,0
5.1479254,-2.2448869,-0.44680309,0.95271695,-0.1385192,0.27044934,0
3.9201908,3.73876,0.8781724,0.3036477,0.40081137,-0.86437738,0
4.2002382,-5.3438892,1.1897275,0.95271695,-0.1385192,0.27044934,0
4.7792125,-3.7137175,0.052360535,0.95271695,-0.1385192,0.27044934,0
-5.1937628,-0.011208534,-0.35955954,-0.95271695,0.1385192,-0.27044934,0
5.3067956,-2.1888309,-1.4482253,0.3036477,0.40081137,-0.86437738,0
3.2678468,-3.1073976,-2.6373453,0.3036477,0.40081137,-0.86437738,0
-4.4590344,-2.9330196,-4.590189,-0.95271695,0.1385192,-0.27044934,0
4.437233,4.4101925,2.0803761,0.011333585,0.90562826,0.42392078,0
-1.2425932,2.3613248,-1.7178892,0.3036477,0.40081137,-0.86437738,0
-4.1623297,2.2271593,-2.7480505,-0.95271695,0.1385192,-0.27044934,0
-4.8832731,2.9082673,0.53032708,-0.95271695,0.1385192,-0.27044934,0
5.2352548,-4.5435276,-2.1599472,0.95271695,-0.1385192,0.27044934,0
-4.7316532,-3.7690897,-3.5059543,-0.95271695,0.1385192,-0.27044934,0
-2.3522367,-0.069423176,-3.1916323,0.3036477,0.40081137,-0.86437738,0
-1.8988223,-3.4496851,0.15891194,-0.3036477,-0.40081137,0.86437738,0
-0.048233032,-2.6280546,-3.5581095,0.3036477,0.40081137,-0.86437738,0
4.2186885,3.8641028,0.95371962,0.3036477,0.40081137,-0.86437738,0
4.7330141,3.5257549,3.492456,0.95271695,-0.1385192,0.27044934,0
3.8530996,-2.7384315,2.4797792,-0.3036477,-0.40081137,0.86437738,0
-0.96835995,-3.7657628,-3.8625076,-0.011333585,-0.90562826,-0.42392078,0
-5.0372314,-1.7899442,-1.4359002,-0.95271695,0.1385192,-0.27044934,0
-4.2596965,0.95594281,-3.0376508,-0.95271695,0.1385192,-0.27044934,0
0.15965414,5.0797381,1.123034,0.011333585,0.90562826,0.42392078,0
1.1274025,0.52832878,-1.7869835,0.3036477,0.40081137,-0.86437738,0
0.0031968355,-0.071222544,2.3503435,-0.3036477,-0.40081137,0.86437738,0
3.317894,-5.60677,-0.12207514,-0.011333585,-0.90562826,-0.42392078,0
0.48948288,-5.1241055,0.19391954,-0.3036477,-0.40081137,0.86437738,0
-2.9525189,-3.0171475,-0.2133317,-0.3036477,-0.40081137,0.86437738,0
-5.1592607,1.5215178,1.1525288,-0.3036477,-0.40081137,0.86437738,0
-4.8712144,-1.1998858,-1.841547,-0.95271695,0.1385192,-0.27044934,0
5.1679769,-1.9964126,-0.7488687,0.95271695,-0.1385192,0.27044934,0
0.034594581,1.5639377,-1.4847333,0.3036477,0.40081137,-0.86437738,0
-4.9311538,3.0200038,0.24736285,-0.95271695,0.1385192,-0.27044934,0
4.8414435,1.4230428,2.0258451,0.95271695,-0.1385192,0.27044934,0
-5.2340455,4.4323297,2.3421531,0.011333585,0.90562826,0.42392078,0
4.9794521,-3.1631958,-0.74332976,0.95271695,-0.1385192,0.27044934,0
-4.274128,0.16951776,-3.0194976,-0.95271695,0.1385192,-0.27044934,0
-3.7418621,2.38551,1.9916669,-0.3036477,-0.40081137,0.86437738,0
-3.0981441,1.5576221,1.9292444,-0.3036477,-0.40081137,0.86437738,0
1.6254423,5.0858707,0.99392486,0.011333585,0.90562826,0.42392078,0
-4.3130431,5.0737152,-0.3599298,-0.95271695,0.1385192,-0.27044934,0
0.071165562,-5.33957,-0.2850461,-0.011333585,-0.90562826,-0.42392078,0
-4.8780603,-3.5796576,-3.161314,-0.95271695,0.1385192,-0.27044934,0
2.2145729,4.0781312,2.9958062,0.011333585,0.90562826,0.42392078,0
-2.3751686,-3.9501798,-3.3935313,-0.011333585,-0.90562826,-0.42392078,0
-4.2159152,4.0877752,-1.702268,-0.95271695,0.1385192,-0.27044934,0
-0.99599671,-0.71285939,-3.1021528,0.3036477,0.40081137,-0.86437738,0
-0.41301608,2.0035863,3.0845211,-0.3036477,-0.40081137,0.86437738,0
-4.034235,5.7214708,-0.51395833,0.011333585,0.90562826,0.42392078,0
-3.7182388,0.94906282,-3.1257932,0.3036477,0.40081137,-0.86437738,0
-2.8408008,-3.3367047,-4.5095072,-0.011333585,-0.90562826,-0.42392078,0
-3.6297927,5.4504385,0.039025068,0.011333585,0.90562826,0.42392078,0
-1.9347906,-3.3609476,-4.3295531,-0.011333585,-0.90562826,-0.42392078,0
0.98967957,-3.9351225,0.78353047,-0.3036477,-0.40081137,0.86437738,0
2.300106,5.0920529,1.0623686,0.011333585,0.90562826,0.42392078,0
3.804029,4.4998121,2.2387218,0.011333585,0.90562826,0.42392078,0
5.2204714,-1.8478956,-1.3736105,0.3036477,0.40081137,-0.86437738,0
-4.6127462,3.9867625,-0.35107279,-0.95271695,0.1385192,-0.27044934,0
4.319272,-3.586338,1.6871407,0.95271695,-0.1385192,0.27044934,0
3.4210696,1.439332,-0.43310022,0.3036477,0.40081137,-0.86437738,0
4.6348314,3.8881912,3.5966353,0.011333585,0.90562826,0.42392078,0
3.6481678,3.2913861,0.41563559,0.3036477,0.40081137,-0.86437738,0
0.61279082,-1.411721,1.8759699,-0.3036477,-0.40081137,0.86437738,0
4.912405,1.653145,2.3233156,0.95271695,-0.1385192,0.27044934,0
-2.4118071,-4.7532463,-1.6238983,-0.011333585,-0.90562826,-0.42392078,0
-2.2323983,0.75577635,-2.7597079,0.3036477,0.40081137,-0.86437738,0
4.1621704,-4.2096176,1.9222784,0.95271695,-0.1385192,0.27044934,0
-4.8765726,-3.4354286,-2.7862525,-0.95271695,0.1385192,-0.27044934,0
-2.9657843,2.8252015,-1.9996465,0.3036477,0.40081137,-0.86437738,0
3.9598198,-5.7653608,0.5050472,-0.011333585,-0.90562826,-0.42392078,0
4.6039281,0.02580905,-0.64690232,0.3036477,0.40081137,-0.86437738,0
-2.8374474,1.9383984,2.1070287,-0.3036477,-0.40081137,0.86437738,0
-3.2224886,-4.5806689,-1.8263917,-0.011333585,-0.90562826,-0.42392078,0
-4.322217,5.3705711,0.53315365,0.011333585,0.90562826,0.42392078,0
-4.9622059,-1.4822993,-2.0312843,-0.95271695,0.1385192,-0.27044934,0
0.92498779,2.6577518,3.9079885,-0.3036477,-0.40081137,0.86437738,0
-2.4834938,4.7983408,1.8074472,0.011333585,0.90562826,0.42392078,0
-1.2823715,-4.5653152,-2.035789,-0.011333585,-0.90562826,-0.42392078,0
4.8655691,4.4591684,2.2404971,0.011333585,0.90562826,0.42392078,0
4.6575661,1.7643745,2.9482837,0.95271695,-0.1385192,0.27044934,0
-4.6828318,-1.0471592,-2.2408686,-0.95271695,0.1385192,-0.27044934,0
-4.9801087,-2.712575,-2.141129,-0.95271695,0.1385192,-0.27044934,0
-5.101336,2.0015712,0.73648739,-0.95271695,0.1385192,-0.27044934,0
-4.4735732,4.6236219,-0.13523769,-0.95271695,0.1385192,-0.27044934,0
-5.3523517,4.4846349,2.50772,-0.95271695,0.1385192,-0.27044934,0
5.2543788,2.3965521,0.84203053,0.95271695,-0.1385192,0.27044934,0
4.0789366,4.7888727,1.5426545,0.011333585,0.90562826,0.42392078,0
-4.5515599,0.40066838,0.97913694,-0.3036477,-0.40081137,0.86437738,0
-3.8859768,3.5540848,-1.9903365,0.3036477,0.40081137,-0.86437738,0
4.6842632,3.1639771,3.5829287,0.95271695,-0.1385192,0.27044934,0
2.543236,4.6532145,1.6575186,0.011333585,0.90562826,0.42392078,0
3.5358386,4.7557287,1.4748845,0.011333585,0.90562826,0.42392078,0
-1.7720165,4.4890308,2.2484641,0.011333585,0.90562826,0.42392078,0
4.969595,-0.8220849,0.24884439,0.95271695,-0.1385192,0.27044934,0
4.2463913,-3.2624974,1.7304051,0.95271695,-0.1385192,0.27044934,0
-4.36129,4.0926609,2.6109262,-0.3036477,-0.40081137,0.86437738,0
4.367908,-4.9877825,-1.0688457,-0.011333585,-0.90562826,-0.42392078,0
0.53606272,4.7157731,1.7860402,0.011333585,0.90562826,0.42392078,0
-4.558629,0.065147996,-2.115989,-0.95271695,0.1385192,-0.27044934,0
-4.646337,-3.1048274,-3.4676113,-0.95271695,0.1385192,-0.27044934,0
4.0162816,4.8446779,1.4673219,0.011333585,0.90562826,0.42392078,0
-2.2434664,5.3918819,0.47254038,0.011333585,0.90562826,0.42392078,0
-3.527957,5.5660896,-0.22260273,0.011333585,0.90562826,0.42392078,0
3.8427911,4.7936196,1.2403126,0.3036477,0.40081137,-0.86437738,0
3.4192801,2.8175273,0.3039577,0.3036477,0.40081137,-0.86437738,0
4.3484373,3.1903005,4.6991401,0.011333585,0.90562826,0.42392078,0
-2.7467866,5.1277466,0.80924249,0.011333585,0.90562826,0.42392078,0
3.1898837,0.93670571,3.934092,-0.3036477,-0.40081137,0.86437738,0
4.3593211,0.8388651,3.6903164,0.95271695,-0.1385192,0.27044934,0
5.3520465,-0.32652974,-0.21225834,0.95271695,-0.1385192,0.27044934,0
-3.4701047,-0.18675411,-3.6266894,0.3036477,0.40081137,-0.86437738,0
4.3639708,2.8570981,4.8588591,0.95271695,-0.1385192,0.27044934,0
-5.3102345,-3.6668954,-1.7725234,-0.95271695,0.1385192,-0.27044934,0
1.7117025,-0.69981432,-2.143152,0.3036477,0.40081137,-0.86437738,0
-5.1878128,3.2081976,1.6383768,-0.95271695,0.1385192,-0.27044934,0
-0.72804189,-5.0489898,-0.94014525,-0.011333585,-0.90562826,-0.42392078,0
-3.9066689,0.14043212,-3.5738564,0.3036477,0.40081137,-0.86437738,0
1.2747769,3.4142144,4.2771177,0.011333585,0.90562826,0.42392078,0
-4.7914462,2.0876129,-0.57846761,-0.95271695,0.1385192,-0.27044934,0
-4.6454535,-0.23093343,-2.0657158,-0.95271695,0.1385192,-0.27044934,0
5.1951003,1.5335882,0.65344667,0.95271695,-0.1385192,0.27044934,0
1.2320834,-1.6359639,1.9998546,-0.3036477,-0.40081137,0.86437738,0
-4.0411067,4.0190053,-1.7826139,0.3036477,0.40081137,-0.86437738,0
4.157444,-5.4057136,-0.39311218,-0.011333585,-0.90562826,-0.42392078,0
2.682126,-1.0535194,-1.7880564,0.3036477,0.40081137,-0.86437738,0
-3.7366238,1.5271268,-2.8630581,0.3036477,0.40081137,-0.86437738,0
-2.2089448,4.1295481,3.2558606,0.011333585,0.90562826,0.42392078,0
5.1785703,1.3442278,0.10050058,0.3036477,0.40081137,-0.86437738,0
4.7440286,-2.6614363,0.57187128,0.95271695,-0.1385192,0.27044934,0
-4.8470688,2.288672,-0.18922949,-0.95271695,0.1385192,-0.27044934,0
-3.5734978,3.4450519,-1.9794493,0.3036477,0.40081137,-0.86437738,0
-1.0980196,-3.6742349,-3.8169732,-0.011333585,-0.90562826,-0.42392078,0
0.92348218,5.2439847,0.78443837,0.011333585,0.90562826,0.42392078,0
2.860863,-2.3099663,2.3074067,-0.3036477,-0.40081137,0.86437738,0
-1.0198002,-5.1624975,-0.42439508,-0.3036477,-0.40081137,0.86437738,0
4.9241676,-1.4043788,0.20450807,0.95271695,-0.1385192,0.27044934,0
-5.2721567,-2.7513602,-0.99963951,-0.95271695,0.1385192,-0.27044934,0
-4.2724347,4.3261242,-1.0134578,-0.95271695,0.1385192,-0.27044934,0
4.6965795,0.5704999,2.3303061,0.95271695,-0.1385192,0.27044934,0
-4.7212152,2.5740221,-0.87012649,-0.95271695,0.1385192,-0.27044934,0
4.9961796,1.1328001,1.4666529,0.95271695,-0.1385192,0.27044934,0
-1.986114,4.5352602,2.0509527,0.011333585,0.90562826,0.42392078,0
-4.6723895,-0.05409646,-1.87517,-0.95271695,0.1385192,-0.27044934,0
4.1718254,1.0194995,3.9813015,0.95271695,-0.1385192,0.27044934,0
-2.0062912,-4.701942,-0.53479409,-0.3036477,-0.40081137,0.86437738,0
-4.4560738,4.3674717,-0.61665463,-0.95271695,0.1385192,-0.27044934,0
2.4074304,3.822135,3.5931025,0.011333585,0.90562826,0.42392078,0
3.0090141,-1.0288981,-1.658496,0.3036477,0.40081137,-0.86437738,0
-5.0290184,0.72764397,-0.52515817,-0.95271695,0.1385192,-0.27044934,0
-1.5449036,1.4751328,-2.1437416,0.3036477,0.40081137,-0.86437738,0
-4.446826,2.4808638,-1.6681406,-0.95271695,0.1385192,-0.27044934,0
0.52768326,-5.3713679,-0.54898846,-0.011333585,-0.90562826,-0.42392078,0
4.4930124,-0.22042322,2.5012803,0.95271695,-0.1385192,0.27044934,0
-4.426053,-2.6103146,-4.5634542,-0.95271695,0.1385192,-0.27044934,0
0.7505576,1.2343317,-1.3791841,0.3036477,0.40081137,-0.86437738,0
-3.1574574,3.202975,2.604399,-0.3036477,-0.40081137,0.86437738,0
4.654377,3.1545455,3.9950933,0.95271695,-0.1385192,0.27044934,0
-2.6728258,2.8690903,2.8146608,-0.3036477,-0.40081137,0.86437738,0
-5.2302642,-4.6444354,-1.7007747,-0.011333585,-0.90562826,-0.42392078,0
1.7719154,-4.0287814,-3.4685926,-0.011333585,-0.90562826,-0.42392078,0
3.6013737,1.378346,-0.44901061,0.3036477,0.40081137,-0.86437738,0
5.1013222,1.5647547,1.4843416,0.95271695,-0.1385192,0.27044934,0
3.3172746,3.6935186,3.6577835,0.011333585,0.90562826,0.42392078,0
3.0651217,-5.5155478,0.86015344,-0.3036477,-0.40081137,0.86437738,0
4.2721682,-4.5393467,0.78373802,0.95271695,-0.1385192,0.27044934,0
-0.15201855,5.0616579,1.0925245,0.011333585,0.90562826,0.42392078,0
-4.7370358,3.459163,0.2816124,-0.95271695,0.1385192,-0.27044934,0
-1.695442,2.2799594,-1.785135,0.3036477,0.40081137,-0.86437738,0
4.8453927,2.9123123,2.5497565,0.95271695,-0.1385192,0.27044934,0
-4.1944046,3.9064021,-1.5320618,-0.95271695,0.1385192,-0.27044934,0
-0.29129267,-4.6513653,-2.0592804,-0.011333585,-0.90562826,-0.42392078,0
-4.8053269,-0.82399464,-2.0963259,-0.95271695,0.1385192,-0.27044934,0
5.1171751,-2.5120273,-0.50602818,0.95271695,-0.1385192,0.27044934,0
-4.8120704,3.0490267,2.1148052,-0.3036477,-0.40081137,0.86437738,0
-1.4902654,-4.4961624,-2.3156025,-0.011333585,-0.90562826,-0.42392078,0
3.3569953,1.8547196,-0.22581673,0.3036477,0.40081137,-0.86437738,0
-3.1805105,4.694519,1.648424,0.011333585,0.90562826,0.42392078,0
4.4765162,1.3316756,3.217418,0.95271695,-0.1385192,0.27044934,0
-1.6994176,1.8809954,2.6657796,-0.3036477,-0.40081137,0.86437738,0
4.1575847,3.3360329,4.5589013,0.011333585,0.90562826,0.42392078,0
-5.1745543,-0.62815857,-0.61209631,-0.95271695,0.1385192,-0.27044934,0
3.6455238,4.1625152,1.0106754,0.3036477,0.40081137,-0.86437738,0
3.2812669,-5.344635,-0.26928377,-0.011333585,-0.90562826,-0.42392078,0
3.7374127,1.1707764,4.2398605,-0.3036477,-0.40081137,0.86437738,0
-2.8008847,1.1287967,1.777837,-0.3036477,-0.40081137,0.86437738,0
2.6852586,-2.7327619,2.0388222,-0.3036477,-0.40081137,0.86437738,0
1.5363818,1.4069045,-1.1746452,0.3036477,0.40081137,-0.86437738,0
4.2102661,-0.12903428,-0.92745185,0.3036477,0.40081137,-0.86437738,0
-0.70156717,-3.6032567,-4.1888289,-0.011333585,-0.90562826,-0.42392078,0
4.4260979,4.7740669,1.6495914,0.011333585,0.90562826,0.42392078,0
-0.42521381,3.1067963,-1.0212455,0.3036477,0.40081137,-0.86437738,0
-4.1215434,4.6070962,2.1323483,0.011333585,0.90562826,0.42392078,0
-0.88496208,-3.8637714,-3.6764886,-0.011333585,-0.90562826,-0.42392078,0
-4.119854,0.45604247,-3.5147681,0.3036477,0.40081137,-0.86437738,0
-4.4523115,3.4828849,-0.73408985,-0.95271695,0.1385192,-0.27044934,0
4.3720484,-3.5249848,1.3902361,0.95271695,-0.1385192,0.27044934,0
3.3412557,-4.6469049,-2.0541921,-0.011333585,-0.90562826,-0.42392078,0
-2.2723262,-5.0318012,-1.177557,-0.011333585,-0.90562826,-0.42392078,0
3.0604634,-4.3721809,-2.7402897,-0.011333585,-0.90562826,-0.42392078,0
-4.9035883,3.1324806,0.53709841,-0.95271695,0.1385192,-0.27044934,0
0.060274005,0.13085032,-2.2374275,0.3036477,0.40081137,-0.86437738,0
-2.3343771,4.5069227,-1.123143,0.3036477,0.40081137,-0.86437738,0
-1.6948972,-4.5663633,-2.070739,-0.011333585,-0.90562826,-0.42392078,0
-3.8236027,-4.5454478,-2.0376067,-0.011333585,-0.90562826,-0.42392078,0
4.8774681,-3.0299141,-0.13553286,0.95271695,-0.1385192,0.27044934,0
4.5241594,0.76320922,3.1328094,0.95271695,-0.1385192,0.27044934,0
3.932878,-4.9011908,-1.6041793,-0.011333585,-0.90562826,-0.42392078,0
-3.1786904,-1.5435655,-4.1418076,0.3036477,0.40081137,-0.86437738,0
-4.5452714,2.4982162,-1.0132785,-0.95271695,0.1385192,-0.27044934,0
0.91612339,-0.97145724,-2.5086813,0.3036477,0.40081137,-0.86437738,0
3.4724207,-2.2046432,2.4348559,-0.3036477,-0.40081137,0.86437738,0
-5.0548916,0.14266586,-0.44700241,-0.95271695,0.1385192,-0.27044934,0
4.6837673,-1.0446373,1.0959499,0.95271695,-0.1385192,0.27044934,0
4.4905748,-3.8255513,0.53371072,0.95271695,-0.1385192,0.27044934,0
4.9913774,4.2761002,1.3099775,0.3036477,0.40081137,-0.86437738,0
-1.7621055,-4.0971985,-2.8267446,-0.011333585,-0.90562826,-0.42392078,0
2.0861878,4.9877434,0.86868858,0.011333585,0.90562826,0.42392078,0
1.0675721,-4.313735,-2.4702344,-0.011333585,-0.90562826,-0.42392078,0
-0.040225029,4.8233199,1.4649878,0.011333585,0.90562826,0.42392078,0
-2.8589211,4.1377516,2.9060631,0.011333585,0.90562826,0.42392078,0
3.4518523,-3.081975,-2.4181998,0.3036477,0.40081137,-0.86437738,0
-2.6860225,5.3434691,0.38933396,0.011333585,0.90562826,0.42392078,0
-1.4720944,2.3716025,-1.7484131,0.3036477,0.40081137,-0.86437738,0
4.6864409,-4.6776652,-1.8774748,-0.011333585,-0.90562826,-0.42392078,0
-5.2581367,2.8223753,1.604748,-0.95271695,0.1385192,-0.27044934,0
4.8125429,-0.18606138,1.4795055,0.95271695,-0.1385192,0.27044934,0
-4.8703804,2.8759179,0.50107622,-0.95271695,0.1385192,-0.27044934,0
-1.3341942,-4.198154,-2.6483686,-0.011333585,-0.90562826,-0.42392078,0
2.6240997,-1.5343369,-2.0151129,0.3036477,0.40081137,-0.86437738,0
-3.0025911,-2.3998976,0.12972689,-0.3036477,-0.40081137,0.86437738,0
0.7737093,-2.5077164,1.4064358,-0.3036477,-0.40081137,0.86437738,0
-2.8563643,-0.2869004,-3.5590737,0.3036477,0.40081137,-0.86437738,0
-4.8423471,-2.838207,-3.0140185,-0.95271695,0.1385192,-0.27044934,0
-5.3557792,-0.38739347,-0.067409515,-0.95271695,0.1385192,-0.27044934,0
3.0555899,0.22588195,3.4443331,-0.3036477,-0.40081137,0.86437738,0
-3.0340161,-1.0078764,-3.8103971,0.3036477,0.40081137,-0.86437738,0
-0.63371915,1.1433005,-2.1030424,0.3036477,0.40081137,-0.86437738,0
-3.2653818,1.0902975,1.7629354,-0.3036477,-0.40081137,0.86437738,0
5.2030125,-2.9049187,-1.0969875,0.95271695,-0.1385192,0.27044934,0
-4.0132256,-2.372704,-0.19293261,-0.3036477,-0.40081137,0.86437738,0
1.6092758,1.2052547,-1.0827427,0.3036477,0.40081137,-0.86437738,0
-1.3817639,-0.94566226,1.4707336,-0.3036477,-0.40081137,0.86437738,0
5.0312004,-2.7310719,-0.42119956,0.95271695,-0.1385192,0.27044934,0
0.3709147,0.58731705,2.6424057,-0.3036477,-0.40081137,0.86437738,0
0.21328068,-4.7132249,-1.8973451,-0.011333585,-0.90562826,-0.42392078,0
4.7646775,3.6939483,3.6027355,0.95271695,-0.1385192,0.27044934,0
-3.8898683,-2.4470437,-4.7208376,0.3036477,0.40081137,-0.86437738,0
4.3818841,-5.0360889,-1.239074,-0.011333585,-0.90562826,-0.42392078,0
-2.6114671,2.3756859,-2.079711,0.3036477,0.40081137,-0.86437738,0
0.092477322,-3.6190004,-4.0297613,-0.011333585,-0.90562826,-0.42392078,0
4.7736363,-1.1872644,1.1396539,0.95271695,-0.1385192,0.27044934,0
4.8802977,3.2215035,3.0339317,0.95271695,-0.1385192,0.27044934,0
-5.1201601,-1.9149098,-1.3853498,-0.95271695,0.1385192,-0.27044934,0
5.2389598,-3.4670084,-1.9417243,0.95271695,-0.1385192,0.27044934,0
-2.3253691,-3.5430596,-3.9364316,-0.011333585,-0.90562826,-0.42392078,0
1.492801,4.6165671,1.6716113,0.011333585,0.90562826,0.42392078,0
-0.140172,3.8666267,3.7283123,0.011333585,0.90562826,0.42392078,0
-5.2586384,2.4018643,1.5032091,-0.3036477,-0.40081137,0.86437738,0
-2.0085387,4.4722619,2.3183773,0.011333585,0.90562826,0.42392078,0
-3.2582338,1.8281538,-2.6012206,0.3036477,0.40081137,-0.86437738,0
4.2400618,-5.4368296,0.90937233,0.95271695,-0.1385192,0.27044934,0
2.3892689,-4.9235406,-1.3947953,-0.011333585,-0.90562826,-0.42392078,0
-0.0036301613,4.0821381,2.887362,0.011333585,0.90562826,0.42392078,0
1.4817758,-4.38025,-2.5405407,-0.011333585,-0.90562826,-0.42392078,0
3.5890329,-4.8113589,1.2793695,-0.3036477,-0.40081137,0.86437738,0
-5.0265656,-1.9456933,-1.9505243,-0.95271695,0.1385192,-0.27044934,0
2.2217236,-5.0409393,-1.256986,-0.011333585,-0.90562826,-0.42392078,0
-4.5654936,-3.2792907,-3.8124695,-0.95271695,0.1385192,-0.27044934,0
0.63426638,-5.2100029,-0.76947415,-0.011333585,-0.90562826,-0.42392078,0
0.89811194,-2.8685081,1.2504048,-0.3036477,-0.40081137,0.86437738,0
-2.1473501,5.1169419,-0.6884405,0.3036477,0.40081137,-0.86437738,0
4.118463,-2.153182,2.5901132,0.95271695,-0.1385192,0.27044934,0
-3.8167479,5.201407,0.60932106,0.011333585,0.90562826,0.42392078,0
-3.8295031,4.8312507,1.6487637,0.011333585,0.90562826,0.42392078,0
0.93492651,3.8687863,3.3636761,0.011333585,0.90562826,0.42392078,0
-0.29417419,5.3568807,0.38635778,0.011333585,0.90562826,0.42392078,0
0.17408943,5.4505072,0.35116494,0.011333585,0.90562826,0.42392078,0
-4.646419,4.2454338,0.2732234,-0.95271695,0.1385192,-0.27044934,0
-5.2902508,-1.8937252,-1.0421829,-0.95271695,0.1385192,-0.27044934,0
-4.7745433,3.1119711,0.1580615,-0.95271695,0.1385192,-0.27044934,0
2.8460407,2.784246,-0.066247702,0.3036477,0.40081137,-0.86437738,0
0.21500206,-4.2354093,-2.9329841,-0.011333585,-0.90562826,-0.42392078,0
4.6774302,-4.8039389,-0.46786165,0.95271695,-0.1385192,0.27044934,0
-2.2519054,2.3577802,-2.0494888,0.3036477,0.40081137,-0.86437738,0
0.35349751,5.0846024,0.76033688,0.011333585,0.90562826,0.42392078,0
-4.5318365,-2.1627798,-3.6855845,-0.95271695,0.1385192,-0.27044934,0
-5.1502733,-3.2086008,-1.6811275,-0.95271695,0.1385192,-0.27044934,0
3.5332847,4.1109176,3.0152426,0.011333585,0.90562826,0.42392078,0
-0.19646358,-4.0751143,-3.3061638,-0.011333585,-0.90562826,-0.42392078,0
5.2289,0.76489496,-0.068503857,0.3036477,0.40081137,-0.86437738,0
0.96003771,5.0560818,0.74981928,0.011333585,0.90562826,0.42392078,0
5.2203946,2.1779988,1.2745185,0.95271695,-0.1385192,0.27044934,0
-5.1626754,0.31659222,0.13132048,-0.95271695,0.1385192,-0.27044934,0
1.7503562,-4.782557,-1.7853147,-0.011333585,-0.90562826,-0.42392078,0
-5.2743492,-2.3074691,-1.1709819,-0.95271695,0.1385192,-0.27044934,0
-1.4029016,5.1880417,0.91466057,0.011333585,0.90562826,0.42392078,0
-4.2456141,5.2323208,-0.81791639,-0.95271695,0.1385192,-0.27044934,0
-5.1516056,-4.6707473,-1.7359948,-0.011333585,-0.90562826,-0.42392078,0
-1.232728,5.1738691,0.93143392,0.011333585,0.90562826,0.42392078,0
0.21702465,-1.2165793,1.8338956,-0.3036477,-0.40081137,0.86437738,0
-4.3918676,4.8869166,-0.54557562,-0.95271695,0.1385192,-0.27044934,0
4.7083793,0.82300019,2.024457,0.95271695,-0.1385192,0.27044934,0
-3.0552866,-1.481748,-4.0569735,0.3036477,0.40081137,-0.86437738,0
-2.502919,-2.5961249,-4.2997026,0.3036477,0.40081137,-0.86437738,0
-1.6132555,5.6366124,-0.12078011,0.011333585,0.90562826,0.42392078,0
2.6442082,3.8334923,3.6796639,0.011333585,0.90562826,0.42392078,0
-1.3827868,-4.5604229,-1.8557472,-0.011333585,-0.90562826,-0.42392078,0
-0.5050149,4.213654,2.8635602,0.011333585,0.90562826,0.42392078,0
5.190392,-1.1801236,-0.1190238,0.95271695,-0.1385192,0.27044934,0
3.8166356,2.8507726,0.33562946,0.3036477,0.40081137,-0.86437738,0
4.0985193,-5.5740404,0.88961422,0.95271695,-0.1385192,0.27044934,0
-0.032769918,-1.8907733,-3.3095279,0.3036477,0.40081137,-0.86437738,0
4.4628119,1.5076116,3.3961339,0.95271695,-0.1385192,0.27044934,0
-4.2601571,1.8925525,-2.5646348,-0.95271695,0.1385192,-0.27044934,0
0.88613915,1.7028711,3.482419,-0.3036477,-0.40081137,0.86437738,0
4.2916851,-5.1846542,0.59041524,0.95271695,-0.1385192,0.27044934,0
-4.0471988,4.2529855,2.6599371,0.011333585,0.90562826,0.42392078,0
-1.4738626,-3.9614038,-3.0790527,-0.011333585,-0.90562826,-0.42392078,0
-4.8969479,-1.2826588,-1.6653843,-0.95271695,0.1385192,-0.27044934,0
-4.0958867,4.9584126,-1.4769269,0.3036477,0.40081137,-0.86437738,0
-5.2121301,-3.0647509,-1.5900488,-0.95271695,0.1385192,-0.27044934,0
2.6576271,-0.14784861,-1.4278178,0.3036477,0.40081137,-0.86437738,0
-1.4938154,4.1809258,2.8299594,0.011333585,0.90562826,0.42392078,0
3.0975335,4.2344465,2.4580863,0.011333585,0.90562826,0.42392078,0
-1.4818814,-1.5187744,0.98285657,-0.3036477,-0.40081137,0.86437738,0
3.1644716,-4.8703613,-1.2991552,-0.011333585,-0.90562826,-0.42392078,0
4.983398,0.33099675,1.4694781,0.95271695,-0.1385192,0.27044934,0
-2.3214173,-3.3781471,-4.5662608,-0.011333585,-0.90562826,-0.42392078,0
-4.3797998,4.6014328,2.0698297,0.011333585,0.90562826,0.42392078,0
0.8568511,-3.9008622,-3.3411939,-0.011333585,-0.90562826,-0.42392078,0
-4.2487249,-3.6071012,-3.757524,-0.011333585,-0.90562826,-0.42392078,0
-4.4468627,0.97478473,-2.4054029,-0.95271695,0.1385192,-0.27044934,0
-1.8459148,1.8614715,2.4522114,-0.3036477,-0.40081137,0.86437738,0
-3.7706223,-0.78419948,0.72451878,-0.3036477,-0.40081137,0.86437738,0
-2.2772019,5.4283381,0.090251759,0.011333585,0.90562826,0.42392078,0
4.6796298,1.3851019,2.4963989,0.95271695,-0.1385192,0.27044934,0
-4.402164,2.4081781,-1.5809357,-0.95271695,0.1385192,-0.27044934,0
5.3433871,-1.0661073,-0.6768384,0.95271695,-0.1385192,0.27044934,0
-2.3539355,-2.8706822,0.24518633,-0.3036477,-0.40081137,0.86437738,0
4.4476066,-0.47956097,2.4560254,0.95271695,-0.1385192,0.27044934,0
4.9262376,-1.8330436,0.4976778,0.95271695,-0.1385192,0.27044934,0
4.3831887,-3.852648,0.89121652,0.95271695,-0.1385192,0.27044934,0
2.9841056,1.0413789,3.8468518,-0.3036477,-0.40081137,0.86437738,0
-3.3872614,-0.79079056,-3.7864509,0.3036477,0.40081137,-0.86437738,0
1.8396173,4.9180584,1.1862097,0.011333585,0.90562826,0.42392078,0
0.73480368,4.5637178,1.9986928,0.011333585,0.90562826,0.42392078,0
-0.92429161,4.1879492,2.7647562,0.011333585,0.90562826,0.42392078,0
4.4309149,3.4885111,4.0543175,0.011333585,0.90562826,0.42392078,0
-2.2717266,-1.369735,-3.8019416,0.3036477,0.40081137,-0.86437738,0
-4.972168,4.0911837,1.4864616,-0.95271695,0.1385192,-0.27044934,0
-4.7549782,-0.5493921,-2.1195455,-0.95271695,0.1385192,-0.27044934,0
1.1873908,-4.4475002,-2.3873436,-0.011333585,-0.90562826,-0.42392078,0
4.6177425,0.23080325,2.3722606,0.95271695,-0.1385192,0.27044934,0
-1.7589788,-4.3008199,-2.3456173,-0.011333585,-0.90562826,-0.42392078,0
-3.5303173,4.5088749,2.2151606,0.011333585,0.90562826,0.42392078,0
-4.6978378,1.8934712,-0.82940817,-0.95271695,0.1385192,-0.27044934,0
-1.6523652,4.3070822,2.8173041,0.011333585,0.90562826,0.42392078,0
-2.960567,4.0678425,-1.4824651,0.3036477,0.40081137,-0.86437738,0
3.3853161,1.2453454,-0.53642631,0.3036477,0.40081137,-0.86437738,0
4.9081974,-3.4353588,-0.88645983,0.95271695,-0.1385192,0.27044934,0
-1.1865954,3.6336517,3.6644044,-0.3036477,-0.40081137,0.86437738,0
1.1124034,4.7382002,1.8647962,0.011333585,0.90562826,0.42392078,0
-4.7529836,-3.0944417,-3.5750971,-0.95271695,0.1385192,-0.27044934,0
0.78251123,4.6478348,2.056097,0.011333585,0.90562826,0.42392078,0
3.48627,3.9967859,3.2643578,0.011333585,0.90562826,0.42392078,0
-2.4892151,-1.7325133,0.60946631,-0.3036477,-0.40081137,0.86437738,0
-5.1810398,1.8655088,0.98013854,-0.95271695,0.1385192,-0.27044934,0
3.3237813,4.0609674,0.62166452,0.3036477,0.40081137,-0.86437738,0
2.7554221,3.6825004,3.8352699,0.011333585,0.90562826,0.42392078,0
4.3994088,-4.4481931,0.63635325,0.95271695,-0.1385192,0.27044934,0
-5.1040726,-0.11846733,0.51493454,-0.3036477,-0.40081137,0.86437738,0
3.4368196,-1.2688885,2.9858396,-0.3036477,-0.40081137,0.86437738,0
-1.5008106,4.7219291,1.882542,0.011333585,0.90562826,0.42392078,0
-4.5127726,3.3902388,-0.5488236,-0.95271695,0.1385192,-0.27044934,0
2.5579143,-5.148633,-0.78506851,-0.011333585,-0.90562826,-0.42392078,0
-4.7828493,0.49159598,-1.2141905,-0.95271695,0.1385192,-0.27044934,0
-5.0496626,4.5011244,1.5969651,-0.95271695,0.1385192,-0.27044934,0
3.6792595,2.6233771,4.8791723,-0.3036477,-0.40081137,0.86437738,0
-1.2400346,-2.7470493,0.48931217,-0.3036477,-0.40081137,0.86437738,0
4.8179479,3.3182158,3.0753078,0.95271695,-0.1385192,0.27044934,0
2.4643021,2.0943425,4.0618396,-0.3036477,-0.40081137,0.86437738,0
-1.3727696,-4.7880406,-1.7217317,-0.011333585,-0.90562826,-0.42392078,0
-4.6316195,4.6531105,2.0499086,0.011333585,0.90562826,0.42392078,0
4.1022086,-0.48742425,3.4389043,0.95271695,-0.1385192,0.27044934,0
-4.4448686,3.9147017,2.5430241,-0.3036477,-0.40081137,0.86437738,0
0.63757229,3.6564345,3.7904577,0.011333585,0.90562826,0.42392078,0
3.223978,-1.9930422,-2.1454916,0.3036477,0.40081137,-0.86437738,0
1.4673574,4.5447583,0.32842374,0.3036477,0.40081137,-0.86437738,0
4.1992478,-5.559144,0.72595429,0.95271695,-0.1385192,0.27044934,0
-1.5337048,-4.7816424,-1.3792882,-0.011333585,-0.90562826,-0.42392078,0
-3.3603439,-3.1206756,-4.9255781,-0.011333585,-0.90562826,-0.42392078,0
5.3733964,3.7320006,1.5506039,0.95271695,-0.1385192,0.27044934,0
-4.636939,2.1026506,-1.3765538,-0.95271695,0.1385192,-0.27044934,0
-5.3460159,3.7939801,1.9535333,-0.95271695,0.1385192,-0.27044934,0
-3.0819666,-4.7302299,-1.8412383,-0.011333585,-0.90562826,-0.42392078,0
-4.0746202,-4.7620468,-1.3107634,-0.011333585,-0.90562826,-0.42392078,0
-5.1658993,4.3404617,2.1550426,-0.95271695,0.1385192,-0.27044934,0
-5.2386875,0.20875812,-0.11397409,-0.95271695,0.1385192,-0.27044934,0
-0.98575592,3.6494308,-0.96713901,0.3036477,0.40081137,-0.86437738,0
4.8755364,2.9017904,2.4383516,0.95271695,-0.1385192,0.27044934,0
-5.3589945,3.6479909,2.1040845,-0.95271695,0.1385192,-0.27044934,0
-1.8190525,-4.3827872,-2.2652848,-0.011333585,-0.90562826,-0.42392078,0
-4.9021559,1.7216073,-0.42729521,-0.95271695,0.1385192,-0.27044934,0
1.3392107,1.5413816,-1.0187752,0.3036477,0.40081137,-0.86437738,0
4.3527908,-3.059082,1.4547732,0.95271695,-0.1385192,0.27044934,0
-0.64132738,-4.1925478,-3.0295367,-0.011333585,-0.90562826,-0.42392078,0
-4.1193447,5.6395593,-1.0341482,-0.95271695,0.1385192,-0.27044934,0
4.1662879,3.5903838,3.8666368,0.011333585,0.90562826,0.42392078,0
-3.7136304,-4.8539534,-1.4557171,-0.011333585,-0.90562826,-0.42392078,0
3.3560801,2.5087237,4.5417328,-0.3036477,-0.40081137,0.86437738,0
-2.519804,-2.53582,-4.4576187,0.3036477,0.40081137,-0.86437738,0
-4.5669398,-4.5635562,-1.8586192,-0.011333585,-0.90562826,-0.42392078,0
1.474905,3.5332875,4.0269489,0.011333585,0.90562826,0.42392078,0
-2.5724742,-4.9498672,-1.3143976,-0.011333585,-0.90562826,-0.42392078,0
-2.604841,-3.8428636,-3.7316356,-0.011333585,-0.90562826,-0.42392078,0
-4.0736122,2.8210468,2.0855579,-0.3036477,-0.40081137,0.86437738,0
4.3091121,0.09913671,3.5139449,0.95271695,-0.1385192,0.27044934,0
5.129559,-1.4777601,-0.21103787,0.95271695,-0.1385192,0.27044934,0
2.0213857,3.6404662,4.0031514,0.011333585,0.90562826,0.42392078,0
-2.3903136,4.0372043,3.1155319,0.011333585,0.90562826,0.42392078,0
-2.4925437,4.9557753,1.4749143,0.011333585,0.90562826,0.42392078,0
-0.43781567,-4.0511656,0.24761832,-0.3036477,-0.40081137,0.86437738,0
3.7414136,4.5114226,2.0019889,0.011333585,0.90562826,0.42392078,0
-0.26857817,-3.2539496,0.78305805,-0.3036477,-0.40081137,0.86437738,0
1.5373387,-4.4378023,-2.5655558,-0.011333585,-0.90562826,-0.42392078,0
-3.1778808,4.9221706,1.4737581,0.011333585,0.90562826,0.42392078,0
-2.6550918,4.9556971,1.0476098,0.011333585,0.90562826,0.42392078,0
0.6840148,-1.0290291,2.1635473,-0.3036477,-0.40081137,0.86437738,0
-5.3352032,0.68169856,0.47141433,-0.95271695,0.1385192,-0.27044934,0
5.1734152,3.8798571,1.4101048,0.3036477,0.40081137,-0.86437738,0
4.3366709,4.111649,1.1551218,0.3036477,0.40081137,-0.86437738,0
3.7549465,-4.0926886,1.6692135,-0.3036477,-0.40081137,0.86437738,0
-4.1060538,-4.7422323,-1.2251492,-0.3036477,-0.40081137,0.86437738,0
2.3158612,0.73943472,-1.1446218,0.3036477,0.40081137,-0.86437738,0
-2.0184724,5.6143613,-0.19649996,0.011333585,0.90562826,0.42392078,0
-0.96137977,5.4501858,-0.037215412,0.011333585,0.90562826,0.42392078,0
-4.8234448,2.5659978,-0.37399173,-0.95271695,0.1385192,-0.27044934,0
-1.9317193,3.8672247,-1.1369964,0.3036477,0.40081137,-0.86437738,0
1.9751465,-1.4836087,2.2210286,-0.3036477,-0.40081137,0.86437738,0
-2.4116766,0.71226418,-2.7531798,0.3036477,0.40081137,-0.86437738,0
4.4571748,1.472882,3.3459599,0.95271695,-0.1385192,0.27044934,0
0.87744951,0.54321599,-1.8330747,0.3036477,0.40081137,-0.86437738,0
-4.6377802,-1.8058848,-2.8558393,-0.95271695,0.1385192,-0.27044934,0
-1.8066435,4.2875834,2.602833,0.011333585,0.90562826,0.42392078,0
5.2813215,0.126894,0.31152105,0.95271695,-0.1385192,0.27044934,0
-2.5209594,5.0173044,1.0593019,0.011333585,0.90562826,0.42392078,0
4.0008307,3.5295742,4.1736231,0.011333585,0.90562826,0.42392078,0
4.8021688,-2.8802588,0.058014393,0.95271695,-0.1385192,0.27044934,0
-4.3887129,3.2350702,-1.0165479,-0.95271695,0.1385192,-0.27044934,0
-0.09244442,-3.9450705,-3.4128368,-0.011333585,-0.90562826,-0.42392078,0
3.9345822,3.5835676,3.885119,0.011333585,0.90562826,0.42392078,0
3.1610417,-3.0441394,-2.5761843,0.3036477,0.40081137,-0.86437738,0
3.6114957,3.3573806,4.5198545,0.011333585,0.90562826,0.42392078,0
0.92216325,-0.78227878,-2.2761796,0.3036477,0.40081137,-0.86437738,0
4.3861794,-4.9993553,0.23456264,0.95271695,-0.1385192,0.27044934,0
-0.66228962,4.0628047,3.1953645,0.011333585,0.90562826,0.42392078,0
4.6134462,1.8990459,3.3283067,0.95271695,-0.1385192,0.27044934,0
2.5853007,3.7468133,3.5985756,0.011333585,0.90562826,0.42392078,0
-4.3109765,-0.87422466,-4.0234175,-0.95271695,0.1385192,-0.27044934,0
-3.3854716,5.6177602,-0.80993754,0.3036477,0.40081137,-0.86437738,0
-4.376996,0.55300105,-2.6182163,-0.95271695,0.1385192,-0.27044934,0
4.1257038,-4.6271634,-2.1309664,-0.011333585,-0.90562826,-0.42392078,0
-4.7768064,2.4389048,-0.5491178,-0.95271695,0.1385192,-0.27044934,0
-3.4722357,4.9007416,-1.3067099,0.3036477,0.40081137,-0.86437738,0
0.37568045,4.8444381,1.3631178,0.011333585,0.90562826,0.42392078,0
-3.0057144,5.1661777,1.0530131,0.011333585,0.90562826,0.42392078,0
4.3995152,-4.4250984,-2.5419946,-0.011333585,-0.90562826,-0.42392078,0
5.1019907,3.5662293,2.5483909,0.95271695,-0.1385192,0.27044934,0
4.0184488,-4.766221,-1.8710597,-0.011333585,-0.90562826,-0.42392078,0
-1.323514,-3.9167051,-3.5304663,-0.011333585,-0.90562826,-0.42392078,0
4.5809264,-4.8337817,-1.6350042,-0.011333585,-0.90562826,-0.42392078,0
4.5617428,-1.0486244,1.5728915,0.95271695,-0.1385192,0.27044934,0
-3.893497,-4.6875067,-1.775085,-0.011333585,-0.90562826,-0.42392078,0
-3.6497672,-4.3569283,-2.3350816,-0.011333585,-0.90562826,-0.42392078,0
-5.2214518,0.81809998,0.36097574,-0.95271695,0.1385192,-0.27044934,0
-2.3655429,-4.0179453,-3.2287576,-0.011333585,-0.90562826,-0.42392078,0
0.83196855,5.1527061,0.73018193,0.011333585,0.90562826,0.42392078,0
2.5516291,-1.642995,2.5079365,-0.3036477,-0.40081137,0.86437738,0
-4.5055408,-1.0919317,-2.9306104,-0.95271695,0.1385192,-0.27044934,0
-1.7311747,4.7508335,-0.69768852,0.3036477,0.40081137,-0.86437738,0
-4.4466858,3.205617,2.1706979,-0.3036477,-0.40081137,0.86437738,0
-1.9568729,-3.3906908,-4.3381925,-0.011333585,-0.90562826,-0.42392078,0
-4.930172,3.2942204,0.59993958,-0.95271695,0.1385192,-0.27044934,0
4.507617,1.6914147,3.3947127,0.95271695,-0.1385192,0.27044934,0
-0.66353345,1.2357795,2.7469659,-0.3036477,-0.40081137,0.86437738,0
-5.1998668,0.037682533,0.59429193,-0.3036477,-0.40081137,0.86437738,0
1.7648472,-3.2781971,1.3191543,-0.3036477,-0.40081137,0.86437738,0
4.6616282,-3.3029869,0.32569456,0.95271695,-0.1385192,0.27044934,0
-4.6902862,-0.18729329,-2.2979679,-0.95271695,0.1385192,-0.27044934,0
-0.97437477,3.8845768,3.3931503,0.011333585,0.90562826,0.42392078,0
-4.9242306,-4.1772323,-2.824615,-0.011333585,-0.90562826,-0.42392078,0
3.7705495,4.0772233,3.106009,0.011333585,0.90562826,0.42392078,0
4.7927699,1.1504571,1.884573,0.95271695,-0.1385192,0.27044934,0
2.461833,5.1841631,0.87672949,0.011333585,0.90562826,0.42392078,0
-3.5962529,-4.5702538,-2.006515,-0.011333585,-0.90562826,-0.42392078,0
4.5922647,-1.8510683,1.1287448,0.95271695,-0.1385192,0.27044934,0
-4.6245036,-1.5691839,-3.197618,-0.95271695,0.1385192,-0.27044934,0
0.52066517,4.523756,2.0725853,0.011333585,0.90562826,0.42392078,0
3.3270171,-5.0652599,1.031671,-0.3036477,-0.40081137,0.86437738,0
4.3216786,3.2807026,4.5959115,0.011333585,0.90562826,0.42392078,0
1.2339845,5.2609849,0.65884185,0.011333585,0.90562826,0.42392078,0
0.82219833,-1.3715098,1.9027345,-0.3036477,-0.40081137,0.86437738,0
-2.070461,-1.5312636,-3.7245154,0.3036477,0.40081137,-0.86437738,0
5.0005536,3.4782205,2.7171602,0.95271695,-0.1385192,0.27044934,0
2.8047547,4.8769827,1.313026,0.011333585,0.90562826,0.42392078,0
0.93671191,1.9970105,-1.0738688,0.3036477,0.40081137,-0.86437738,0
-1.5494072,5.5483694,-0.0013762712,0.011333585,0.90562826,0.42392078,0
-4.3882341,2.2045658,-2.0947053,-0.95271695,0.1385192,-0.27044934,0
-2.4804254,-5.0012579,-1.1549001,-0.011333585,-0.90562826,-0.42392078,0
-4.6022558,3.4595721,-0.71496677,-0.95271695,0.1385192,-0.27044934,0
-0.008562088,2.6386986,3.6316707,-0.3036477,-0.40081137,0.86437738,0
-4.5921745,-3.8064716,-1.0338922,-0.3036477,-0.40081137,0.86437738,0
0.54359627,-4.4843616,-2.0161328,-0.011333585,-0.90562826,-0.42392078,0
-4.336916,-2.8802366,-4.6064014,-0.95271695,0.1385192,-0.27044934,0
2.6659312,3.1654472,4.7480955,0.011333585,0.90562826,0.42392078,0
1.7029948,-4.5166073,-2.3013556,-0.011333585,-0.90562826,-0.42392078,0
-4.68929,-0.305462,-2.4902763,-0.95271695,0.1385192,-0.27044934,0
0.64961195,-3.4649715,-3.5788841,0.3036477,0.40081137,-0.86437738,0
-1.8590853,-4.5714002,-1.9118302,-0.011333585,-0.90562826,-0.42392078,0
4.1617289,1.3500224,4.2400012,0.95271695,-0.1385192,0.27044934,0
5.1147027,1.5915744,1.3305602,0.95271695,-0.1385192,0.27044934,0
-2.4049156,-3.413506,-4.3806505,-0.011333585,-0.90562826,-0.42392078,0
3.4006577,-5.8156567,0.77654034,-0.3036477,-0.40081137,0.86437738,0
-3.2931023,2.8160009,2.4628932,-0.3036477,-0.40081137,0.86437738,0
4.4795494,-0.76111352,2.2623529,0.95271695,-0.1385192,0.27044934,0
1.6164924,-2.1396854,1.8632882,-0.3036477,-0.40081137,0.86437738,0
2.2588048,1.9351418,-0.67659009,0.3036477,0.40081137,-0.86437738,0
4.7346277,2.8236933,3.0098057,0.95271695,-0.1385192,0.27044934,0
-4.8867488,2.2363806,0.10099602,-0.95271695,0.1385192,-0.27044934,0
-2.7874417,-1.4150589,0.72142625,-0.3036477,-0.40081137,0.86437738,0
-5.0853186,3.1745839,1.2460566,-0.95271695,0.1385192,-0.27044934,0
-2.9815466,5.8149118,-0.48861241,0.011333585,0.90562826,0.42392078,0
-4.1036749,-0.16435891,-3.7611742,-0.95271695,0.1385192,-0.27044934,0
-2.5682387,4.1395187,2.8302364,0.011333585,0.90562826,0.42392078,0
3.5057683,4.807066,1.0796199,0.3036477,0.40081137,-0.86437738,0
4.4890709,3.4883151,4.1335173,0.95271695,-0.1385192,0.27044934,0
4.1196671,-2.7956161,2.4505658,0.95271695,-0.1385192,0.27044934,0
-5.2687197,-3.8756623,-1.5534177,-0.95271695,0.1385192,-0.27044934,0
-3.2386279,5.803576,-0.57289153,0.011333585,0.90562826,0.42392078,0
4.8678775,-1.0475667,0.72605038,0.95271695,-0.1385192,0.27044934,0
-1.5623784,3.4122131,3.2931027,-0.3036477,-0.40081137,0.86437738,0
5.317987,3.229116,1.0019088,0.3036477,0.40081137,-0.86437738,0
-4.2519345,4.8944931,-1.1709996,-0.95271695,0.1385192,-0.27044934,0
4.2930832,-3.9457245,1.0173068,0.95271695,-0.1385192,0.27044934,0
0.47174358,1.2576443,2.9736369,-0.3036477,-0.40081137,0.86437738,0
-3.2170525,-1.6558998,0.37866664,-0.3036477,-0.40081137,0.86437738,0
-3.1997602,5.3886356,0.16482544,0.011333585,0.90562826,0.42392078,0
3.6454635,0.014443934,3.513633,-0.3036477,-0.40081137,0.86437738,0
-3.26739,0.44973898,1.4851427,-0.3036477,-0.40081137,0.86437738,0
3.2438993,1.0370272,4.0346522,-0.3036477,-0.40081137,0.86437738,0
4.633009,1.1735328,2.4566321,0.95271695,-0.1385192,0.27044934,0
-4.3608084,-1.9871178,-4.0129862,-0.95271695,0.1385192,-0.27044934,0
-5.2972288,-1.9928906,-0.55693817,-0.95271695,0.1385192,-0.27044934,0
-2.6304319,-2.3243814,0.42178559,-0.3036477,-0.40081137,0.86437738,0
4.8651738,0.12573218,1.5065038,0.95271695,-0.1385192,0.27044934,0
5.3426204,-0.90396285,-0.56210089,0.95271695,-0.1385192,0.27044934,0
1.4796648,4.0153699,3.1727118,0.011333585,0.90562826,0.42392078,0
-3.6209912,3.7065072,2.8100665,-0.3036477,-0.40081137,0.86437738,0
-0.20242882,-3.6977327,-3.838273,-0.011333585,-0.90562826,-0.42392078,0
-4.3086119,3.1695004,-1.8289263,-0.95271695,0.1385192,-0.27044934,0
-4.2439032,-2.3062737,-4.4337864,-0.95271695,0.1385192,-0.27044934,0
4.5379024,1.6809895,3.7104716,0.95271695,-0.1385192,0.27044934,0
-4.0219593,-2.1262982,-4.6166701,0.3036477,0.40081137,-0.86437738,0
-1.9187005,4.1553502,-1.0773003,0.3036477,0.40081137,-0.86437738,0
-5.0278692,2.4442759,0.13426495,-0.95271695,0.1385192,-0.27044934,0
-4.2583065,1.8460698,-2.5884075,-0.95271695,0.1385192,-0.27044934,0
0.49532461,-4.4404593,0.50486261,-0.3036477,-0.40081137,0.86437738,0
-2.3335414,-3.4476647,-4.4721813,-0.011333585,-0.90562826,-0.42392078,0
-0.35745955,-4.3855186,-2.3095336,-0.011333585,-0.90562826,-0.42392078,0
-2.1713014,2.3182092,2.6008348,-0.3036477,-0.40081137,0.86437738,0
4.6025343,0.43459415,2.5486343,0.95271695,-0.1385192,0.27044934,0
-0.55324316,-4.4867477,-2.27548,-0.011333585,-0.90562826,-0.42392078,0
-0.25895715,-4.7652302,-0.02423656,-0.3036477,-0.40081137,0.86437738,0
4.2642303,-4.8517294,-1.7661715,-0.011333585,-0.90562826,-0.42392078,0
2.8178928,2.5864549,-0.22000122,0.3036477,0.40081137,-0.86437738,0
1.1485033,-1.8858063,1.9130236,-0.3036477,-0.40081137,0.86437738,0
-5.1083899,2.5501473,0.75784183,-0.95271695,0.1385192,-0.27044934,0
-0.85768843,-2.7621541,-3.806241,0.3036477,0.40081137,-0.86437738,0
5.061327,-1.2515819,0.15772009,0.95271695,-0.1385192,0.27044934,0
5.4166365,-0.76331949,-0.70514321,0.95271695,-0.1385192,0.27044934,0
-0.85369015,2.4741502,3.1199396,-0.3036477,-0.40081137,0.86437738,0
3.2595694,-3.8476121,1.7154374,-0.3036477,-0.40081137,0.86437738,0
1.5840296,-1.1103562,2.4267557,-0.3036477,-0.40081137,0.86437738,0
-1.1804636,1.085126,2.4431469,-0.3036477,-0.40081137,0.86437738,0
4.8659649,-4.1335621,-0.7249496,0.95271695,-0.1385192,0.27044934,0
2.338448,-4.3062162,-2.7598557,-0.011333585,-0.90562826,-0.42392078,0
-3.7576478,2.4930518,2.1786828,-0.3036477,-0.40081137,0.86437738,0
5.2519832,-4.3260002,-2.4742637,0.95271695,-0.1385192,0.27044934,0
0.27666521,-3.1780822,-3.729881,0.3036477,0.40081137,-0.86437738,0
1.4213638,3.5278597,4.0945649,0.011333585,0.90562826,0.42392078,0
2.8420401,4.5612416,2.1923912,0.011333585,0.90562826,0.42392078,0
4.2662477,-4.0237455,1.4074559,0.95271695,-0.1385192,0.27044934,0
-0.39975357,4.0601006,3.3390388,0.011333585,0.90562826,0.42392078,0
-0.36453485,-0.57532626,-2.772553,0.3036477,0.40081137,-0.86437738,0
-2.6754901,5.7417173,-0.24393767,0.011333585,0.90562826,0.42392078,0
-2.4273996,-5.1556196,-0.8701334,-0.011333585,-0.90562826,-0.42392078,0
0.18686676,-4.723115,-1.9038724,-0.011333585,-0.90562826,-0.42392078,0
3.444994,3.4601574,0.56779385,0.3036477,0.40081137,-0.86437738,0
-0.46969652,4.4138861,2.2450094,0.011333585,0.90562826,0.42392078,0
-3.0381608,5.2918324,0.79921228,0.011333585,0.90562826,0.42392078,0
2.7123332,-4.536726,1.1215796,-0.3036477,-0.40081137,0.86437738,0
-1.4154346,-4.3713241,-2.2757795,-0.011333585,-0.90562826,-0.42392078,0
4.8995075,-3.1897354,-0.18867517,0.95271695,-0.1385192,0.27044934,0
-1.8922405,4.8949804,-0.7936089,0.3036477,0.40081137,-0.86437738,0
4.8434081,-4.7696166,-1.6121885,-0.011333585,-0.90562826,-0.42392078,0
0.4255501,0.16217554,2.5838826,-0.3036477,-0.40081137,0.86437738,0
2.8630035,4.9902658,1.2106624,0.011333585,0.90562826,0.42392078,0
3.1605797,-5.6245775,0.79841691,-0.3036477,-0.40081137,0.86437738,0
2.4405112,-3.6265891,-3.2119873,0.3036477,0.40081137,-0.86437738,0
-5.1790237,-3.3628597,-2.3138223,-0.95271695,0.1385192,-0.27044934,0
-1.5469134,1.7486534,2.6645968,-0.3036477,-0.40081137,0.86437738,0
2.1743126,-4.1715832,-3.1624138,-0.011333585,-0.90562826,-0.42392078,0
5.1319356,-2.3246083,-0.85757923,0.95271695,-0.1385192,0.27044934,0
-5.0571208,-3.1702166,-2.5307112,-0.95271695,0.1385192,-0.27044934,0
-3.658751,5.4756651,0.36942279,0.011333585,0.90562826,0.42392078,0
4.7254891,-1.5416778,1.1253719,0.95271695,-0.1385192,0.27044934,0
-4.6867251,-1.5097659,-2.6228924,-0.95271695,0.1385192,-0.27044934,0
4.5977945,-3.4842873,0.37785816,0.95271695,-0.1385192,0.27044934,0
4.4331074,0.2264632,2.8772724,0.95271695,-0.1385192,0.27044934,0
-5.3308215,0.16463804,0.24103212,-0.95271695,0.1385192,-0.27044934,0
4.396461,-2.1588216,-1.7294632,0.3036477,0.40081137,-0.86437738,0
-2.4945295,0.54086018,-2.9410677,0.3036477,0.40081137,-0.86437738,0
1.3458586,-5.1021733,-0.95570159,-0.011333585,-0.90562826,-0.42392078,0
3.1999626,-4.3155174,-2.4767163,-0.011333585,-0.90562826,-0.42392078,0
5.2340913,-2.3069639,-1.1161242,0.95271695,-0.1385192,0.27044934,0
-1.3499959,3.3773451,-1.2380203,0.3036477,0.40081137,-0.86437738,0
4.4554996,-1.0805078,2.3856673,0.95271695,-0.1385192,0.27044934,0
4.0601654,1.9316988,4.596323,-0.3036477,-0.40081137,0.86437738,0
1.4643832,-1.4716897,2.1089485,-0.3036477,-0.40081137,0.86437738,0
0.99456644,2.426955,3.7571733,-0.3036477,-0.40081137,0.86437738,0
-4.9602213,0.64540792,-0.41596317,-0.95271695,0.1385192,-0.27044934,0
4.5850658,0.3864671,2.4059305,0.95271695,-0.1385192,0.27044934,0
-0.033804417,5.2363391,0.48462582,0.011333585,0.90562826,0.42392078,0
1.0018964,-5.3602624,-0.28568113,-0.011333585,-0.90562826,-0.42392078,0
-0.30881882,-4.0511389,-3.3273554,-0.011333585,-0.90562826,-0.42392078,0
-4.624382,2.881916,-0.53202415,-0.95271695,0.1385192,-0.27044934,0
-5.1547346,0.50485492,0.16296864,-0.95271695,0.1385192,-0.27044934,0
1.7955084,-5.0941,-0.84103954,-0.011333585,-0.90562826,-0.42392078,0
1.7592168,-1.1744709,-2.1304777,0.3036477,0.40081137,-0.86437738,0
1.2449756,-5.2138729,-0.83046508,-0.011333585,-0.90562826,-0.42392078,0
4.492116,2.0467324,3.9065032,0.95271695,-0.1385192,0.27044934,0
4.4977741,-1.2603488,2.1892657,0.95271695,-0.1385192,0.27044934,0
-3.6063569,5.4893603,0.0027831793,0.011333585,0.90562826,0.42392078,0
3.6668546,3.7523024,3.4605126,0.011333585,0.90562826,0.42392078,0
-3.7572103,-2.9855223,-0.41156721,-0.3036477,-0.40081137,0.86437738,0
0.14353275,4.4762821,2.1682472,0.011333585,0.90562826,0.42392078,0
-1.3064141,3.0292754,3.2842672,-0.3036477,-0.40081137,0.86437738,0
-5.1613097,0.096993685,-0.43062735,-0.95271695,0.1385192,-0.27044934,0
1.898406,4.6384659,1.8276479,0.011333585,0.90562826,0.42392078,0
3.8243108,-5.072926,-1.1056364,-0.011333585,-0.90562826,-0.42392078,0
5.1082497,1.0059032,0.05623436,0.3036477,0.40081137,-0.86437738,0
5.2643142,0.68414974,0.17971039,0.95271695,-0.1385192,0.27044934,0
3.3475473,3.9039564,3.4016387,0.011333585,0.90562826,0.42392078,0
4.137146,3.9656386,3.2780232,0.011333585,0.90562826,0.42392078,0
4.1705065,-0.58618194,3.1825051,0.95271695,-0.1385192,0.27044934,0
4.6792326,-5.0365868,-0.57103384,0.95271695,-0.1385192,0.27044934,0
5.3370829,-2.6357548,-1.3295875,0.95271695,-0.1385192,0.27044934,0
-0.98689389,-1.5554585,-3.3117609,0.3036477,0.40081137,-0.86437738,0
2.1889489,-2.8486648,-2.8066833,0.3036477,0.40081137,-0.86437738,0
-4.7548313,-2.2457643,-0.30421638,-0.3036477,-0.40081137,0.86437738,0
4.1923475,-5.5762844,0.85207856,0.95271695,-0.1385192,0.27044934,0
4.5282021,-1.288049,2.1288331,0.95271695,-0.1385192,0.27044934,0
1.7823149,3.3566158,-0.028259754,0.3036477,0.40081137,-0.86437738,0
5.1071615,2.7368808,2.2257085,0.95271695,-0.1385192,0.27044934,0
4.9742465,-2.9479938,-0.3562789,0.95271695,-0.1385192,0.27044934,0
5.0698447,1.735451,1.5418673,0.95271695,-0.1385192,0.27044934,0
-5.3076305,1.8618088,0.96301699,-0.95271695,0.1385192,-0.27044934,0
4.6456275,-2.1084104,1.0202897,0.95271695,-0.1385192,0.27044934,0
0.51452684,-3.6674089,0.75985414,-0.3036477,-0.40081137,0.86437738,0
4.7908473,2.6054282,2.6003246,0.95271695,-0.1385192,0.27044934,0
-4.9553499,1.0166976,-0.26734138,-0.95271695,0.1385192,-0.27044934,0
-2.9944277,2.4494557,-2.3183093,0.3036477,0.40081137,-0.86437738,0
-4.475112,3.5707223,-0.99041915,-0.95271695,0.1385192,-0.27044934,0
-3.7459271,-4.3816142,-1.0109015,-0.3036477,-0.40081137,0.86437738,0
5.0172791,4.4442663,2.3142152,0.011333585,0.90562826,0.42392078,0
-3.1565332,5.3176069,0.50957954,0.011333585,0.90562826,0.42392078,0
1.2691097,0.5431304,3.0224645,-0.3036477,-0.40081137,0.86437738,0
5.1792536,-3.0300055,-0.96576357,0.95271695,-0.1385192,0.27044934,0
-4.3409648,-1.7235496,-4.2249928,-0.95271695,0.1385192,-0.27044934,0
-5.1259794,1.582571,0.73769832,-0.95271695,0.1385192,-0.27044934,0
5.0203085,-2.5575666,-0.19563627,0.95271695,-0.1385192,0.27044934,0
-3.0536709,-1.4189906,0.68091893,-0.3036477,-0.40081137,0.86437738,0
0.11909342,-4.3732796,-2.6453159,-0.011333585,-0.90562826,-0.42392078,0
4.3162656,-4.8229151,-1.7335494,-0.011333585,-0.90562826,-0.42392078,0
5.354054,2.0298648,0.63900852,0.95271695,-0.1385192,0.27044934,0
-3.0054402,4.6795778,1.7162131,0.011333585,0.90562826,0.42392078,0
-3.7691662,-0.52824986,-3.8267741,0.3036477,0.40081137,-0.86437738,0
5.1830959,1.0127921,0.97141027,0.95271695,-0.1385192,0.27044934,0
-0.38782787,-5.0410085,-0.8908571,-0.011333585,-0.90562826,-0.42392078,0
-0.45649767,-3.456991,-3.997788,0.3036477,0.40081137,-0.86437738,0
-4.4903536,2.6335723,-1.2508206,-0.95271695,0.1385192,-0.27044934,0
-1.1296253,-2.8699043,-4.1420465,0.3036477,0.40081137,-0.86437738,0
3.5663934,-2.702924,2.2323194,-0.3036477,-0.40081137,0.86437738,0
-2.0396404,2.5531802,2.8056016,-0.3036477,-0.40081137,0.86437738,0
-2.823782,4.4264703,2.3097377,0.011333585,0.90562826,0.42392078,0
5.1285477,1.1694767,1.2973547,0.95271695,-0.1385192,0.27044934,0
3.2422924,4.4134393,2.1835973,0.011333585,0.90562826,0.42392078,0
-0.65329385,-1.4123595,-3.2362466,0.3036477,0.40081137,-0.86437738,0
-1.2832806,-4.6453881,-1.971895,-0.011333585,-0.90562826,-0.42392078,0
-5.4501328,-3.5597544,-1.4161181,-0.95271695,0.1385192,-0.27044934,0
-4.9439998,-1.1683087,-1.8853121,-0.95271695,0.1385192,-0.27044934,0
5.2502608,-3.2797904,-1.6198066,0.95271695,-0.1385192,0.27044934,0
-1.053864,-3.7359562,-3.6299782,-0.011333585,-0.90562826,-0.42392078,0
-0.39926815,0.78386384,-2.0438135,0.3036477,0.40081137,-0.86437738,0
3.971241,1.7360797,-0.14184761,0.3036477,0.40081137,-0.86437738,0
-3.5247355,-4.3049283,-2.3108382,-0.011333585,-0.90562826,-0.42392078,0
0.63424635,5.3041687,0.58027434,0.011333585,0.90562826,0.42392078,0
4.4721198,4.4915452,2.2354426,0.011333585,0.90562826,0.42392078,0
-0.020483017,-4.8474202,-1.4779571,-0.011333585,-0.90562826,-0.42392078,0
-5.1585684,-1.5528204,-0.90320826,-0.95271695,0.1385192,-0.27044934,0
-3.449785,5.8842225,-0.45543242,0.011333585,0.90562826,0.42392078,0
5.0307846,1.0982692,1.4496217,0.95271695,-0.1385192,0.27044934,0
0.11076403,2.1730142,-1.2749873,0.3036477,0.40081137,-0.86437738,0
-4.4211359,-1.0520169,-3.1689696,-0.95271695,0.1385192,-0.27044934,0
0.06755662,-4.1846762,0.45523173,-0.3036477,-0.40081137,0.86437738,0
3.4821076,3.9120417,0.81072378,0.3036477,0.40081137,-0.86437738,0
4.4046144,-3.8198054,1.1845534,0.95271695,-0.1385192,0.27044934,0
-3.2227149,4.1155519,-1.512097,0.3036477,0.40081137,-0.86437738,0
-1.3020887,-4.1652055,-2.7356086,-0.011333585,-0.90562826,-0.42392078,0
-0.34327006,-3.8604982,0.39864993,-0.3036477,-0.40081137,0.86437738,0
5.0791988,-4.4697204,-2.060843,0.95271695,-0.1385192,0.27044934,0
3.2319782,4.6973872,1.7541609,0.011333585,0.90562826,0.42392078,0
4.00387,-5.2028584,-0.6216203,-0.011333585,-0.90562826,-0.42392078,0
4.4033389,-4.2917557,-2.5702863,-0.011333585,-0.90562826,-0.42392078,0
-3.7403581,3.02794,-2.1099823,0.3036477,0.40081137,-0.86437738,0
-4.762136,0.38708305,-1.8201015,-0.95271695,0.1385192,-0.27044934,0
4.5806389,4.5593243,1.4457197,0.3036477,0.40081137,-0.86437738,0
-3.0405233,2.2449951,-2.3526683,0.3036477,0.40081137,-0.86437738,0
1.4626745,2.2101855,-0.76559615,0.3036477,0.40081137,-0.86437738,0
4.2518659,0.783557,3.6305053,0.95271695,-0.1385192,0.27044934,0
0.89698136,-2.6770844,1.3464456,-0.3036477,-0.40081137,0.86437738,0
0.97813535,-0.68807042,-2.275542,0.3036477,0.40081137,-0.86437738,0
-5.0286584,-3.8387551,-2.4962482,-0.95271695,0.1385192,-0.27044934,0
-3.8084035,2.6436899,2.1137991,-0.3036477,-0.40081137,0.86437738,0
-4.3332763,-1.4029351,-3.9671261,-0.95271695,0.1385192,-0.27044934,0
4.4285927,0.85592175,3.57377,0.95271695,-0.1385192,0.27044934,0
0.14601421,4.4390068,2.1678321,0.011333585,0.90562826,0.42392078,0
5.2056932,1.5783939,0.80817652,0.95271695,-0.1385192,0.27044934,0
4.7090816,-2.244637,0.64718461,0.95271695,-0.1385192,0.27044934,0
-3.0791554,5.1394176,0.93284565,0.011333585,0.90562826,0.42392078,0
-3.0507731,5.2782173,0.81325448,0.011333585,0.90562826,0.42392078,0
5.3237829,-1.1399024,-0.83406639,0.95271695,-0.1385192,0.27044934,0
3.674494,3.9542241,0.91336298,0.3036477,0.40081137,-0.86437738,0
1.9921737,-4.1140609,-2.8245289,-0.011333585,-0.90562826,-0.42392078,0
5.3789873,1.706805,0.42610073,0.95271695,-0.1385192,0.27044934,0
4.3316727,-2.4968448,1.9625318,0.95271695,-0.1385192,0.27044934,0
-2.6690321,0.77215594,-2.9988904,0.3036477,0.40081137,-0.86437738,0
1.5206046,-5.1177807,-0.84899026,-0.011333585,-0.90562826,-0.42392078,0
0.14767265,3.3771853,4.0394149,-0.3036477,-0.40081137,0.86437738,0
-4.5339046,1.9257023,-1.5905752,-0.95271695,0.1385192,-0.27044934,0
-4.7631435,1.4343259,1.2118227,-0.3036477,-0.40081137,0.86437738,0
4.4030085,-5.3167362,0.080310345,0.95271695,-0.1385192,0.27044934,0
4.762681,-1.0324831,0.85625029,0.95271695,-0.1385192,0.27044934,0
-4.2090321,-4.1817341,-2.6871724,-0.011333585,-0.90562826,-0.42392078,0
0.63154507,-3.9392521,-3.3451657,-0.011333585,-0.90562826,-0.42392078,0
2.4403391,3.7283368,3.5926702,0.011333585,0.90562826,0.42392078,0
0.92019749,3.4926546,4.113955,0.011333585,0.90562826,0.42392078,0
-5.157835,3.3437333,1.1429858,-0.95271695,0.1385192,-0.27044934,0
0.68286085,-3.7072332,-3.7597573,0.3036477,0.40081137,-0.86437738,0
3.5159519,4.2082214,0.87981653,0.3036477,0.40081137,-0.86437738,0
4.7334094,1.1031617,2.6123605,0.95271695,-0.1385192,0.27044934,0
2.5693214,-3.412766,1.5969582,-0.3036477,-0.40081137,0.86437738,0
3.1714003,4.6018577,1.6718388,0.011333585,0.90562826,0.42392078,0
5.283906,1.3241937,0.41466665,0.95271695,-0.1385192,0.27044934,0
4.745955,1.5155793,2.8115635,0.95271695,-0.1385192,0.27044934,0
-2.9025388,-1.008588,-3.8003464,0.3036477,0.40081137,-0.86437738,0
-3.9065042,5.8092265,-0.53183377,0.011333585,0.90562826,0.42392078,0
-0.45321476,-2.9647698,0.74106759,-0.3036477,-0.40081137,0.86437738,0
-4.8333025,-1.8875577,-2.2942657,-0.95271695,0.1385192,-0.27044934,0
4.6084847,-3.440464,-2.2289515,0.3036477,0.40081137,-0.86437738,0
-1.0760632,-2.6102614,0.70210564,-0.3036477,-0.40081137,0.86437738,0
2.9904408,0.34597367,3.4425411,-0.3036477,-0.40081137,0.86437738,0
0.34825325,3.4999363,3.9514303,-0.3036477,-0.40081137,0.86437738,0
-5.1310015,-3.5757117,-1.2041359,-0.3036477,-0.40081137,0.86437738,0
-2.5469613,-4.3939157,-0.62006545,-0.3036477,-0.40081137,0.86437738,0
-3.0463018,-4.4373899,-0.81774592,-0.3036477,-0.40081137,0.86437738,0
4.2511826,-0.042998195,3.1275883,0.95271695,-0.1385192,0.27044934,0
4.2796154,-4.4594622,1.4962481,0.95271695,-0.1385192,0.27044934,0
3.1101375,-5.7132797,0.1172561,-0.011333585,-0.90562826,-0.42392078,0
-0.11565351,2.8695607,3.6443508,-0.3036477,-0.40081137,0.86437738,0
-4.9233284,4.8558655,1.5875257,0.011333585,0.90562826,0.42392078,0
5.104032,-4.2869453,-1.944217,0.95271695,-0.1385192,0.27044934,0
-4.038413,4.1219854,-1.8404698,-0.95271695,0.1385192,-0.27044934,0
-3.8768742,5.6426163,-0.081078887,0.011333585,0.90562826,0.42392078,0
3.1194525,2.570024,4.5508661,-0.3036477,-0.40081137,0.86437738,0
-0.94861221,-4.4309959,-0.034287214,-0.3036477,-0.40081137,0.86437738,0
-3.4032273,0.5507431,-3.1430459,0.3036477,0.40081137,-0.86437738,0
4.70228,-0.25211549,1.6566088,0.95271695,-0.1385192,0.27044934,0
-4.0084014,-4.0663781,-2.8175826,-0.011333585,-0.90562826,-0.42392078,0
5.2117505,-1.8953829,-0.76584506,0.95271695,-0.1385192,0.27044934,0
0.53166246,4.9815998,1.1367142,0.011333585,0.90562826,0.42392078,0
-0.60542822,4.5966587,1.8903174,0.011333585,0.90562826,0.42392078,0
3.3203104,-2.9437337,2.0394197,-0.3036477,-0.40081137,0.86437738,0
-2.1241274,-2.493021,-4.1022177,0.3036477,0.40081137,-0.86437738,0
0.67431521,-4.854948,0.24423313,-0.3036477,-0.40081137,0.86437738,0
-4.7212038,-1.4962007,-2.9661932,-0.95271695,0.1385192,-0.27044934,0
0.72906542,-4.0057073,-3.4405117,-0.011333585,-0.90562826,-0.42392078,0
-4.4454832,0.59366655,-2.4780312,-0.95271695,0.1385192,-0.27044934,0
-1.0419062,-2.4509139,0.80941987,-0.3036477,-0.40081137,0.86437738,0
-1.5697591,-5.0027914,-1.2332377,-0.011333585,-0.90562826,-0.42392078,0
5.1442399,-2.5046208,-1.1655138,0.95271695,-0.1385192,0.27044934,0
-3.6202335,-1.8820665,-4.5154586,0.3036477,0.40081137,-0.86437738,0
4.404304,2.5489483,4.0508595,0.95271695,-0.1385192,0.27044934,0
5.2335639,0.73175144,0.34770632,0.95271695,-0.1385192,0.27044934,0
4.7119718,-4.4247169,-0.60945415,0.95271695,-0.1385192,0.27044934,0
5.3169818,0.2616806,-0.21314383,0.95271695,-0.1385192,0.27044934,0
-3.2149785,2.1737752,2.2791321,-0.3036477,-0.40081137,0.86437738,0
-4.7035623,4.5007043,2.2008858,0.011333585,0.90562826,0.42392078,0
-4.3422127,4.8755488,-0.70222497,-0.95271695,0.1385192,-0.27044934,0
-1.5736239,-5.2059603,-0.73775959,-0.011333585,-0.90562826,-0.42392078,0
0.97129822,0.53223157,2.79932,-0.3036477,-0.40081137,0.86437738,0
2.0624146,-4.4206161,-2.3808334,-0.011333585,-0.90562826,-0.42392078,0
5.3780155,3.9638584,1.7420473,0.95271695,-0.1385192,0.27044934,0
3.3336525,4.3779492,2.2857041,0.011333585,0.90562826,0.42392078,0
1.6347873,4.6259851,1.8495128,0.011333585,0.90562826,0.42392078,0
1.316743,2.2274401,-0.74970329,0.3036477,0.40081137,-0.86437738,0
-2.4017892,4.7916813,1.5957971,0.011333585,0.90562826,0.42392078,0
3.2249854,-5.3163886,-0.42113948,-0.011333585,-0.90562826,-0.42392078,0
4.6171875,-1.9247718,1.4927449,0.95271695,-0.1385192,0.27044934,0
4.9371395,0.60986686,1.7454519,0.95271695,-0.1385192,0.27044934,0
-2.6817088,-1.8663536,0.61674643,-0.3036477,-0.40081137,0.86437738,0
5.2891212,-3.6084056,-1.7669313,0.95271695,-0.1385192,0.27044934,0
-4.4543676,-3.1248257,-0.60735703,-0.3036477,-0.40081137,0.86437738,0
-0.86159945,4.0357256,3.2622046,0.011333585,0.90562826,0.42392078,0
-5.1952281,0.81816053,0.58319449,-0.95271695,0.1385192,-0.27044934,0
1.4945245,-4.1592112,-3.179265,-0.011333585,-0.90562826,-0.42392078,0
-0.21433163,1.4713786,2.8189459,-0.3036477,-0.40081137,0.86437738,0
5.216783,0.40609741,0.6072154,0.95271695,-0.1385192,0.27044934,0
4.1882811,-4.3476009,1.8343102,0.95271695,-0.1385192,0.27044934,0
-0.81033015,2.134938,-1.5203611,0.3036477,0.40081137,-0.86437738,0
-4.5047917,-1.8947957,-3.570622,-0.95271695,0.1385192,-0.27044934,0
2.3501894,-5.1698046,-0.62025791,-0.011333585,-0.90562826,-0.42392078,0
-2.7311525,5.5446458,-0.14530984,0.011333585,0.90562826,0.42392078,0
5.2003007,1.0757222,1.0345249,0.95271695,-0.1385192,0.27044934,0
-1.2667789,3.6221089,-1.0965661,0.3036477,0.40081137,-0.86437738,0
-5.1914353,-3.2812762,-2.2156472,-0.95271695,0.1385192,-0.27044934,0
-1.7729373,4.5228949,1.9834163,0.011333585,0.90562826,0.42392078,0
4.4644723,-0.24739647,-0.83776593,0.3036477,0.40081137,-0.86437738,0
-0.94820166,2.46766,3.0328643,-0.3036477,-0.40081137,0.86437738,0
0.6019879,-1.8171841,1.6534826,-0.3036477,-0.40081137,0.86437738,0
-3.6475315,5.0900192,1.0787175,0.011333585,0.90562826,0.42392078,0
-2.2658725,1.3937376,2.2352047,-0.3036477,-0.40081137,0.86437738,0
-0.81857705,-1.9491513,-3.5292974,0.3036477,0.40081137,-0.86437738,0
3.3081737,0.22139215,3.5051055,-0.3036477,-0.40081137,0.86437738,0
-1.7039685,1.8967245,2.4927351,-0.3036477,-0.40081137,0.86437738,0
-4.6468878,4.5839877,0.35384941,-0.95271695,0.1385192,-0.27044934,0
4.6689272,4.451396,1.9954157,0.011333585,0.90562826,0.42392078,0
4.173317,-5.4801745,-0.43436313,-0.011333585,-0.90562826,-0.42392078,0
-4.3048348,-2.0066175,-4.1919146,-0.95271695,0.1385192,-0.27044934,0
5.3172531,-2.567018,-1.2740388,0.95271695,-0.1385192,0.27044934,0
-4.2539668,0.84165108,-3.1433358,-0.95271695,0.1385192,-0.27044934,0
4.5310969,-2.9404447,1.3007991,0.95271695,-0.1385192,0.27044934,0
-5.0670519,3.1185193,0.83319688,-0.95271695,0.1385192,-0.27044934,0
-2.492229,-3.3819861,-4.5305099,-0.011333585,-0.90562826,-0.42392078,0
-3.3869457,5.5651312,-1.0127494,0.3036477,0.40081137,-0.86437738,0
5.0399008,-2.5038159,-0.27157116,0.95271695,-0.1385192,0.27044934,0
