-0.2292943,-3.98739,-1.4479294,-0.042022675,-0.76921254,-0.63760972,0
-2.742146,-1.1462717,-2.8467255,-0.89954191,0.30685699,-0.31090671,0
-3.9696851,-3.3352919,-1.4556115,-0.89954191,0.30685699,-0.31090671,0
-1.5486646,4.6364107,-0.59244633,-0.89954191,0.30685699,-0.31090671,0
1.5752621,3.4549437,-0.53714216,0.43480837,0.5604915,-0.70483387,0
3.9851339,1.4806738,-0.62046564,0.43480837,0.5604915,-0.70483387,0
-1.1287279,2.3678608,-3.0696793,0.43480837,0.5604915,-0.70483387,0
0.07401228,2.3262749,-2.3607845,0.43480837,0.5604915,-0.70483387,0
1.6139886,-3.5667722,1.4591519,0.89954191,-0.30685699,0.31090671,0
-2.3007069,-3.9676912,-0.3181237,-0.43480837,-0.5604915,0.70483387,0
-2.9010625,2.376112,1.0895698,-0.89954191,0.30685699,-0.31090671,0
-2.2546008,-3.755614,-1.5940633,-0.042022675,-0.76921254,-0.63760972,0
-2.0763252,-3.3005388,0.35082304,-0.43480837,-0.5604915,0.70483387,0
-0.18586111,4.2991323,1.0992045,0.042022675,0.76921254,0.63760972,0
0.60765409,4.0558228,-0.6562289,0.43480837,0.5604915,-0.70483387,0
1.2025783,-4.2174654,-1.2647367,-0.042022675,-0.76921254,-0.63760972,0
-2.802969,2.9658961,1.3878596,-0.89954191,0.30685699,-0.31090671,0
-0.51765823,5.2647929,-0.043900967,0.042022675,0.76921254,0.63760972,0
-2.3254094,-1.7972269,-3.9519954,-0.042022675,-0.76921254,-0.63760972,0
-0.041949749,1.3885643,-3.177999,0.43480837,0.5604915,-0.70483387,0
3.7231586,-2.427207,-3.5906279,-0.042022675,-0.76921254,-0.63760972,0
-1.6990024,0.47922587,3.5893013,-0.43480837,-0.5604915,0.70483387,0
1.4837294,-4.2089596,1.2022057,0.89954191,-0.30685699,0.31090671,0
-1.3815777,-2.0318639,1.7882729,-0.43480837,-0.5604915,0.70483387,0
1.1809781,-0.71414691,4.4169636,-0.43480837,-0.5604915,0.70483387,0
-2.9782269,-1.4375188,1.2759386,-0.43480837,-0.5604915,0.70483387,0
-1.700276,-0.4414165,-5.1654792,-0.89954191,0.30685699,-0.31090671,0
-1.9901962,-4.0960855,-0.22867203,-0.43480837,-0.5604915,0.70483387,0
0.14242186,-2.2334168,-3.5884223,-0.042022675,-0.76921254,-0.63760972,0
1.4555047,2.9093866,2.667618,0.042022675,0.76921254,0.63760972,0
0.68175697,-4.1174397,-1.3510816,-0.042022675,-0.76921254,-0.63760972,0
-2.6256809,-3.1612885,-2.2866011,-0.042022675,-0.76921254,-0.63760972,0
-1.6119931,-0.10170674,-5.0856214,-0.89954191,0.30685699,-0.31090671,0
1.5452797,2.0122197,-1.7029074,0.43480837,0.5604915,-0.70483387,0
3.0630922,-0.40310979,0.38893437,0.89954191,-0.30685699,0.31090671,0
-3.8107591,0.43631077,2.2524431,-0.43480837,-0.5604915,0.70483387,0
1.4737964,3.2478786,-0.76439571,0.43480837,0.5604915,-0.70483387,0
-2.6892569,2.399441,3.5559838,0.042022675,0.76921254,0.63760972,0
2.9049425,-1.025641,0.23208487,0.89954191,-0.30685699,0.31090671,0
0.93225217,0.79543591,5.2523746,0.042022675,0.76921254,0.63760972,0
0.96623707,-2.156656,3.1373916,-0.43480837,-0.5604915,0.70483387,0
1.6892588,-3.5674562,1.2406969,0.89954191,-0.30685699,0.31090671,0
2.3196757,-2.5895023,0.38193774,0.89954191,-0.30685699,0.31090671,0
1.7638466,2.1937308,3.5106637,0.042022675,0.76921254,0.63760972,0
1.342586,-4.4102368,1.4119194,0.89954191,-0.30685699,0.31090671,0
-0.49236965,4.7012682,0.63426852,0.042022675,0.76921254,0.63760972,0
-3.426976,1.3194146,1.5682541,-0.89954191,0.30685699,-0.31090671,0
1.2621589,2.4626706,-1.5193596,0.43480837,0.5604915,-0.70483387,0
-1.9929814,-1.3369074,-4.5292339,-0.042022675,-0.76921254,-0.63760972,0
-2.7057519,-1.8914255,-3.6874719,-0.89954191,0.30685699,-0.31090671,0
-2.1623986,4.0587287,0.61310458,-0.89954191,0.30685699,-0.31090671,0
2.6648915,-1.9267881,-4.1245866,-0.042022675,-0.76921254,-0.63760972,0
-1.1501899,2.2308931,3.6578851,0.042022675,0.76921254,0.63760972,0
-3.0147779,3.2740369,2.3048108,-0.89954191,0.30685699,-0.31090671,0
-0.54772806,5.2168946,-0.44568062,0.43480837,0.5604915,-0.70483387,0
-3.6893201,-3.1606853,-0.53301215,-0.43480837,-0.5604915,0.70483387,0
2.7234941,3.9777544,0.58694148,0.43480837,0.5604915,-0.70483387,0
3.5907102,-0.18190098,-0.91928756,0.89954191,-0.30685699,0.31090671,0
0.14875174,-4.1233277,-1.3088498,-0.042022675,-0.76921254,-0.63760972,0
-2.894165,-3.1150737,-2.3246601,-0.042022675,-0.76921254,-0.63760972,0
-0.68976533,-3.3492632,-2.187418,-0.042022675,-0.76921254,-0.63760972,0
-1.4919488,2.2293739,-3.1322258,-0.89954191,0.30685699,-0.31090671,0
2.0375516,-3.1368527,0.6579814,0.89954191,-0.30685699,0.31090671,0
2.5715737,4.0381012,0.54121101,0.43480837,0.5604915,-0.70483387,0
-2.5401363,-2.376663,-3.2388115,-0.042022675,-0.76921254,-0.63760972,0
1.4024087,-0.52203035,-3.8063071,0.43480837,0.5604915,-0.70483387,0
2.9055731,3.5743203,0.37844968,0.43480837,0.5604915,-0.70483387,0
-3.4774504,-2.7267954,-2.2792165,-0.89954191,0.30685699,-0.31090671,0
-2.1465478,0.22642231,3.1121807,-0.43480837,-0.5604915,0.70483387,0
-3.8815198,-0.68326092,0.90679014,-0.89954191,0.30685699,-0.31090671,0
-2.5925946,-2.6131206,-2.9500918,-0.042022675,-0.76921254,-0.63760972,0
-3.3361323,-3.3453479,-0.46197832,-0.43480837,-0.5604915,0.70483387,0
1.721491,-3.6911829,-1.9338434,-0.042022675,-0.76921254,-0.63760972,0
-0.071109295,2.487483,-2.3221152,0.43480837,0.5604915,-0.70483387,0
-3.3372016,2.2594135,3.767617,0.042022675,0.76921254,0.63760972,0
-0.35682535,-1.2583541,3.0355408,-0.43480837,-0.5604915,0.70483387,0
1.2526994,1.0189557,-2.6732531,0.43480837,0.5604915,-0.70483387,0
-2.6713755,-3.5314872,-0.19991267,-0.43480837,-0.5604915,0.70483387,0
0.020419955,3.2529998,2.3476644,0.042022675,0.76921254,0.63760972,0
-2.2173471,-1.9343294,1.3502517,-0.43480837,-0.5604915,0.70483387,0
3.3442936,2.8122692,2.6602967,0.042022675,0.76921254,0.63760972,0
-0.1672678,-4.3109694,0.72500539,-0.43480837,-0.5604915,0.70483387,0
0.2611146,-3.7138886,-1.8102028,-0.042022675,-0.76921254,-0.63760972,0
2.148942,0.52788711,3.9527042,0.89954191,-0.30685699,0.31090671,0
1.908215,0.06523037,4.192565,0.89954191,-0.30685699,0.31090671,0
3.9835591,0.84219027,-1.0451607,0.89954191,-0.30685699,0.31090671,0
0.19932985,-0.97684139,-4.910151,0.43480837,0.5604915,-0.70483387,0
-1.0678821,3.370661,2.2774439,0.042022675,0.76921254,0.63760972,0
2.8616946,2.7546544,-0.30042583,0.43480837,0.5604915,-0.70483387,0
-3.5495927,-2.5079072,-1.8544509,-0.89954191,0.30685699,-0.31090671,0
3.2886748,-0.73279309,-0.58912981,0.89954191,-0.30685699,0.31090671,0
-3.0375254,-3.5451403,-1.7963785,-0.042022675,-0.76921254,-0.63760972,0
1.3938637,2.4732404,3.1978474,0.042022675,0.76921254,0.63760972,0
0.93249011,-1.723963,-4.2550979,-0.042022675,-0.76921254,-0.63760972,0
-0.15779281,-1.7931893,-4.0997267,-0.042022675,-0.76921254,-0.63760972,0
-0.58216071,-2.4270487,-3.3070693,-0.042022675,-0.76921254,-0.63760972,0
-2.9534891,0.077641726,2.4960711,-0.43480837,-0.5604915,0.70483387,0
-1.3512894,-2.1467843,-3.5944898,-0.042022675,-0.76921254,-0.63760972,0
2.3419013,1.4427618,4.2973757,0.89954191,-0.30685699,0.31090671,0
-2.5639207,2.622653,0.35745215,-0.89954191,0.30685699,-0.31090671,0
2.091608,-1.5449932,-4.1946149,0.43480837,0.5604915,-0.70483387,0
1.2090989,1.1775203,4.7731819,0.042022675,0.76921254,0.63760972,0
-0.38021564,1.7045076,-3.135432,0.43480837,0.5604915,-0.70483387,0
-3.1435833,-1.0189338,1.5067942,-0.43480837,-0.5604915,0.70483387,0
2.227761,-1.7741237,-4.2799506,-0.042022675,-0.76921254,-0.63760972,0
-2.9243679,-2.964148,-2.5047455,-0.042022675,-0.76921254,-0.63760972,0
-2.4911988,-4.0121284,-1.2690105,-0.042022675,-0.76921254,-0.63760972,0
1.8909798,4.0469589,1.2665493,0.042022675,0.76921254,0.63760972,0
-1.4008492,-3.2801199,-2.2239676,-0.042022675,-0.76921254,-0.63760972,0
1.0480402,-0.4449169,4.5490494,-0.43480837,-0.5604915,0.70483387,0
-2.5081472,-1.2675207,1.7011124,-0.43480837,-0.5604915,0.70483387,0
0.30079699,-1.2725703,-4.7580256,-0.042022675,-0.76921254,-0.63760972,0
1.0472686,-2.1265173,3.2113461,-0.43480837,-0.5604915,0.70483387,0
0.80296171,-3.724473,-1.8331447,-0.042022675,-0.76921254,-0.63760972,0
-3.2101591,1.5047026,1.1238159,-0.89954191,0.30685699,-0.31090671,0
0.062730491,-2.0047626,-3.8590178,-0.042022675,-0.76921254,-0.63760972,0
3.6805444,-0.69466257,-1.6852857,0.89954191,-0.30685699,0.31090671,0
-0.5137201,2.6209714,3.1453471,0.042022675,0.76921254,0.63760972,0
-1.853613,4.0024996,1.5669785,0.042022675,0.76921254,0.63760972,0
-2.9753547,-4.1566586,-0.88457978,-0.43480837,-0.5604915,0.70483387,0
-3.4576404,-1.252583,-0.8815217,-0.89954191,0.30685699,-0.31090671,0
-2.2496855,-2.4291325,0.93683004,-0.43480837,-0.5604915,0.70483387,0
-2.1739321,-3.5636585,-1.8309549,-0.042022675,-0.76921254,-0.63760972,0
-2.9175887,2.5594671,1.3183522,-0.89954191,0.30685699,-0.31090671,0
1.3316178,-2.205004,3.3243461,-0.43480837,-0.5604915,0.70483387,0
3.9827013,2.3897741,0.48474979,0.89954191,-0.30685699,0.31090671,0
-0.24386597,4.65137,-0.70794058,0.43480837,0.5604915,-0.70483387,0
2.4586742,-0.93578362,1.6119541,0.89954191,-0.30685699,0.31090671,0
2.1159186,-4.4960079,-0.98889756,-0.042022675,-0.76921254,-0.63760972,0
-0.51035643,-1.0244926,-5.0038462,-0.042022675,-0.76921254,-0.63760972,0
-2.4136443,1.7096002,4.1268497,-0.43480837,-0.5604915,0.70483387,0
1.2500911,-3.7055578,2.0807967,-0.43480837,-0.5604915,0.70483387,0
3.6867747,-1.9837389,-2.9755979,0.89954191,-0.30685699,0.31090671,0
0.80203903,1.9700229,3.8439341,0.042022675,0.76921254,0.63760972,0
2.3976076,4.1616659,1.094777,0.042022675,0.76921254,0.63760972,0
-1.6763618,3.6594424,-1.1872246,-0.89954191,0.30685699,-0.31090671,0
-0.47620797,0.77717924,4.5805726,-0.43480837,-0.5604915,0.70483387,0
-1.6675801,-1.3325338,2.1679549,-0.43480837,-0.5604915,0.70483387,0
-3.2910376,-1.6370084,-1.7429696,-0.89954191,0.30685699,-0.31090671,0
-3.8696704,-2.4909089,-0.11165625,-0.43480837,-0.5604915,0.70483387,0
0.8196187,1.8206352,-2.3029141,0.43480837,0.5604915,-0.70483387,0
0.84738231,-1.5968996,-4.4027781,-0.042022675,-0.76921254,-0.63760972,0
-3.6628377,-0.56881714,1.5444067,-0.43480837,-0.5604915,0.70483387,0
0.20230722,0.54400778,-3.6989181,0.43480837,0.5604915,-0.70483387,0
-0.84719926,-2.4094818,-3.3107946,-0.042022675,-0.76921254,-0.63760972,0
3.875922,0.39580536,-1.174305,0.89954191,-0.30685699,0.31090671,0
-2.3236604,-2.2572336,-3.3971581,-0.042022675,-0.76921254,-0.63760972,0
1.9083502,-1.8162063,2.3352435,0.89954191,-0.30685699,0.31090671,0
2.1919689,-0.45052266,-3.262368,0.43480837,0.5604915,-0.70483387,0
-2.9275069,-0.80666018,-1.975235,-0.89954191,0.30685699,-0.31090671,0
-3.0228672,1.4182496,0.49659932,-0.89954191,0.30685699,-0.31090671,0
2.5422125,2.7049093,-0.53707063,0.43480837,0.5604915,-0.70483387,0
3.8368766,2.2090421,0.72828448,0.89954191,-0.30685699,0.31090671,0
-1.0131941,-4.2791386,0.22846985,-0.43480837,-0.5604915,0.70483387,0
2.7888749,1.1687703,-1.6064599,0.43480837,0.5604915,-0.70483387,0
-0.34665418,-1.7374721,2.6608157,-0.43480837,-0.5604915,0.70483387,0
3.0005178,-3.2579153,-2.2476413,0.89954191,-0.30685699,0.31090671,0
3.6185362,2.9547527,0.3255859,0.43480837,0.5604915,-0.70483387,0
-1.4674015,2.5745082,-2.8626094,-0.89954191,0.30685699,-0.31090671,0
-1.7435436,4.4210658,1.0547662,0.042022675,0.76921254,0.63760972,0
0.79747176,-1.0691936,3.8980432,-0.43480837,-0.5604915,0.70483387,0
-1.6341784,-4.324729,-0.94837236,-0.042022675,-0.76921254,-0.63760972,0
0.91649342,1.990441,-2.1081212,0.43480837,0.5604915,-0.70483387,0
-1.4857683,-4.0833206,0.092658043,-0.43480837,-0.5604915,0.70483387,0
2.0080018,0.37471271,4.2093058,0.89954191,-0.30685699,0.31090671,0
1.1167414,2.1017234,-1.8960962,0.43480837,0.5604915,-0.70483387,0
1.6875165,-4.0255766,-1.528192,-0.042022675,-0.76921254,-0.63760972,0
2.9007368,2.9419208,-0.12742472,0.43480837,0.5604915,-0.70483387,0
-2.5995324,2.8646057,0.69928741,-0.89954191,0.30685699,-0.31090671,0
-1.864943,-2.2267475,-3.4641695,-0.042022675,-0.76921254,-0.63760972,0
-2.673985,3.5396914,2.1793785,0.042022675,0.76921254,0.63760972,0
2.3164337,-3.7632809,-1.8860748,-0.042022675,-0.76921254,-0.63760972,0
0.33277845,-1.2732331,-4.7593336,-0.042022675,-0.76921254,-0.63760972,0
2.0320048,-3.4018612,-2.3033462,-0.042022675,-0.76921254,-0.63760972,0
1.8030417,-1.0840963,3.362505,0.89954191,-0.30685699,0.31090671,0
-3.6829586,-2.4366958,-1.398301,-0.89954191,0.30685699,-0.31090671,0
-2.205936,2.752111,-0.55052876,-0.89954191,0.30685699,-0.31090671,0
0.68443465,-2.4415238,2.7370195,-0.43480837,-0.5604915,0.70483387,0
-1.8284242,4.844789,0.42264128,-0.89954191,0.30685699,-0.31090671,0
0.80897093,4.5529089,0.72748303,0.042022675,0.76921254,0.63760972,0
-3.9366641,-3.6339972,-1.0619805,-0.43480837,-0.5604915,0.70483387,0
2.2007608,-1.5201037,1.7814612,0.89954191,-0.30685699,0.31090671,0
2.0087657,-1.5631877,2.2944357,0.89954191,-0.30685699,0.31090671,0
-1.822769,1.2726705,4.1439066,-0.43480837,-0.5604915,0.70483387,0
-0.80627728,4.3364034,-1.3053548,0.43480837,0.5604915,-0.70483387,0
-3.1348329,1.1530509,0.55880404,-0.89954191,0.30685699,-0.31090671,0
3.2854991,3.9959288,0.94809163,0.43480837,0.5604915,-0.70483387,0
0.73785973,-4.9563246,-0.34274817,-0.042022675,-0.76921254,-0.63760972,0
-2.9504037,-2.932107,-2.5416846,-0.042022675,-0.76921254,-0.63760972,0
-2.3491483,-3.3470221,0.14555609,-0.43480837,-0.5604915,0.70483387,0
-1.7986346,0.46793866,-3.9833889,-0.89954191,0.30685699,-0.31090671,0
0.891222,-5.3174243,0.082774401,-0.042022675,-0.76921254,-0.63760972,0
-0.12639832,-0.95602721,3.4181037,-0.43480837,-0.5604915,0.70483387,0
2.9937894,-1.6766975,-3.7427964,0.43480837,0.5604915,-0.70483387,0
-2.9492855,-3.5464745,-1.8005844,-0.042022675,-0.76921254,-0.63760972,0
-1.1953475,0.35623491,3.8021996,-0.43480837,-0.5604915,0.70483387,0
3.2754428,0.7860117,0.94817674,0.89954191,-0.30685699,0.31090671,0
-0.43959838,1.9625578,3.9347725,0.042022675,0.76921254,0.63760972,0
0.2654748,-3.9298422,1.2950385,-0.43480837,-0.5604915,0.70483387,0
-3.4501815,0.25653124,0.58635509,-0.89954191,0.30685699,-0.31090671,0
1.8576937,3.7417736,1.6369188,0.042022675,0.76921254,0.63760972,0
-3.0949435,1.0608771,0.3524189,-0.89954191,0.30685699,-0.31090671,0
-3.104295,-0.62688112,-1.2862997,-0.89954191,0.30685699,-0.31090671,0
-0.72302389,4.9060392,0.40243411,0.042022675,0.76921254,0.63760972,0
2.2601707,-4.302392,-1.2319832,-0.042022675,-0.76921254,-0.63760972,0
-0.78460717,1.8959055,4.03792,0.042022675,0.76921254,0.63760972,0
-3.2613316,1.8840687,1.6462976,-0.89954191,0.30685699,-0.31090671,0
2.3940296,-0.70692515,2.0248661,0.89954191,-0.30685699,0.31090671,0
-0.25053874,-2.4253867,-3.3309305,-0.042022675,-0.76921254,-0.63760972,0
-0.66972113,0.52969575,-4.2482491,0.43480837,0.5604915,-0.70483387,0
0.35223544,-1.6754326,-4.2754025,-0.042022675,-0.76921254,-0.63760972,0
-2.3773463,-1.0476062,-3.8048143,-0.89954191,0.30685699,-0.31090671,0
-2.4368229,2.4933736,-0.13787436,-0.89954191,0.30685699,-0.31090671,0
-0.13197088,4.411314,-0.82980895,0.43480837,0.5604915,-0.70483387,0
-1.1304131,2.2031536,-3.2016959,0.43480837,0.5604915,-0.70483387,0
-0.016744614,-1.164433,-4.8675547,-0.042022675,-0.76921254,-0.63760972,0
0.46557951,-5.0524325,0.52578616,-0.43480837,-0.5604915,0.70483387,0
1.6026558,3.2634783,2.2307434,0.042022675,0.76921254,0.63760972,0
2.8988793,-3.2800815,-1.9754486,0.89954191,-0.30685699,0.31090671,0
2.2979615,-3.1830997,-0.14110279,0.89954191,-0.30685699,0.31090671,0
2.8545377,-1.7291844,-0.31645966,0.89954191,-0.30685699,0.31090671,0
1.7234156,-1.338541,3.3417563,0.89954191,-0.30685699,0.31090671,0
-3.3870823,2.2407162,3.7934604,0.042022675,0.76921254,0.63760972,0
2.9091029,-1.8746846,-0.61793745,0.89954191,-0.30685699,0.31090671,0
-3.9616375,-1.635813,0.19844837,-0.89954191,0.30685699,-0.31090671,0
-1.185503,-2.499903,1.5370408,-0.43480837,-0.5604915,0.70483387,0
-1.8553538,-2.8881032,-2.6669414,-0.042022675,-0.76921254,-0.63760972,0
0.69611907,3.1204977,2.4629817,0.042022675,0.76921254,0.63760972,0
3.6630199,3.6141286,0.87737048,0.43480837,0.5604915,-0.70483387,0
0.25681639,-1.8948779,2.907923,-0.43480837,-0.5604915,0.70483387,0
-3.5095887,2.5546772,3.0264497,-0.89954191,0.30685699,-0.31090671,0
3.150619,1.7278275,2.2388763,0.89954191,-0.30685699,0.31090671,0
0.82158351,0.90233231,5.1307087,0.042022675,0.76921254,0.63760972,0
-0.63934374,4.3710947,1.0422771,0.042022675,0.76921254,0.63760972,0
-1.8414292,-3.3924685,0.42262566,-0.43480837,-0.5604915,0.70483387,0
2.6253691,4.2420273,0.98281813,0.042022675,0.76921254,0.63760972,0
1.4809964,-3.5281851,1.8820199,0.89954191,-0.30685699,0.31090671,0
0.5172286,1.1871971,4.8071065,0.042022675,0.76921254,0.63760972,0
2.5535517,-0.10239053,2.1599841,0.89954191,-0.30685699,0.31090671,0
0.11813998,1.8467962,-2.7148495,0.43480837,0.5604915,-0.70483387,0
-0.23883557,-1.6989379,-4.2080903,-0.042022675,-0.76921254,-0.63760972,0
1.5312963,3.0188894,2.5305181,0.042022675,0.76921254,0.63760972,0
-2.4709229,-0.24804711,2.5347719,-0.43480837,-0.5604915,0.70483387,0
3.5798984,2.6502368,1.9072433,0.89954191,-0.30685699,0.31090671,0
-1.6464348,-2.5366259,1.2234921,-0.43480837,-0.5604915,0.70483387,0
-3.9739203,-1.561326,0.56324673,-0.43480837,-0.5604915,0.70483387,0
-2.3444467,-4.2742772,-0.96242607,-0.042022675,-0.76921254,-0.63760972,0
-1.8238144,0.52410448,-3.8551021,-0.89954191,0.30685699,-0.31090671,0
0.53138924,-4.918633,-0.37461162,-0.042022675,-0.76921254,-0.63760972,0
2.4050794,-3.6191776,-0.88142395,0.89954191,-0.30685699,0.31090671,0
-1.8087038,2.4988668,3.3780012,0.042022675,0.76921254,0.63760972,0
1.4624367,-1.4823684,3.9548881,0.89954191,-0.30685699,0.31090671,0
-3.5221126,1.9205139,3.6107621,-0.43480837,-0.5604915,0.70483387,0
-2.8272216,2.1105304,3.9136176,0.042022675,0.76921254,0.63760972,0
-3.376883,-0.23936081,1.9827979,-0.43480837,-0.5604915,0.70483387,0
1.0664232,2.5808768,-1.5461091,0.43480837,0.5604915,-0.70483387,0
0.26197982,-3.2848744,-2.3278227,-0.042022675,-0.76921254,-0.63760972,0
0.2967608,1.3334988,4.6451387,0.042022675,0.76921254,0.63760972,0
-3.6977973,-0.2760973,1.7556143,-0.43480837,-0.5604915,0.70483387,0
3.2258072,-1.1415288,-3.1740944,0.43480837,0.5604915,-0.70483387,0
3.4605689,3.3734283,1.9756509,0.042022675,0.76921254,0.63760972,0
1.4868143,-4.865551,-0.50161839,-0.042022675,-0.76921254,-0.63760972,0
-1.4927206,5.2772622,0.0053193569,0.042022675,0.76921254,0.63760972,0
3.8780646,3.3115561,1.697269,0.89954191,-0.30685699,0.31090671,0
-0.85194063,5.4329891,-0.22478175,0.042022675,0.76921254,0.63760972,0
0.5404653,-2.4321928,-3.3748519,-0.042022675,-0.76921254,-0.63760972,0
0.85940123,-5.2719879,0.59413934,-0.43480837,-0.5604915,0.70483387,0
-3.551405,2.3643188,2.959558,-0.89954191,0.30685699,-0.31090671,0
-1.4171915,5.4054861,-0.21377707,-0.89954191,0.30685699,-0.31090671,0
-1.459084,4.6509223,-0.83730578,-0.89954191,0.30685699,-0.31090671,0
-0.64472437,-0.54353952,-5.086277,0.43480837,0.5604915,-0.70483387,0
-0.98772001,0.25907457,3.8530211,-0.43480837,-0.5604915,0.70483387,0
2.6141348,1.5025413,3.5687275,0.89954191,-0.30685699,0.31090671,0
1.6635664,-1.2515815,-4.2253475,0.43480837,0.5604915,-0.70483387,0
-3.1436574,-3.2122257,-2.1910124,-0.042022675,-0.76921254,-0.63760972,0
1.605485,0.77031708,-2.6533415,0.43480837,0.5604915,-0.70483387,0
-2.1820574,1.8045988,4.2401733,0.042022675,0.76921254,0.63760972,0
1.2781296,-4.5404496,1.4341784,-0.43480837,-0.5604915,0.70483387,0
2.4405782,-0.22880268,-2.9326878,0.43480837,0.5604915,-0.70483387,0
3.8230784,-0.4435997,-1.8498857,0.89954191,-0.30685699,0.31090671,0
-1.1825953,-1.7382652,2.1444974,-0.43480837,-0.5604915,0.70483387,0
3.5611808,-1.9975638,-3.6479325,0.43480837,0.5604915,-0.70483387,0
-2.2494128,-0.57357478,2.4125578,-0.43480837,-0.5604915,0.70483387,0
-1.8497876,2.9411454,2.8471446,0.042022675,0.76921254,0.63760972,0
4.051846,3.6284285,1.5072143,0.89954191,-0.30685699,0.31090671,0
-2.6229279,1.3276393,-0.74996972,-0.89954191,0.30685699,-0.31090671,0
1.0052972,2.0452747,-2.0097342,0.43480837,0.5604915,-0.70483387,0
-2.5572591,1.3310888,-0.93656349,-0.89954191,0.30685699,-0.31090671,0
-1.8987234,-2.9483981,0.74041092,-0.43480837,-0.5604915,0.70483387,0
-0.46049643,3.9152076,1.5804722,0.042022675,0.76921254,0.63760972,0
-2.9463983,0.98072267,3.2185855,-0.43480837,-0.5604915,0.70483387,0
4.0054936,2.3793917,0.40855658,0.89954191,-0.30685699,0.31090671,0
-2.5748768,3.0648801,2.7456594,0.042022675,0.76921254,0.63760972,0
2.1347818,3.0318139,2.4751525,0.042022675,0.76921254,0.63760972,0
-1.0945425,4.6168542,-1.2601664,0.43480837,0.5604915,-0.70483387,0
-1.9339633,-3.7314847,-1.6443051,-0.042022675,-0.76921254,-0.63760972,0
0.10684204,-4.9895048,-0.26113176,-0.042022675,-0.76921254,-0.63760972,0
-1.3756859,-2.0697975,-3.6857588,-0.042022675,-0.76921254,-0.63760972,0
-0.46560049,1.2647735,4.7782931,0.042022675,0.76921254,0.63760972,0
3.354743,3.9056602,0.91902554,0.43480837,0.5604915,-0.70483387,0
-0.60633373,5.2346578,-0.0017008781,0.042022675,0.76921254,0.63760972,0
-2.2450516,2.8103344,3.0310054,0.042022675,0.76921254,0.63760972,0
2.0052044,-3.7910023,-1.8321192,-0.042022675,-0.76921254,-0.63760972,0
-3.7113769,-1.8011944,-0.68885368,-0.89954191,0.30685699,-0.31090671,0
-1.1585237,-2.4786024,-3.2068892,-0.042022675,-0.76921254,-0.63760972,0
-0.81113434,5.4882393,-0.2941246,0.042022675,0.76921254,0.63760972,0
-1.9199924,-0.87787235,-4.960547,-0.89954191,0.30685699,-0.31090671,0
0.30916834,-3.0454643,2.0252597,-0.43480837,-0.5604915,0.70483387,0
-3.9703016,-1.7303684,0.43105561,-0.43480837,-0.5604915,0.70483387,0
1.147157,-0.15822041,-3.6744652,0.43480837,0.5604915,-0.70483387,0
0.014366865,0.57135355,-3.7931118,0.43480837,0.5604915,-0.70483387,0
-3.5218415,2.6410732,3.319351,0.042022675,0.76921254,0.63760972,0
3.2137432,-0.24212432,0.11194706,0.89954191,-0.30685699,0.31090671,0
2.9128706,0.24780393,-2.2623303,0.43480837,0.5604915,-0.70483387,0
-1.5654569,4.0836134,-1.0894578,-0.89954191,0.30685699,-0.31090671,0
3.4836941,1.8597898,1.4054387,0.89954191,-0.30685699,0.31090671,0
2.3546648,1.196207,4.0171046,0.89954191,-0.30685699,0.31090671,0
-3.6507983,1.1495895,2.048224,-0.89954191,0.30685699,-0.31090671,0
-2.12431,3.2064972,-0.3382287,-0.89954191,0.30685699,-0.31090671,0
-0.72274446,4.0413051,1.4456317,0.042022675,0.76921254,0.63760972,0
-2.1499453,-1.1658061,2.0029697,-0.43480837,-0.5604915,0.70483387,0
-0.46524495,-2.885252,-2.7619987,-0.042022675,-0.76921254,-0.63760972,0
0.35806441,-0.75945628,3.8732815,-0.43480837,-0.5604915,0.70483387,0
-1.3981886,2.8507116,-2.790256,-0.89954191,0.30685699,-0.31090671,0
-1.3966098,-0.72003996,2.8221769,-0.43480837,-0.5604915,0.70483387,0
-1.8562431,4.2217798,-0.111763,-0.89954191,0.30685699,-0.31090671,0
-3.6382408,-0.404006,1.6906399,-0.43480837,-0.5604915,0.70483387,0
1.6237082,-2.4516325,2.5316448,0.89954191,-0.30685699,0.31090671,0
2.7078192,3.8057141,1.5037522,0.042022675,0.76921254,0.63760972,0
2.1970444,-0.91768575,-3.6307299,0.43480837,0.5604915,-0.70483387,0
-0.17098141,-2.8607421,-2.8109612,-0.042022675,-0.76921254,-0.63760972,0
2.7129786,2.3646092,3.2419617,0.042022675,0.76921254,0.63760972,0
1.5373647,2.6684613,2.9528751,0.042022675,0.76921254,0.63760972,0
-1.2462754,4.1454597,-1.7286274,0.43480837,0.5604915,-0.70483387,0
-3.8225617,-2.0844562,-0.64673752,-0.89954191,0.30685699,-0.31090671,0
1.7077978,1.2615572,-2.1995859,0.43480837,0.5604915,-0.70483387,0
-1.0187294,2.5853555,-2.8288679,0.43480837,0.5604915,-0.70483387,0
-1.2917111,-2.1464007,1.7526305,-0.43480837,-0.5604915,0.70483387,0
2.1941237,-1.2767105,2.0408876,0.89954191,-0.30685699,0.31090671,0
-0.51070929,-3.5844269,1.0908924,-0.43480837,-0.5604915,0.70483387,0
0.18024099,1.4293152,4.5372248,0.042022675,0.76921254,0.63760972,0
-2.0885024,3.2265291,2.5185905,0.042022675,0.76921254,0.63760972,0
3.185461,1.9084399,-0.773615,0.43480837,0.5604915,-0.70483387,0
2.0407259,-0.90976596,2.8468766,0.89954191,-0.30685699,0.31090671,0
-2.6515894,-0.93418026,1.8776991,-0.43480837,-0.5604915,0.70483387,0
-1.5301042,4.2008948,1.306313,0.042022675,0.76921254,0.63760972,0
0.57237744,-5.6147575e-05,-3.9032698,0.43480837,0.5604915,-0.70483387,0
1.5341163,-1.284264,3.9430237,0.89954191,-0.30685699,0.31090671,0
-1.5195224,1.8618668,-3.4151692,-0.89954191,0.30685699,-0.31090671,0
-3.5417311,-3.5730109,-1.7295253,-0.042022675,-0.76921254,-0.63760972,0
-3.5221295,2.42484,2.934588,-0.89954191,0.30685699,-0.31090671,0
0.44378996,2.5664716,-1.9416637,0.43480837,0.5604915,-0.70483387,0
2.6298528,0.81709361,-1.9842175,0.43480837,0.5604915,-0.70483387,0
-2.8302362,-3.919652,-1.3582298,-0.042022675,-0.76921254,-0.63760972,0
-3.5700455,-0.46987057,0.21621603,-0.89954191,0.30685699,-0.31090671,0
0.69128442,0.88989431,5.1543012,0.042022675,0.76921254,0.63760972,0
-1.9264122,-2.7810345,-2.7914262,-0.042022675,-0.76921254,-0.63760972,0
-2.3827841,-3.1228909,-2.3489327,-0.042022675,-0.76921254,-0.63760972,0
-2.8465714,-2.9371119,0.16466331,-0.43480837,-0.5604915,0.70483387,0
3.0167248,-2.7813392,-1.824163,0.89954191,-0.30685699,0.31090671,0
2.3360915,4.3163414,0.61720312,0.43480837,0.5604915,-0.70483387,0
2.1523643,-2.7050118,0.75201297,0.89954191,-0.30685699,0.31090671,0
-3.4802792,-3.482337,-1.8429642,-0.042022675,-0.76921254,-0.63760972,0
-2.9977608,3.2379742,2.2199829,-0.89954191,0.30685699,-0.31090671,0
3.7382374,2.138689,0.9442386,0.89954191,-0.30685699,0.31090671,0
2.2152109,-2.4048176,-3.518254,-0.042022675,-0.76921254,-0.63760972,0
-2.1896765,0.68582034,-2.6369481,-0.89954191,0.30685699,-0.31090671,0
2.2525253,-4.168509,-0.9822166,0.89954191,-0.30685699,0.31090671,0
-0.65188837,-3.378922,1.1672196,-0.43480837,-0.5604915,0.70483387,0
-1.5177817,2.9669015,-2.3295636,-0.89954191,0.30685699,-0.31090671,0
-1.2816968,3.3803592,2.2798352,0.042022675,0.76921254,0.63760972,0
0.94653416,-5.4951019,0.29347968,-0.042022675,-0.76921254,-0.63760972,0
-1.2512941,4.4285817,-1.5065823,0.43480837,0.5604915,-0.70483387,0
-1.4709961,-1.78313,1.9309074,-0.43480837,-0.5604915,0.70483387,0
1.7294073,4.0780768,1.2396574,0.042022675,0.76921254,0.63760972,0
3.4107656,1.5177009,1.2788079,0.89954191,-0.30685699,0.31090671,0
-0.42037129,-0.54706836,-4.9506807,0.43480837,0.5604915,-0.70483387,0
1.0569402,-2.9177778,-2.823081,-0.042022675,-0.76921254,-0.63760972,0
-1.4522066,2.7746887,3.0217543,0.042022675,0.76921254,0.63760972,0
-2.6834695,-2.1128635,0.92073137,-0.43480837,-0.5604915,0.70483387,0
1.0374484,0.033616722,4.9230504,-0.43480837,-0.5604915,0.70483387,0
1.6528711,3.9462473,-0.098575592,0.43480837,0.5604915,-0.70483387,0
1.3484311,4.0992651,-0.16470146,0.43480837,0.5604915,-0.70483387,0
2.6827137,-1.7486832,0.16143107,0.89954191,-0.30685699,0.31090671,0
-2.6062596,1.0291302,-1.0928164,-0.89954191,0.30685699,-0.31090671,0
1.9069717,-2.6846623,-3.1603346,-0.042022675,-0.76921254,-0.63760972,0
2.0964258,0.97949064,4.5503697,0.89954191,-0.30685699,0.31090671,0
-3.2381165,-0.73474526,-1.0055743,-0.89954191,0.30685699,-0.31090671,0
-2.9795511,-2.5939374,-2.9477313,-0.042022675,-0.76921254,-0.63760972,0
-2.111213,-3.7046025,-1.6650534,-0.042022675,-0.76921254,-0.63760972,0
2.3703594,-3.0850878,-0.25383568,0.89954191,-0.30685699,0.31090671,0
-0.5619638,-0.45253712,3.5497866,-0.43480837,-0.5604915,0.70483387,0
-0.87369299,-3.5808129,0.86984336,-0.43480837,-0.5604915,0.70483387,0
3.1058102,0.79611015,1.44894,0.89954191,-0.30685699,0.31090671,0
2.2780421,-3.3349814,-0.23337412,0.89954191,-0.30685699,0.31090671,0
-0.24954569,3.2947748,2.3150592,0.042022675,0.76921254,0.63760972,0
-3.5017545,-2.7800553,-0.11462289,-0.43480837,-0.5604915,0.70483387,0
-3.326179,2.3444591,2.2883129,-0.89954191,0.30685699,-0.31090671,0
-0.68181682,2.3733985,-2.7895784,0.43480837,0.5604915,-0.70483387,0
-3.467802,-1.182081,-0.78253806,-0.89954191,0.30685699,-0.31090671,0
-3.2551739,2.4475636,2.1846361,-0.89954191,0.30685699,-0.31090671,0
2.1678743,1.482151,-1.7403482,0.43480837,0.5604915,-0.70483387,0
2.7393622,-3.0852082,-1.3215852,0.89954191,-0.30685699,0.31090671,0
-3.4800296,-1.0447583,1.2787064,-0.43480837,-0.5604915,0.70483387,0
-1.8417348,-0.25030446,-4.5675755,-0.89954191,0.30685699,-0.31090671,0
-0.079438925,-3.705821,-1.7974908,-0.042022675,-0.76921254,-0.63760972,0
0.12684643,1.3016516,4.694757,0.042022675,0.76921254,0.63760972,0
0.62419587,-1.9373503,-3.9773488,-0.042022675,-0.76921254,-0.63760972,0
-3.3071468,0.81351948,0.72224808,-0.89954191,0.30685699,-0.31090671,0
3.0218008,-1.1434228,-0.22226727,0.89954191,-0.30685699,0.31090671,0
-2.1936047,-0.41849923,-3.7155185,-0.89954191,0.30685699,-0.31090671,0
2.22034,2.9847474,2.5262947,0.042022675,0.76921254,0.63760972,0
-1.9726961,0.40096164,-3.5458837,-0.89954191,0.30685699,-0.31090671,0
3.32091,-1.0134606,-0.95940673,0.89954191,-0.30685699,0.31090671,0
-1.4115915,2.3726535,-3.2233088,-0.89954191,0.30685699,-0.31090671,0
1.4298048,-4.8179765,0.75713992,0.89954191,-0.30685699,0.31090671,0
-0.027214527,-0.83976167,-4.9408975,0.43480837,0.5604915,-0.70483387,0
-2.3595002,2.51246,3.3979039,0.042022675,0.76921254,0.63760972,0
0.25701237,4.8115549,-0.27157116,0.43480837,0.5604915,-0.70483387,0
3.3538084,-1.1968322,-1.2355739,0.89954191,-0.30685699,0.31090671,0
1.189395,2.1322515,-1.8270007,0.43480837,0.5604915,-0.70483387,0
1.8056293,-4.2517214,-1.2631547,-0.042022675,-0.76921254,-0.63760972,0
-0.032567024,-0.2967298,-4.5123744,0.43480837,0.5604915,-0.70483387,0
0.55523586,4.8695855,0.36216664,0.042022675,0.76921254,0.63760972,0
-2.4243448,-2.2085519,1.0044916,-0.43480837,-0.5604915,0.70483387,0
-1.37521,2.9318874,2.8270357,0.042022675,0.76921254,0.63760972,0
-2.9314742,1.039206,-0.14193261,-0.89954191,0.30685699,-0.31090671,0
0.36585927,4.1354694,1.2602859,0.042022675,0.76921254,0.63760972,0
1.5472205,3.2089534,2.3001754,0.042022675,0.76921254,0.63760972,0
-0.71734476,4.9452791,-0.76630807,0.43480837,0.5604915,-0.70483387,0
0.25430512,4.1976075,1.1926746,0.042022675,0.76921254,0.63760972,0
-2.543035,3.9532409,1.6718416,0.042022675,0.76921254,0.63760972,0
-1.6295846,-3.022151,-2.5201061,-0.042022675,-0.76921254,-0.63760972,0
-1.9207344,1.9057138,4.1009655,0.042022675,0.76921254,0.63760972,0
-2.9815094,1.2916193,0.25195897,-0.89954191,0.30685699,-0.31090671,0
-2.0272448,-3.5947952,-1.803059,-0.042022675,-0.76921254,-0.63760972,0
-1.3205771,4.9002719,-0.9919436,-0.89954191,0.30685699,-0.31090671,0
-1.687943,-1.696048,-4.1160707,-0.042022675,-0.76921254,-0.63760972,0
-3.4020531,-0.10797071,0.087352216,-0.89954191,0.30685699,-0.31090671,0
-0.40230846,2.7559988,-2.3129032,0.43480837,0.5604915,-0.70483387,0
-3.6254036,1.488318,2.3090658,-0.89954191,0.30685699,-0.31090671,0
-3.1102629,-2.1969829,0.59055233,-0.43480837,-0.5604915,0.70483387,0
-1.8038272,1.1457493,4.0546622,-0.43480837,-0.5604915,0.70483387,0
-0.11712193,0.21256614,4.3531046,-0.43480837,-0.5604915,0.70483387,0
0.5793469,1.8772695,-2.4060998,0.43480837,0.5604915,-0.70483387,0
-1.1624064,-2.2705743,-3.4575982,-0.042022675,-0.76921254,-0.63760972,0
-1.8669777,-3.3672116,-2.0881786,-0.042022675,-0.76921254,-0.63760972,0
-2.9116178,1.1112719,-0.12825513,-0.89954191,0.30685699,-0.31090671,0
-3.762825,-1.3194628,-0.064543128,-0.89954191,0.30685699,-0.31090671,0
-0.99133372,-4.3765583,-0.92821336,-0.042022675,-0.76921254,-0.63760972,0
0.10270834,-2.6500859,2.2123046,-0.43480837,-0.5604915,0.70483387,0
-3.7283459,-0.23584795,1.7687755,-0.43480837,-0.5604915,0.70483387,0
0.53263712,4.952209,0.010310173,0.43480837,0.5604915,-0.70483387,0
3.4642498,2.0537038,-0.48611629,0.43480837,0.5604915,-0.70483387,0
1.8190844,-4.6680293,-0.2211616,0.89954191,-0.30685699,0.31090671,0
-2.1888011,1.1959968,-2.135951,-0.89954191,0.30685699,-0.31090671,0
-3.5840993,-3.1742027,-0.47885084,-0.43480837,-0.5604915,0.70483387,0
2.944557,2.563252,-0.40151384,0.43480837,0.5604915,-0.70483387,0
0.54737639,2.5250192,3.1911702,0.042022675,0.76921254,0.63760972,0
3.3941569,0.90546179,-1.4424508,0.43480837,0.5604915,-0.70483387,0
-0.011232853,-3.6552753,1.3426771,-0.43480837,-0.5604915,0.70483387,0
-1.0634764,-2.4734828,-3.2193296,-0.042022675,-0.76921254,-0.63760972,0
0.71614969,-3.0576026,-2.6319358,-0.042022675,-0.76921254,-0.63760972,0
0.46262503,2.0721416,-2.3231406,0.43480837,0.5604915,-0.70483387,0
3.5995283,-0.93323374,-1.6863468,0.89954191,-0.30685699,0.31090671,0
0.56895387,-2.9252284,-2.7819319,-0.042022675,-0.76921254,-0.63760972,0
1.6020899,-1.2418563,3.7882113,0.89954191,-0.30685699,0.31090671,0
1.9910555,-1.9442405,1.9695874,0.89954191,-0.30685699,0.31090671,0
3.4083052,-2.4092898,-2.5899138,0.89954191,-0.30685699,0.31090671,0
3.7671912,3.7727001,1.0677313,0.43480837,0.5604915,-0.70483387,0
3.5361834,1.4316943,0.8310526,0.89954191,-0.30685699,0.31090671,0
-2.7778597,2.3375611,3.6364751,0.042022675,0.76921254,0.63760972,0
-1.9196897,2.3649383,-1.7608509,-0.89954191,0.30685699,-0.31090671,0
1.4042797,4.2799435,0.013428211,0.43480837,0.5604915,-0.70483387,0
2.676501,-3.5335515,-1.5822136,0.89954191,-0.30685699,0.31090671,0
-1.5830941,-1.8783424,1.7860407,-0.43480837,-0.5604915,0.70483387,0
0.74225378,-3.0168536,2.3151793,-0.43480837,-0.5604915,0.70483387,0
-2.6999764,-0.98574662,-2.8102992,-0.89954191,0.30685699,-0.31090671,0
0.043285847,-3.1386375,1.7871456,-0.43480837,-0.5604915,0.70483387,0
-3.2459414,-1.1117706,-1.3550495,-0.89954191,0.30685699,-0.31090671,0
-1.6374779,2.1493018,-2.7901971,-0.89954191,0.30685699,-0.31090671,0
2.6467781,0.50773072,-2.2197847,0.43480837,0.5604915,-0.70483387,0
0.11384144,2.1521788,3.6695378,0.042022675,0.76921254,0.63760972,0
3.0430384,-2.8248715,-1.9432616,0.89954191,-0.30685699,0.31090671,0
0.91249084,2.0643351,-2.0518289,0.43480837,0.5604915,-0.70483387,0
1.958618,1.0647175,4.859869,0.042022675,0.76921254,0.63760972,0
0.57545233,0.037656665,4.6412597,-0.43480837,-0.5604915,0.70483387,0
-1.3001139,-2.7224245,1.2893864,-0.43480837,-0.5604915,0.70483387,0
-2.8246558,-2.9272301,-2.5558555,-0.042022675,-0.76921254,-0.63760972,0
1.0787463,-0.77885556,4.3024397,-0.43480837,-0.5604915,0.70483387,0
2.7379084,-2.5317883,-3.3995259,-0.042022675,-0.76921254,-0.63760972,0
-1.5508432,3.0844364,-2.1179016,-0.89954191,0.30685699,-0.31090671,0
3.5203483,-0.76856852,-1.2947357,0.89954191,-0.30685699,0.31090671,0
0.53296494,-1.3273526,3.5295796,-0.43480837,-0.5604915,0.70483387,0
-1.8944759,-4.1041927,-0.1760695,-0.43480837,-0.5604915,0.70483387,0
-1.3891544,4.9590001,-0.73556757,-0.89954191,0.30685699,-0.31090671,0
-3.1751637,0.43439674,2.6430166,-0.43480837,-0.5604915,0.70483387,0
-3.1091664,-1.0566366,-1.6963623,-0.89954191,0.30685699,-0.31090671,0
2.7040992,-3.1117916,-2.6975813,-0.042022675,-0.76921254,-0.63760972,0
2.3123641,-2.9525208,-2.8639081,-0.042022675,-0.76921254,-0.63760972,0
-2.622822,3.8099484,1.6997015,-0.89954191,0.30685699,-0.31090671,0
-1.9280444,-1.5048249,-4.3309383,-0.042022675,-0.76921254,-0.63760972,0
0.64646339,0.20135838,-3.6973994,0.43480837,0.5604915,-0.70483387,0
-1.5469743,-0.97199863,-4.9988546,-0.042022675,-0.76921254,-0.63760972,0
3.5944173,0.74674129,-1.4451271,0.43480837,0.5604915,-0.70483387,0
0.56019413,-2.3713601,-3.4495411,-0.042022675,-0.76921254,-0.63760972,0
2.4499724,-0.29596233,2.2686181,0.89954191,-0.30685699,0.31090671,0
3.036839,-0.22604847,-2.5626681,0.43480837,0.5604915,-0.70483387,0
0.49608156,-2.8172874,-2.9073486,-0.042022675,-0.76921254,-0.63760972,0
3.2243335,4.0284204,1.201038,0.042022675,0.76921254,0.63760972,0
2.7859585,-1.531929,0.07664609,0.89954191,-0.30685699,0.31090671,0
2.6113997,2.1443934,-0.94011796,0.43480837,0.5604915,-0.70483387,0
1.8819877,-1.3989608,-4.2078018,0.43480837,0.5604915,-0.70483387,0
1.5925539,-4.3159566,0.78174186,0.89954191,-0.30685699,0.31090671,0
0.066231251,-4.7723598,0.50214696,-0.43480837,-0.5604915,0.70483387,0
2.6696067,0.32064581,-2.3544741,0.43480837,0.5604915,-0.70483387,0
-0.31104469,0.94962656,4.819593,-0.43480837,-0.5604915,0.70483387,0
3.3682756,1.7037356,1.585356,0.89954191,-0.30685699,0.31090671,0
3.4870398,-1.6572087,-2.0754309,0.89954191,-0.30685699,0.31090671,0
-3.9870601,-2.3152695,-0.39860243,-0.89954191,0.30685699,-0.31090671,0
0.49470019,-3.7612197,-1.7684972,-0.042022675,-0.76921254,-0.63760972,0
-2.710871,-1.778312,1.1698663,-0.43480837,-0.5604915,0.70483387,0
3.5582669,-1.9477887,-3.6101475,0.43480837,0.5604915,-0.70483387,0
1.8627251,0.42318606,4.677474,0.89954191,-0.30685699,0.31090671,0
1.8208807,-0.88910413,3.5033448,0.89954191,-0.30685699,0.31090671,0
0.43425035,3.7267327,1.7488785,0.042022675,0.76921254,0.63760972,0
3.0519581,-2.6407092,-1.7873042,0.89954191,-0.30685699,0.31090671,0
-1.920893,-4.4798698,-0.74231386,-0.042022675,-0.76921254,-0.63760972,0
-3.7618358,-0.10122585,1.1349636,-0.89954191,0.30685699,-0.31090671,0
-1.6859403,-1.4299985,2.079123,-0.43480837,-0.5604915,0.70483387,0
1.8416598,-4.1582947,0.21661639,0.89954191,-0.30685699,0.31090671,0
-0.53756237,3.2911797,2.3383787,0.042022675,0.76921254,0.63760972,0
1.6541219,-3.3065505,1.5998663,0.89954191,-0.30685699,0.31090671,0
-2.2479115,-0.25329995,-3.3953462,-0.89954191,0.30685699,-0.31090671,0
-3.1528969,2.7035906,3.2196138,0.042022675,0.76921254,0.63760972,0
-0.81195223,-2.8660645,-2.7622962,-0.042022675,-0.76921254,-0.63760972,0
1.4097044,2.8821003,-1.0948052,0.43480837,0.5604915,-0.70483387,0
-1.3227382,-0.62366629,2.9443851,-0.43480837,-0.5604915,0.70483387,0
0.10699511,2.6111786,-2.1138792,0.43480837,0.5604915,-0.70483387,0
-2.800101,-4.2348719,-0.83866227,-0.43480837,-0.5604915,0.70483387,0
-2.4919262,2.8556006,0.37906408,-0.89954191,0.30685699,-0.31090671,0
-2.2452185,-2.6274028,0.78191823,-0.43480837,-0.5604915,0.70483387,0
-1.9161022,3.2510557,2.4776387,0.042022675,0.76921254,0.63760972,0
-1.5645852,-4.5475307,-0.6841712,-0.042022675,-0.76921254,-0.63760972,0
-0.40791309,-1.7731974,-4.1073599,-0.042022675,-0.76921254,-0.63760972,0
3.6644094,2.1478941,1.1669297,0.89954191,-0.30685699,0.31090671,0
-1.3529717,-3.073257,-2.4766819,-0.042022675,-0.76921254,-0.63760972,0
3.7501116,2.2204807,0.99061066,0.89954191,-0.30685699,0.31090671,0
-3.695502,-3.4664688,-0.77998811,-0.43480837,-0.5604915,0.70483387,0
2.4109905,-2.2155263,0.48684204,0.89954191,-0.30685699,0.31090671,0
2.4973407,0.51774836,2.9346807,0.89954191,-0.30685699,0.31090671,0
-3.5217271,-2.2279379,-1.6587516,-0.89954191,0.30685699,-0.31090671,0
0.27942085,3.6689863,-1.16633,0.43480837,0.5604915,-0.70483387,0
3.7182112,1.6471074,0.51700181,0.89954191,-0.30685699,0.31090671,0
3.69364,2.8321691,1.7577199,0.89954191,-0.30685699,0.31090671,0
-1.3682513,4.5921054,0.82368922,0.042022675,0.76921254,0.63760972,0
2.6732533,2.4487123,-0.65996265,0.43480837,0.5604915,-0.70483387,0
1.7334063,-0.25380099,4.383462,0.89954191,-0.30685699,0.31090671,0
-3.2171035,2.6370001,2.2614577,-0.89954191,0.30685699,-0.31090671,0
-0.44731545,2.318707,-2.6884072,0.43480837,0.5604915,-0.70483387,0
1.7649543,-0.84676981,-3.8408909,0.43480837,0.5604915,-0.70483387,0
1.4016764,1.2337682,4.6926322,0.042022675,0.76921254,0.63760972,0
0.43102574,-0.0012652278,-3.99143,0.43480837,0.5604915,-0.70483387,0
-1.1512244,1.3998625,-3.8533201,0.43480837,0.5604915,-0.70483387,0
-1.9617099,1.8457959,-2.1516542,-0.89954191,0.30685699,-0.31090671,0
2.2794745,0.041423798,3.0949087,0.89954191,-0.30685699,0.31090671,0
3.9548216,0.80228329,-1.1786282,0.43480837,0.5604915,-0.70483387,0
-0.72177792,-2.4004779,1.9021741,-0.43480837,-0.5604915,0.70483387,0
3.7677965,-1.4331288,-2.6665792,0.89954191,-0.30685699,0.31090671,0
-1.1825207,-3.0164158,-2.5564892,-0.042022675,-0.76921254,-0.63760972,0
-1.5558598,1.2463605,4.2876387,-0.43480837,-0.5604915,0.70483387,0
2.4811058,-2.194288,-3.7897613,-0.042022675,-0.76921254,-0.63760972,0
1.6145551,-4.3448272,0.68959117,0.89954191,-0.30685699,0.31090671,0
-1.830745,-3.3710322,0.44626284,-0.43480837,-0.5604915,0.70483387,0
-3.2251132,-0.22260928,-0.53773117,-0.89954191,0.30685699,-0.31090671,0
3.2979417,-1.4225206,-3.3530426,0.43480837,0.5604915,-0.70483387,0
-3.0661922,-3.5620108,-0.46774638,-0.43480837,-0.5604915,0.70483387,0
2.1234596,3.6860161,1.6866695,0.042022675,0.76921254,0.63760972,0
-3.7214594,0.80306149,2.5991762,-0.43480837,-0.5604915,0.70483387,0
0.19525623,-3.2462521,1.7953186,-0.43480837,-0.5604915,0.70483387,0
2.737047,4.125792,1.1156839,0.042022675,0.76921254,0.63760972,0
2.9997869,1.3962145,2.3479834,0.89954191,-0.30685699,0.31090671,0
-3.1479802,1.5255547,0.9644953,-0.89954191,0.30685699,-0.31090671,0
-1.9206141,-0.2040596,-4.2937121,-0.89954191,0.30685699,-0.31090671,0
0.43351364,-5.1117706,-0.13515902,-0.042022675,-0.76921254,-0.63760972,0
-1.8503506,3.2317045,-1.105992,-0.89954191,0.30685699,-0.31090671,0
3.5230753,2.4938459,1.917294,0.89954191,-0.30685699,0.31090671,0
2.661195,-1.2195804,-3.5844679,0.43480837,0.5604915,-0.70483387,0
-3.4207423,-2.0312426,-1.7567952,-0.89954191,0.30685699,-0.31090671,0
0.76536274,0.33940727,4.9983702,-0.43480837,-0.5604915,0.70483387,0
3.3146534,2.6326306,2.6572952,0.89954191,-0.30685699,0.31090671,0
0.0096349716,-2.6917632,2.1217461,-0.43480837,-0.5604915,0.70483387,0
3.6552804,-1.5697784,-3.2497034,0.43480837,0.5604915,-0.70483387,0
0.23403811,0.56170493,-3.6652708,0.43480837,0.5604915,-0.70483387,0
1.6177695,-4.0680785,0.95343542,0.89954191,-0.30685699,0.31090671,0
0.55996418,-2.9718029,2.2385507,-0.43480837,-0.5604915,0.70483387,0
1.5890682,-1.5925148,3.4797964,0.89954191,-0.30685699,0.31090671,0
0.61961579,4.466784,0.84386325,0.042022675,0.76921254,0.63760972,0
-1.2521377,0.29350042,-4.7953634,0.43480837,0.5604915,-0.70483387,0
2.6877728,4.3176875,0.83522332,0.43480837,0.5604915,-0.70483387,0
2.5077424,0.15436411,-2.5865562,0.43480837,0.5604915,-0.70483387,0
-1.449615,-4.3216052,-0.074525595,-0.43480837,-0.5604915,0.70483387,0
-1.8199865,-0.63068521,-5.0059257,-0.89954191,0.30685699,-0.31090671,0
-0.42853999,3.6516891,1.8962748,0.042022675,0.76921254,0.63760972,0
1.6902273,-3.8104715,0.99804497,0.89954191,-0.30685699,0.31090671,0
-1.108994,5.1789856,0.098589897,0.042022675,0.76921254,0.63760972,0
3.6357777,-2.4790928,-3.316951,0.89954191,-0.30685699,0.31090671,0
-4.014894,-2.7592599,-0.75627923,-0.89954191,0.30685699,-0.31090671,0
-2.9558916,-4.0494609,-1.1933466,-0.042022675,-0.76921254,-0.63760972,0
-1.4890447,4.9253912,-0.47972679,-0.89954191,0.30685699,-0.31090671,0
-3.054836,-0.071560621,2.3149035,-0.43480837,-0.5604915,0.70483387,0
-0.30915618,0.10943097,-4.3600178,0.43480837,0.5604915,-0.70483387,0
-3.270916,-1.166296,-1.3366061,-0.89954191,0.30685699,-0.31090671,0
-2.5129151,-0.16072798,2.5783045,-0.43480837,-0.5604915,0.70483387,0
3.7402296,0.57971573,-0.60019356,0.89954191,-0.30685699,0.31090671,0
3.6916666,1.135781,0.089136124,0.89954191,-0.30685699,0.31090671,0
0.81818974,-3.6897697,-1.8760145,-0.042022675,-0.76921254,-0.63760972,0
-2.9681609,1.5686207,0.48673201,-0.89954191,0.30685699,-0.31090671,0
-1.5986638,3.0611396,-2.0025368,-0.89954191,0.30685699,-0.31090671,0
0.47768903,-4.1605234,-1.285656,-0.042022675,-0.76921254,-0.63760972,0
2.4041765,-3.1343899,-2.650552,-0.042022675,-0.76921254,-0.63760972,0
3.2618752,-2.45104,-2.2074554,0.89954191,-0.30685699,0.31090671,0
2.4613233,3.4418092,1.9590131,0.042022675,0.76921254,0.63760972,0
-0.14954472,-0.58328974,-4.8124127,0.43480837,0.5604915,-0.70483387,0
-0.69908333,-3.9949789,0.64821017,-0.43480837,-0.5604915,0.70483387,0
-0.2188189,0.95187521,-3.6343684,0.43480837,0.5604915,-0.70483387,0
1.774756,-0.019446731,4.4951262,0.89954191,-0.30685699,0.31090671,0
-0.82861233,-1.8973125,2.2363911,-0.43480837,-0.5604915,0.70483387,0
2.9116278,-0.15340257,1.07362,0.89954191,-0.30685699,0.31090671,0
-1.2340252,-2.5955014,-3.0608859,-0.042022675,-0.76921254,-0.63760972,0
-2.5167854,1.706018,-0.68362045,-0.89954191,0.30685699,-0.31090671,0
3.0566132,3.9003427,1.3666047,0.042022675,0.76921254,0.63760972,0
-3.1677237,2.649518,3.2858248,0.042022675,0.76921254,0.63760972,0
0.93121719,-3.5856714,1.9794202,-0.43480837,-0.5604915,0.70483387,0
2.3191493,4.1622405,0.48420835,0.43480837,0.5604915,-0.70483387,0
-2.6532028,2.2452955,3.7395687,0.042022675,0.76921254,0.63760972,0
-3.2552056,-3.3822694,-1.9785197,-0.042022675,-0.76921254,-0.63760972,0
0.99063396,2.861125,-1.3700069,0.43480837,0.5604915,-0.70483387,0
-0.26750565,-4.5390062,0.48183155,-0.43480837,-0.5604915,0.70483387,0
-3.0109997,0.93481565,-0.014872551,-0.89954191,0.30685699,-0.31090671,0
-0.15897393,-0.85576165,-5.0349026,0.43480837,0.5604915,-0.70483387,0
-2.7537975,2.9153485,2.9378462,0.042022675,0.76921254,0.63760972,0
0.87112665,4.7022133,0.020323515,0.43480837,0.5604915,-0.70483387,0
-3.3639681,2.2588515,2.3131547,-0.89954191,0.30685699,-0.31090671,0
3.2940662,0.097535849,0.21478623,0.89954191,-0.30685699,0.31090671,0
-1.097975,1.7472837,4.2378702,0.042022675,0.76921254,0.63760972,0
0.52131844,-3.6516314,1.6741031,-0.43480837,-0.5604915,0.70483387,0
2.3673103,-0.1105783,2.690753,0.89954191,-0.30685699,0.31090671,0
1.0993562,-2.9198256,2.6126316,-0.43480837,-0.5604915,0.70483387,0
2.9400511,-1.6196046,-3.7305465,0.43480837,0.5604915,-0.70483387,0
0.17196321,-1.067282,-4.9971943,-0.042022675,-0.76921254,-0.63760972,0
1.8669589,-4.3164573,-0.012685299,0.89954191,-0.30685699,0.31090671,0
-2.3443692,1.2910371,-1.5920452,-0.89954191,0.30685699,-0.31090671,0
0.28922844,5.0856709,0.11901331,0.042022675,0.76921254,0.63760972,0
-1.0895953,-4.8528028,-0.34719539,-0.042022675,-0.76921254,-0.63760972,0
0.93466759,-2.5642812,2.7937684,-0.43480837,-0.5604915,0.70483387,0
3.8900652,-0.34188128,-1.9433028,0.89954191,-0.30685699,0.31090671,0
-1.7778375,4.8964257,0.32724547,-0.89954191,0.30685699,-0.31090671,0
3.3149838,-2.4325404,-3.5572917,-0.042022675,-0.76921254,-0.63760972,0
-1.3797932,4.1501021,-1.5610124,-0.89954191,0.30685699,-0.31090671,0
1.7269831,3.2146411,-0.63463712,0.43480837,0.5604915,-0.70483387,0
3.7277477,0.60063553,-0.543432,0.89954191,-0.30685699,0.31090671,0
2.7787101,3.6626487,0.3704282,0.43480837,0.5604915,-0.70483387,0
-2.1559157,3.9896951,0.52621388,-0.89954191,0.30685699,-0.31090671,0
1.5071375,1.2331278,4.6864543,0.042022675,0.76921254,0.63760972,0
3.3053107,3.0159092,0.18099135,0.43480837,0.5604915,-0.70483387,0
2.1011178,-3.1741664,-2.582592,-0.042022675,-0.76921254,-0.63760972,0
-1.8472613,-0.53669786,-4.8342485,-0.89954191,0.30685699,-0.31090671,0
-3.1062818,-1.7642381,-2.4030933,-0.89954191,0.30685699,-0.31090671,0
-2.1337628,-2.5440092,-3.0637078,-0.042022675,-0.76921254,-0.63760972,0
0.93099129,-3.5348225,-2.0703776,-0.042022675,-0.76921254,-0.63760972,0
-3.446002,1.8047581,2.1023231,-0.89954191,0.30685699,-0.31090671,0
-1.9713359,2.2668488,-1.7082345,-0.89954191,0.30685699,-0.31090671,0
3.8361249,2.9300222,1.4420485,0.89954191,-0.30685699,0.31090671,0
-2.0805635,3.1069083,-0.56309152,-0.89954191,0.30685699,-0.31090671,0
-1.4616899,3.0505116,-2.4093308,-0.89954191,0.30685699,-0.31090671,0
-2.4402845,1.4294538,3.88764,-0.43480837,-0.5604915,0.70483387,0
1.7134447,-4.7613125,-0.0075848103,0.89954191,-0.30685699,0.31090671,0
1.0392956,-2.9124227,-2.8283792,-0.042022675,-0.76921254,-0.63760972,0
-3.7061896,-2.1482093,-1.046358,-0.89954191,0.30685699,-0.31090671,0
2.3572299,4.0501218,1.2320046,0.042022675,0.76921254,0.63760972,0
1.3855903,4.3101053,0.98239803,0.042022675,0.76921254,0.63760972,0
0.85607791,-4.1202488,-1.3591824,-0.042022675,-0.76921254,-0.63760972,0
-3.277833,1.4133894,3.3581858,-0.43480837,-0.5604915,0.70483387,0
-1.5647728,-3.5939865,0.4330442,-0.43480837,-0.5604915,0.70483387,0
-0.11053944,-3.8522923,1.1247454,-0.43480837,-0.5604915,0.70483387,0
-0.7882694,2.0099449,3.900584,0.042022675,0.76921254,0.63760972,0
0.031609058,-3.3854942,1.5836389,-0.43480837,-0.5604915,0.70483387,0
-3.2840517,1.1118188,0.9498421,-0.89954191,0.30685699,-0.31090671,0
-0.69230729,1.8648615,4.0692883,0.042022675,0.76921254,0.63760972,0
-1.6548445,2.8795869,-2.0191779,-0.89954191,0.30685699,-0.31090671,0
3.8511105,1.8213294,0.30443877,0.89954191,-0.30685699,0.31090671,0
3.3286095,0.25636005,-1.9990597,0.43480837,0.5604915,-0.70483387,0
0.44799256,-2.2220702,-3.6222496,-0.042022675,-0.76921254,-0.63760972,0
-2.6302018,3.6673617,1.5803237,-0.89954191,0.30685699,-0.31090671,0
0.77193987,-3.6554773,-1.9143369,-0.042022675,-0.76921254,-0.63760972,0
-0.40548372,2.4594798,-2.5506573,0.43480837,0.5604915,-0.70483387,0
-1.5764501,2.6668758,3.1600087,0.042022675,0.76921254,0.63760972,0
-2.4421549,-1.3989794,-3.9641018,-0.89954191,0.30685699,-0.31090671,0
2.0071225,3.8908629,0.075918078,0.43480837,0.5604915,-0.70483387,0
3.6791139,-2.4914713,-3.4545519,0.89954191,-0.30685699,0.31090671,0
-1.3217394,4.755177,0.62389493,0.042022675,0.76921254,0.63760972,0
1.1627467,0.44382805,5.326551,-0.43480837,-0.5604915,0.70483387,0
-2.5283859,-0.44502473,-2.7730808,-0.89954191,0.30685699,-0.31090671,0
-3.2822618,1.6359208,1.4619383,-0.89954191,0.30685699,-0.31090671,0
-2.2258854,0.48444152,-2.730942,-0.89954191,0.30685699,-0.31090671,0
-3.7209344,-0.86665344,1.2717241,-0.43480837,-0.5604915,0.70483387,0
-2.2415714,-0.0072317123,-3.1708262,-0.89954191,0.30685699,-0.31090671,0
1.8641365,-1.5569311,2.719065,0.89954191,-0.30685699,0.31090671,0
-0.66577816,-0.92630649,-5.1120548,-0.042022675,-0.76921254,-0.63760972,0
-3.4383838,-1.5033081,-1.1846955,-0.89954191,0.30685699,-0.31090671,0
-1.5977318,2.1557155,-2.898865,-0.89954191,0.30685699,-0.31090671,0
0.26714683,-1.5961382,-4.3654556,-0.042022675,-0.76921254,-0.63760972,0
-2.7112298,2.5890424,0.75048637,-0.89954191,0.30685699,-0.31090671,0
2.8156502,-0.47632337,1.0325963,0.89954191,-0.30685699,0.31090671,0
2.4415197,2.9584706,2.5434182,0.042022675,0.76921254,0.63760972,0
0.85600328,-5.2664213,0.023566723,-0.042022675,-0.76921254,-0.63760972,0
-1.223428,0.59764457,-4.5357943,0.43480837,0.5604915,-0.70483387,0
-2.3227286,4.0955243,1.485671,0.042022675,0.76921254,0.63760972,0
0.73819304,-5.1767874,0.59507155,-0.43480837,-0.5604915,0.70483387,0
2.1431489,-2.7721488,-3.0703566,-0.042022675,-0.76921254,-0.63760972,0
-2.7910268,2.9629312,1.3503807,-0.89954191,0.30685699,-0.31090671,0
3.7644591,-2.3609028,-3.6733389,-0.042022675,-0.76921254,-0.63760972,0
0.89421487,2.0568697,-2.0690403,0.43480837,0.5604915,-0.70483387,0
4.0370102,3.6708694,1.5788264,0.042022675,0.76921254,0.63760972,0
-0.83595246,-2.5722227,-3.1152048,-0.042022675,-0.76921254,-0.63760972,0
-1.8265657,0.77191842,-3.6025555,-0.89954191,0.30685699,-0.31090671,0
-2.2381465,-2.4381251,0.93679667,-0.43480837,-0.5604915,0.70483387,0
2.8756015,2.9554503,-0.13217169,0.43480837,0.5604915,-0.70483387,0
2.9101565,2.3560874,-0.587475,0.43480837,0.5604915,-0.70483387,0
-3.8043289,2.0006251,3.3323827,-0.89954191,0.30685699,-0.31090671,0
2.9196067,-0.50938392,0.69918996,0.89954191,-0.30685699,0.31090671,0
0.49821037,-2.5550225,-3.2238855,-0.042022675,-0.76921254,-0.63760972,0
-0.47488856,0.918796,4.6940017,-0.43480837,-0.5604915,0.70483387,0
-3.052649,3.2367058,2.5698569,0.042022675,0.76921254,0.63760972,0
3.0251369,-0.81498623,0.092239499,0.89954191,-0.30685699,0.31090671,0
-0.33215857,1.7110703,4.2310858,0.042022675,0.76921254,0.63760972,0
3.0754917,3.1326046,2.2915599,0.042022675,0.76921254,0.63760972,0
0.33275187,1.5932505,4.3294015,0.042022675,0.76921254,0.63760972,0
-1.6524448,-1.6999917,1.8850849,-0.43480837,-0.5604915,0.70483387,0
-3.5222375,-1.1858561,1.1404662,-0.43480837,-0.5604915,0.70483387,0
2.0685964,2.2139461,3.4661908,0.042022675,0.76921254,0.63760972,0
0.68409395,-4.2379994,1.3082321,-0.43480837,-0.5604915,0.70483387,0
2.6588054,3.4243405,1.967072,0.042022675,0.76921254,0.63760972,0
3.7903142,0.75075722,-0.57628757,0.89954191,-0.30685699,0.31090671,0
1.2129655,0.7819888,5.2500963,0.042022675,0.76921254,0.63760972,0
3.6549618,1.8862863,0.93606442,0.89954191,-0.30685699,0.31090671,0
-2.7908258,3.4079618,2.3459973,0.042022675,0.76921254,0.63760972,0
-1.2976506,0.60102451,3.933749,-0.43480837,-0.5604915,0.70483387,0
-0.99483848,1.2207897,-3.8992469,0.43480837,0.5604915,-0.70483387,0
-2.4454763,0.63514972,-1.9468569,-0.89954191,0.30685699,-0.31090671,0
2.2227645,1.8231633,3.9274707,0.042022675,0.76921254,0.63760972,0
0.83729172,3.9132214,-0.6279645,0.43480837,0.5604915,-0.70483387,0
2.20016,-1.4503503,-4.0523882,0.43480837,0.5604915,-0.70483387,0
3.6390944,-1.392767,-3.1189265,0.43480837,0.5604915,-0.70483387,0
-2.9185622,-3.6858003,-0.4751128,-0.43480837,-0.5604915,0.70483387,0
-3.932827,-2.0358708,-0.27975625,-0.89954191,0.30685699,-0.31090671,0
2.7805429,-2.9780624,-2.8639507,-0.042022675,-0.76921254,-0.63760972,0
-2.6224353,0.44288135,-1.6246287,-0.89954191,0.30685699,-0.31090671,0
3.0378513,-0.56515574,0.30202925,0.89954191,-0.30685699,0.31090671,0
2.1553802,0.52356005,3.9298055,0.89954191,-0.30685699,0.31090671,0
-0.075278223,2.7204466,2.9964435,0.042022675,0.76921254,0.63760972,0
-2.1126068,3.9510109,0.36272717,-0.89954191,0.30685699,-0.31090671,0
3.3809226,0.48381066,0.34472901,0.89954191,-0.30685699,0.31090671,0
-3.9856429,-0.46986818,1.4186614,-0.89954191,0.30685699,-0.31090671,0
1.8426278,-2.8893418,-2.9091687,-0.042022675,-0.76921254,-0.63760972,0
-1.2114916,-0.36172521,3.2213109,-0.43480837,-0.5604915,0.70483387,0
-2.5143881,3.765734,1.3423333,-0.89954191,0.30685699,-0.31090671,0
-0.30122828,3.2313478,2.3949842,0.042022675,0.76921254,0.63760972,0
-1.8627104,0.27545214,3.3262677,-0.43480837,-0.5604915,0.70483387,0
1.6307883,1.8105164,-1.8105543,0.43480837,0.5604915,-0.70483387,0
-0.81188846,0.15725583,-4.6321197,0.43480837,0.5604915,-0.70483387,0
-0.52786279,-2.1451361,2.2248502,-0.43480837,-0.5604915,0.70483387,0
1.4251175,-1.2424238,4.14748,-0.43480837,-0.5604915,0.70483387,0
0.77047396,3.2298899,-1.2125762,0.43480837,0.5604915,-0.70483387,0
-3.8931398,-3.590189,-1.6856415,-0.042022675,-0.76921254,-0.63760972,0
-0.19418621,-3.2546263,-2.33425,-0.042022675,-0.76921254,-0.63760972,0
-2.6587148,-1.9277893,-3.7725177,-0.042022675,-0.76921254,-0.63760972,0
-0.11817455,2.2032509,-2.5771737,0.43480837,0.5604915,-0.70483387,0
2.9797003,1.6431065,2.6497757,0.89954191,-0.30685699,0.31090671,0
0.81654048,4.4150486,0.8932991,0.042022675,0.76921254,0.63760972,0
-3.1949954,0.69899154,0.28472602,-0.89954191,0.30685699,-0.31090671,0
2.6720214,-0.54661632,-3.0426407,0.43480837,0.5604915,-0.70483387,0
2.5015926,-0.53791666,-3.1408594,0.43480837,0.5604915,-0.70483387,0
-2.3481731,-0.70747471,2.2451541,-0.43480837,-0.5604915,0.70483387,0
-1.7943718,-1.4010541,2.0352492,-0.43480837,-0.5604915,0.70483387,0
-2.2954066,-1.0653565,-4.0594096,-0.89954191,0.30685699,-0.31090671,0
3.3821888,0.91977477,-1.4384515,0.43480837,0.5604915,-0.70483387,0
1.0455008,3.1965868,-1.0693973,0.43480837,0.5604915,-0.70483387,0
0.67455578,-0.175565,-3.9798026,0.43480837,0.5604915,-0.70483387,0
0.012329102,4.6111336,0.70974445,0.042022675,0.76921254,0.63760972,0
-2.7039337,-1.932227,-3.7330017,-0.89954191,0.30685699,-0.31090671,0
0.68929398,1.3434029,4.6073194,0.042022675,0.76921254,0.63760972,0
-3.3775582,0.1208024,0.24227595,-0.89954191,0.30685699,-0.31090671,0
-1.8645685,0.4757309,3.4843855,-0.43480837,-0.5604915,0.70483387,0
2.058841,-3.3369458,0.39890003,0.89954191,-0.30685699,0.31090671,0
-3.7043419,-0.79541016,1.3386134,-0.43480837,-0.5604915,0.70483387,0
3.5166936,0.2764287,-1.8670722,0.43480837,0.5604915,-0.70483387,0
-3.3233919,2.0263381,1.9662722,-0.89954191,0.30685699,-0.31090671,0
-0.34483337,4.7210541,0.60067534,0.042022675,0.76921254,0.63760972,0
2.8927834,-1.3011851,-0.0046906471,0.89954191,-0.30685699,0.31090671,0
3.8233361,2.4034233,0.95930946,0.89954191,-0.30685699,0.31090671,0
1.1785638,-3.0427499,-2.6803303,-0.042022675,-0.76921254,-0.63760972,0
-3.6940441,-0.61792278,0.42885518,-0.89954191,0.30685699,-0.31090671,0
1.8409595,3.5798132,-0.27393711,0.43480837,0.5604915,-0.70483387,0
1.7205794,-1.9443721,2.752022,0.89954191,-0.30685699,0.31090671,0
2.4151709,1.9049481,-1.2515796,0.43480837,0.5604915,-0.70483387,0
0.023025036,2.7803235,2.9177291,0.042022675,0.76921254,0.63760972,0
-2.4602609,-4.2277155,-1.010965,-0.042022675,-0.76921254,-0.63760972,0
-1.1133339,2.1897669,-3.2018049,0.43480837,0.5604915,-0.70483387,0
0.48323107,4.2237301,-0.59946251,0.43480837,0.5604915,-0.70483387,0
1.0042875,0.48954403,5.265152,-0.43480837,-0.5604915,0.70483387,0
-0.87728614,-2.7236295,-2.9298234,-0.042022675,-0.76921254,-0.63760972,0
-2.4577084,-3.6681268,-1.6862216,-0.042022675,-0.76921254,-0.63760972,0
2.4057438,3.2519948,-0.18620896,0.43480837,0.5604915,-0.70483387,0
1.2254261,-2.9585242,-2.7850289,-0.042022675,-0.76921254,-0.63760972,0
-0.12721047,-2.0609512,-3.7787137,-0.042022675,-0.76921254,-0.63760972,0
-0.24959898,0.91665637,4.8312802,-0.43480837,-0.5604915,0.70483387,0
-2.4782951,3.6434517,1.1172149,-0.89954191,0.30685699,-0.31090671,0
-1.5167294,5.1986313,-0.12994671,-0.89954191,0.30685699,-0.31090671,0
1.3670373,-3.7416368,2.0010653,0.89954191,-0.30685699,0.31090671,0
-2.743371,-3.038141,0.14798725,-0.43480837,-0.5604915,0.70483387,0
-2.2356317,2.541868,-0.67211437,-0.89954191,0.30685699,-0.31090671,0
1.1354074,4.3081746,1.0012157,0.042022675,0.76921254,0.63760972,0
0.52719879,-0.018620431,-3.9459023,0.43480837,0.5604915,-0.70483387,0
0.21488869,-2.9957206,-2.6735542,-0.042022675,-0.76921254,-0.63760972,0
2.6080904,-2.1794331,-3.8160512,-0.042022675,-0.76921254,-0.63760972,0
3.2666368,-0.35550714,-0.15299523,0.89954191,-0.30685699,0.31090671,0
3.5097213,-2.2184408,-3.8284163,-0.042022675,-0.76921254,-0.63760972,0
-4.031229,-3.5702729,-1.0696423,-0.43480837,-0.5604915,0.70483387,0
-2.6523743,-2.195096,-3.4504564,-0.042022675,-0.76921254,-0.63760972,0
0.36184502,-3.5814989,1.6314951,-0.43480837,-0.5604915,0.70483387,0
1.8678818,4.0962439,1.2086142,0.042022675,0.76921254,0.63760972,0
0.86857963,1.6389021,4.2390132,0.042022675,0.76921254,0.63760972,0
-2.5503316,-2.9941576,-2.4931941,-0.042022675,-0.76921254,-0.63760972,0
0.64351106,2.4822893,-1.8853991,0.43480837,0.5604915,-0.70483387,0
0.16677284,-1.1923305,3.4110489,-0.43480837,-0.5604915,0.70483387,0
1.6895905,4.2869005,0.19496822,0.43480837,0.5604915,-0.70483387,0
2.7337694,-3.2054818,-2.586509,-0.042022675,-0.76921254,-0.63760972,0
1.0836267,-5.5331302,0.33032179,-0.042022675,-0.76921254,-0.63760972,0
2.3223815,-1.6658871,1.2856932,0.89954191,-0.30685699,0.31090671,0
-3.051512,-0.8131001,-1.6228086,-0.89954191,0.30685699,-0.31090671,0
-1.4355927,-3.8345346,-1.5528309,-0.042022675,-0.76921254,-0.63760972,0
2.2467275,-3.32022,-0.1282022,0.89954191,-0.30685699,0.31090671,0
1.5483813,-0.37843513,4.7957807,0.89954191,-0.30685699,0.31090671,0
-1.2496231,-3.4189286,0.76666641,-0.43480837,-0.5604915,0.70483387,0
2.5632658,1.6995602,3.9103589,0.89954191,-0.30685699,0.31090671,0
2.6908815,-0.74345112,1.1299398,0.89954191,-0.30685699,0.31090671,0
-3.553704,1.7071581,2.3176074,-0.89954191,0.30685699,-0.31090671,0
3.6505973,2.0647159,1.1247958,0.89954191,-0.30685699,0.31090671,0
-2.793539,0.48762727,-1.0854132,-0.89954191,0.30685699,-0.31090671,0
-3.9445825,-3.2473261,-1.4414191,-0.89954191,0.30685699,-0.31090671,0
-0.66421032,0.18114275,3.9906204,-0.43480837,-0.5604915,0.70483387,0
3.5008318,0.70824528,-1.5334724,0.43480837,0.5604915,-0.70483387,0
-1.702847,-4.6222038,-0.5849731,-0.042022675,-0.76921254,-0.63760972,0
3.6280379,3.0119092,2.1249237,0.89954191,-0.30685699,0.31090671,0
-3.8854322,-0.21897316,1.685289,-0.43480837,-0.5604915,0.70483387,0
2.6039019,-3.3305907,-1.1718457,0.89954191,-0.30685699,0.31090671,0
-3.5583086,2.5029502,3.116358,-0.89954191,0.30685699,-0.31090671,0
3.2699409,-2.2145307,-1.9973633,0.89954191,-0.30685699,0.31090671,0
1.5949428,2.6758161,-1.1445718,0.43480837,0.5604915,-0.70483387,0
0.84930813,-2.5952187,-3.1985326,-0.042022675,-0.76921254,-0.63760972,0
3.0027199,-2.28897,-1.2976875,0.89954191,-0.30685699,0.31090671,0
2.6969457,-1.291925,-3.6199424,0.43480837,0.5604915,-0.70483387,0
-1.9599082,-4.041069,-0.16623783,-0.43480837,-0.5604915,0.70483387,0
3.2836409,-0.28970671,-2.4610381,0.43480837,0.5604915,-0.70483387,0
2.4238181,-2.365948,0.30126572,0.89954191,-0.30685699,0.31090671,0
2.0176394,-2.8462796,-2.9726534,-0.042022675,-0.76921254,-0.63760972,0
1.3279383,2.8278275,-1.1884046,0.43480837,0.5604915,-0.70483387,0
-2.6763227,3.3485925,1.399148,-0.89954191,0.30685699,-0.31090671,0
-0.1244489,-2.6896787,-3.0203986,-0.042022675,-0.76921254,-0.63760972,0
1.0612458,1.8742634,3.9423749,0.042022675,0.76921254,0.63760972,0
-1.1413834,-0.91165173,-5.0983887,-0.042022675,-0.76921254,-0.63760972,0
3.460465,2.3161445,1.9230583,0.89954191,-0.30685699,0.31090671,0
-1.9972284,2.0596826,3.920259,0.042022675,0.76921254,0.63760972,0
-0.31185865,5.2916727,-0.089892149,0.042022675,0.76921254,0.63760972,0
-1.5696731,3.8557763,-1.3021294,-0.89954191,0.30685699,-0.31090671,0
-3.0939646,3.0143945,2.8407757,0.042022675,0.76921254,0.63760972,0
-1.0157483,-1.6416373,2.324264,-0.43480837,-0.5604915,0.70483387,0
-2.3176315,-1.0619868,-3.9917798,-0.89954191,0.30685699,-0.31090671,0
-1.8974235,1.7990682,-2.3837729,-0.89954191,0.30685699,-0.31090671,0
1.9271059,-3.7218404,0.40016437,0.89954191,-0.30685699,0.31090671,0
3.4610972,-0.60180998,-2.5997543,0.43480837,0.5604915,-0.70483387,0
3.3100739,-0.064414024,0.0086314678,0.89954191,-0.30685699,0.31090671,0
2.0973406,-2.1262121,1.4824731,0.89954191,-0.30685699,0.31090671,0
0.14141142,-2.1715331,-3.663012,-0.042022675,-0.76921254,-0.63760972,0
-0.85580158,2.6882298,-2.6465514,0.43480837,0.5604915,-0.70483387,0
3.3133495,-1.1613412,-1.0834862,0.89954191,-0.30685699,0.31090671,0
-2.9112964,1.1953492,3.410913,-0.43480837,-0.5604915,0.70483387,0
-2.7367873,-3.4821827,-1.8921518,-0.042022675,-0.76921254,-0.63760972,0
-0.51865184,-2.2894506,-3.4772539,-0.042022675,-0.76921254,-0.63760972,0
-2.2599382,-3.7739997,-0.13894808,-0.43480837,-0.5604915,0.70483387,0
-1.3780961,5.2265553,0.058937311,0.042022675,0.76921254,0.63760972,0
3.9308534,-0.49739361,-2.2148032,0.89954191,-0.30685699,0.31090671,0
-3.5009537,-3.1241274,-2.2737458,-0.042022675,-0.76921254,-0.63760972,0
1.7013502,-3.4681094,1.3037664,0.89954191,-0.30685699,0.31090671,0
-0.85723567,1.6444607,-3.477452,0.43480837,0.5604915,-0.70483387,0
3.731483,1.0832801,-0.077880412,0.89954191,-0.30685699,0.31090671,0
3.6841211,2.0469718,1.0102894,0.89954191,-0.30685699,0.31090671,0
-3.2494895,0.77127838,0.51373839,-0.89954191,0.30685699,-0.31090671,0
2.9275227,2.7536812,2.7584455,0.042022675,0.76921254,0.63760972,0
1.0094304,0.45324159,-3.2731864,0.43480837,0.5604915,-0.70483387,0
2.6039658,0.65242934,-2.1311297,0.43480837,0.5604915,-0.70483387,0
0.12798333,1.5059817,-2.9797964,0.43480837,0.5604915,-0.70483387,0
-1.4452038,-1.964155,-3.8086245,-0.042022675,-0.76921254,-0.63760972,0
-3.6843138,-2.9798772,-1.9304857,-0.89954191,0.30685699,-0.31090671,0
-2.6939173,-3.2308593,-2.1981735,-0.042022675,-0.76921254,-0.63760972,0
-2.9907737,-2.5686815,0.36868557,-0.43480837,-0.5604915,0.70483387,0
-3.9877415,-1.1577625,0.74579769,-0.89954191,0.30685699,-0.31090671,0
2.218905,-3.5355949,-0.2602725,0.89954191,-0.30685699,0.31090671,0
-1.5033526,-1.5784385,2.07372,-0.43480837,-0.5604915,0.70483387,0
-2.9230316,3.2864537,2.0516181,-0.89954191,0.30685699,-0.31090671,0
1.6136413,-1.1135634,3.881412,0.89954191,-0.30685699,0.31090671,0
-1.9294415,4.7637949,0.63497543,-0.89954191,0.30685699,-0.31090671,0
-1.721947,2.0541878,3.9087451,0.042022675,0.76921254,0.63760972,0
1.3610677,-0.48221421,-3.8001478,0.43480837,0.5604915,-0.70483387,0
-1.4359146,0.85015607,4.0465665,-0.43480837,-0.5604915,0.70483387,0
-2.976552,-3.1671872,-2.2563598,-0.042022675,-0.76921254,-0.63760972,0
-2.4960742,3.30672,2.4487097,0.042022675,0.76921254,0.63760972,0
0.6747098,3.2907195,-1.2232807,0.43480837,0.5604915,-0.70483387,0
-1.9933412,3.0599871,2.7132349,0.042022675,0.76921254,0.63760972,0
3.7160785,2.9341209,0.36935264,0.43480837,0.5604915,-0.70483387,0
1.4077201,-3.4574137,-2.1951828,-0.042022675,-0.76921254,-0.63760972,0
0.64644861,-0.95542026,-4.617291,0.43480837,0.5604915,-0.70483387,0
1.5099695,-4.7462735,-0.64704108,-0.042022675,-0.76921254,-0.63760972,0
-2.4175839,-1.5061419,1.5672259,-0.43480837,-0.5604915,0.70483387,0
3.4630647,3.5672946,0.71677637,0.43480837,0.5604915,-0.70483387,0
0.79825014,2.4389172,3.2785101,0.042022675,0.76921254,0.63760972,0
2.4003706,-2.3091195,0.42519391,0.89954191,-0.30685699,0.31090671,0
-1.2689314,3.7750168,-2.0371845,0.43480837,0.5604915,-0.70483387,0
-2.9545534,-0.14567757,-1.244608,-0.89954191,0.30685699,-0.31090671,0
2.2196321,-2.6964793,0.56580889,0.89954191,-0.30685699,0.31090671,0
-0.14999866,-0.44191808,3.8123701,-0.43480837,-0.5604915,0.70483387,0
-1.4945213,3.8627188,1.7119436,0.042022675,0.76921254,0.63760972,0
3.2499666,3.3098881,2.066186,0.042022675,0.76921254,0.63760972,0
-1.118593,-1.84574,-3.9730065,-0.042022675,-0.76921254,-0.63760972,0
-2.1065404,3.7106152,1.9357777,0.042022675,0.76921254,0.63760972,0
2.3239977,2.5508063,-0.79423058,0.43480837,0.5604915,-0.70483387,0
-2.0806937,2.0620151,3.9229462,0.042022675,0.76921254,0.63760972,0
-0.26157451,4.3090353,1.0922482,0.042022675,0.76921254,0.63760972,0
-2.2947974,1.0290596,3.6589921,-0.43480837,-0.5604915,0.70483387,0
0.29373372,2.9218497,2.7291503,0.042022675,0.76921254,0.63760972,0
-1.8425665,-2.892175,-2.6628723,-0.042022675,-0.76921254,-0.63760972,0
-2.4535036,2.279135,-0.30105925,-0.89954191,0.30685699,-0.31090671,0
2.7117393,3.0099788,2.4634695,0.042022675,0.76921254,0.63760972,0
-0.99851429,-1.2176841,-4.7386069,-0.042022675,-0.76921254,-0.63760972,0
2.988795,0.600173,1.5941131,0.89954191,-0.30685699,0.31090671,0
-0.80235255,2.9057214,2.820847,0.042022675,0.76921254,0.63760972,0
-2.7315764,-0.28731441,-2.0295367,-0.89954191,0.30685699,-0.31090671,0
-0.41415191,-3.754812,-1.7163283,-0.042022675,-0.76921254,-0.63760972,0
1.4623981,-3.9131567,-1.6489785,-0.042022675,-0.76921254,-0.63760972,0
-3.5904715,-1.0282006,-0.27574372,-0.89954191,0.30685699,-0.31090671,0
-2.2321253,4.1028566,0.85839629,-0.89954191,0.30685699,-0.31090671,0
2.318794,0.5877223,-2.3585067,0.43480837,0.5604915,-0.70483387,0
-0.36604118,3.4574246,-1.7327492,0.43480837,0.5604915,-0.70483387,0
2.5806775,0.76857948,2.9411266,0.89954191,-0.30685699,0.31090671,0
-2.9275486,-2.7796669,0.2399112,-0.43480837,-0.5604915,0.70483387,0
1.1862917,-0.30865765,4.7426906,-0.43480837,-0.5604915,0.70483387,0
-2.1282156,-2.3975768,1.0368574,-0.43480837,-0.5604915,0.70483387,0
-3.8349731,-3.8265767,-1.152389,-0.43480837,-0.5604915,0.70483387,0
-3.6406209,-0.34583712,1.7354279,-0.43480837,-0.5604915,0.70483387,0
3.6547112,0.31426859,-1.7518392,0.43480837,0.5604915,-0.70483387,0
-1.9823598,0.36208439,3.3213472,-0.43480837,-0.5604915,0.70483387,0
3.9838138,0.64737844,-1.2381693,0.89954191,-0.30685699,0.31090671,0
3.1796424,0.63190866,1.0732592,0.89954191,-0.30685699,0.31090671,0
1.4801154,0.052493572,-3.3015022,0.43480837,0.5604915,-0.70483387,0
-1.4681642,-4.4480343,-0.81055808,-0.042022675,-0.76921254,-0.63760972,0
-4.0043058,-1.3574398,0.70663559,-0.43480837,-0.5604915,0.70483387,0
1.1873097,3.3640072,-0.84878111,0.43480837,0.5604915,-0.70483387,0
-2.736578,0.83223987,3.2299469,-0.43480837,-0.5604915,0.70483387,0
-2.5903196,3.2618003,1.0646539,-0.89954191,0.30685699,-0.31090671,0
2.454535,0.62935019,3.1686776,0.89954191,-0.30685699,0.31090671,0
-3.4440913,-2.942806,-0.20847201,-0.43480837,-0.5604915,0.70483387,0
-2.0161681,-2.711467,-2.8694367,-0.042022675,-0.76921254,-0.63760972,0
0.67576599,2.0484915,-2.2104623,0.43480837,0.5604915,-0.70483387,0
-3.1674891,2.5386202,3.419596,0.042022675,0.76921254,0.63760972,0
-2.604295,1.8909526,4.1534514,-0.43480837,-0.5604915,0.70483387,0
-3.6191783,-3.1691144,-2.2116818,-0.042022675,-0.76921254,-0.63760972,0
-1.9884163,1.646449,-2.2711363,-0.89954191,0.30685699,-0.31090671,0
1.4827871,-1.4503011,3.9276586,0.89954191,-0.30685699,0.31090671,0
0.077651501,-4.0995188,1.0442427,-0.43480837,-0.5604915,0.70483387,0
2.5061688,-2.4893219,-3.4354842,-0.042022675,-0.76921254,-0.63760972,0
-3.6672854,2.2367797,3.1689558,-0.89954191,0.30685699,-0.31090671,0
2.7024283,-0.8544805,0.98694801,0.89954191,-0.30685699,0.31090671,0
1.7346673,3.99632,-0.0082974434,0.43480837,0.5604915,-0.70483387,0
3.385716,1.6057594,1.4381955,0.89954191,-0.30685699,0.31090671,0
-2.1876221,-1.1957977,-4.5000029,-0.89954191,0.30685699,-0.31090671,0
-3.04984,2.2604921,1.4059117,-0.89954191,0.30685699,-0.31090671,0
-2.3658366,3.8852382,1.742202,0.042022675,0.76921254,0.63760972,0
3.548034,-2.5353835,-3.1186407,0.89954191,-0.30685699,0.31090671,0
1.7008798,2.3981063,3.268255,0.042022675,0.76921254,0.63760972,0
1.3560491,-5.0631938,-0.25456405,-0.042022675,-0.76921254,-0.63760972,0
1.4075143,-0.23629153,4.9367085,-0.43480837,-0.5604915,0.70483387,0
-2.4499135,-2.0551095,1.1107373,-0.43480837,-0.5604915,0.70483387,0
-3.3343556,2.5797663,2.5442131,-0.89954191,0.30685699,-0.31090671,0
0.36743402,-4.0890503,1.2313321,-0.43480837,-0.5604915,0.70483387,0
3.602524,0.57479239,-1.5768621,0.43480837,0.5604915,-0.70483387,0
-0.97167325,-0.80025554,-5.2439618,-0.042022675,-0.76921254,-0.63760972,0
-1.6982958,2.9919498,-1.7825605,-0.89954191,0.30685699,-0.31090671,0
-0.10823321,-0.52206784,3.7743988,-0.43480837,-0.5604915,0.70483387,0
