2.483182,2.6132205,2.9467099,0.41915137,0.65545911,0.62824017,0
0.87765086,-0.99638629,4.8151054,-0.0938932,-0.042204,0.99468756,0
-4.6215754,-2.4689574,0.54849637,-0.57488525,-0.80732054,0.13319378,0
2.9269791,1.3645539,-4.036984,0.35316211,0.42677486,-0.83255029,0
-0.83646584,3.3869557,-1.3611494,-0.81753898,0.57344425,-0.052840434,0
0.54232407,4.9047318,-0.37301248,-0.81753898,0.57344425,-0.052840434,0
-0.72147352,-0.74623728,-4.8773947,-0.065021455,-0.18308868,-0.98094398,0
1.5789067,-1.6565118,1.8662268,0.81753898,-0.57344425,0.052840434,0
-0.28920472,-1.3543457,-4.6011248,-0.10318142,-0.23613581,-0.96622664,0
0.53123403,4.9238844,0.066849165,-0.81753898,0.57344425,-0.052840434,0
1.4328425,3.8930945,2.2201235,0.48669782,0.7370733,0.46888006,0
-3.5363183,-3.2016528,0.64396226,-0.57462263,-0.80627799,0.14044417,0
-2.2647507,1.1485114,3.2699342,-0.81753898,0.57344425,-0.052840434,0
1.5775591,-2.5668397,-4.3742266,0.81753898,-0.57344425,0.052840434,0
-0.82131279,-0.96319747,4.7837362,-0.18097287,-0.16872603,0.96890694,0
-2.8150506,-3.8146546,-1.1124792,-0.5506959,-0.80533248,-0.21948485,0
-1.6886618,1.4365695,-3.2264676,-0.81753898,0.57344425,-0.052840434,0
1.3043979,-2.3430958,-0.85169244,0.81753898,-0.57344425,0.052840434,0
-2.7234819,-1.1520591,-3.8674111,-0.27844095,-0.47393987,-0.83537525,0
1.0256407,4.072504,-2.6687372,0.49328288,0.64998746,-0.57809049,0
-3.8147535,-1.1181496,3.465328,-0.39919615,-0.49819496,0.76970428,0
-1.1819849,-2.2521849,4.2370992,-0.31940883,-0.37518656,0.87018013,0
1.6157391,-2.7107735,-3.4287021,0.81753898,-0.57344425,0.052840434,0
1.277493,0.72707784,-4.5537882,0.20973732,0.21104266,-0.95471025,0
1.3611262,3.0206842,3.7571681,0.33976248,0.55439448,0.75974238,0
-0.50445676,-3.9340069,3.3036821,-0.47111449,-0.61322749,0.63403744,0
-0.22649479,-4.0243521,3.1179652,-0.46027523,-0.59552944,0.65840071,0
-0.24796319,-4.5510769,-1.8393099,0.81753898,-0.57344425,0.052840434,0
-1.2702928,2.6249387,3.3073032,-0.81753898,0.57344425,-0.052840434,0
2.2524009,1.5357111,-3.8535976,0.35598505,0.431117,-0.82910401,0
-1.5380709,2.0860577,-3.7311914,-0.81753898,0.57344425,-0.052840434,0
-2.475647,-3.9850039,0.86016428,-0.57432067,-0.80516189,0.14788598,0
-2.3549376,-2.5911472,3.4214637,-0.44625872,-0.57286346,0.68751788,0
-3.7342641,-1.184186,-1.1727897,-0.81753898,0.57344425,-0.052840434,0
0.86685872,-2.6587727,1.3657029,0.81753898,-0.57344425,0.052840434,0
2.9968286,-0.29181361,-1.07558,0.81753898,-0.57344425,0.052840434,0
-3.6682575,-1.072139,-2.4237845,-0.81753898,0.57344425,-0.052840434,0
0.07303977,-4.2734289,-2.7917526,0.81753898,-0.57344425,0.052840434,0
-1.1008466,2.4290242,-1.0915245,-0.81753898,0.57344425,-0.052840434,0
-3.3217459,-0.79346251,-2.091579,-0.81753898,0.57344425,-0.052840434,0
-2.067522,-4.4015269,0.77534068,-0.57193708,-0.79781568,0.19073111,0
-1.4112011,-0.69494891,-4.6321688,-0.13189316,-0.27577043,-0.95213199,0
-2.3718488,1.2311637,2.6931093,-0.81753898,0.57344425,-0.052840434,0
2.0318332,4.2012901,1.1050298,0.55297101,0.80733341,0.20600013,0
0.22713304,-2.7669055,4.4618134,-0.27341187,-0.305756,0.91200864,0
3.0954118,0.080516815,-0.52971232,0.81753898,-0.57344425,0.052840434,0
1.5110199,3.1210468,3.1024945,0.40430164,0.63688695,0.65644163,0
2.5801585,1.5900564,-3.5791402,0.37792975,0.46503198,-0.8005715,0
3.4058359,0.21115184,-0.55015182,0.81753898,-0.57344425,0.052840434,0
0.83816147,-3.656013,-2.6535385,0.81753898,-0.57344425,0.052840434,0
1.3436824,-2.6645348,0.78294992,0.81753898,-0.57344425,0.052840434,0
3.5894265,0.64308238,2.0652862,0.81753898,-0.57344425,0.052840434,0
-2.8041222,0.70110202,3.1267145,-0.81753898,0.57344425,-0.052840434,0
-1.8738384,-4.4548521,-1.3889267,-0.53679717,-0.79207367,-0.29063392,0
1.7061836,-2.1250732,-3.4248028,0.81753898,-0.57344425,0.052840434,0
0.77687621,-1.2169731,4.6015639,-0.11149355,-0.067593254,0.9914639,0
-0.17351198,4.1832523,0.9854477,-0.81753898,0.57344425,-0.052840434,0
-0.91642803,-0.64567465,4.4187646,-0.17084807,-0.15389539,0.97320485,0
-3.1909742,-3.0146985,-1.6488352,-0.51549971,-0.76964229,-0.3767108,0
-0.81722927,-4.0802474,-2.6581235,-0.43456048,-0.67452991,-0.59679717,0
2.274704,1.6638387,4.0111437,0.26424518,0.45508027,0.85033929,0
-0.16057241,0.92889142,-4.5586977,0.12973449,0.094002381,-0.98708314,0
2.7263222,-0.13684392,2.8839111,0.81753898,-0.57344425,0.052840434,0
-1.3020175,1.9527173,-3.9227779,-0.81753898,0.57344425,-0.052840434,0
2.4522181,3.5729566,1.9991248,0.50597608,0.75909442,0.40959024,0
1.7658327,-1.8229294,2.1763773,0.81753898,-0.57344425,0.052840434,0
0.9909966,-2.398031,2.7583899,0.81753898,-0.57344425,0.052840434,0
2.1047337,1.5734098,-4.2944951,0.31612769,0.37020227,-0.87350667,0
1.6427799,-2.0206242,-0.05935967,0.81753898,-0.57344425,0.052840434,0
4.0872917,1.5393023,-1.2456102,0.81753898,-0.57344425,0.052840434,0
3.8716774,3.139348,1.079993,0.55172551,0.80624557,0.21346477,0
2.7045074,-0.67176938,-2.0489728,0.81753898,-0.57344425,0.052840434,0
1.8466415,-1.3811338,0.08053311,0.81753898,-0.57344425,0.052840434,0
-4.3178844,-2.9713521,-0.006467104,-0.57467937,-0.81830788,0.010768548,0
4.0788212,1.0783974,-1.3225259,0.81753898,-0.57344425,0.052840434,0
-2.5892677,0.48068333,-2.4550645,-0.81753898,0.57344425,-0.052840434,0
2.0155883,-1.8237505,-4.1069074,0.81753898,-0.57344425,0.052840434,0
2.9491601,-0.17145777,1.4019946,0.81753898,-0.57344425,0.052840434,0
-1.6438332,-3.7755413,2.4724972,-0.50992906,-0.67823118,0.52912658,0
0.10738289,1.777837,4.2457037,0.15259911,0.30420047,0.94030637,0
1.8647773,2.2586911,-3.8749924,0.38171139,0.47090656,-0.79532623,0
0.88484502,4.6365252,-2.4597251,0.5255605,0.7054562,-0.47551852,0
-0.5116455,-0.94648623,-4.6339374,-0.08585678,-0.21210401,-0.97346848,0
-4.3999043,-2.7163861,-1.1007296,-0.54852474,-0.80336928,-0.23177256,0
-3.6375225,-2.7339125,1.612239,-0.54473758,-0.74031204,0.39395338,0
-3.8806441,-2.3732452,2.3664525,-0.52317953,-0.70125449,0.48427832,0
-3.5660224,-0.54487681,1.5662111,-0.81753898,0.57344425,-0.052840434,0
-0.33656168,3.8101361,-3.0734942,-0.81753898,0.57344425,-0.052840434,0
2.9671323,-0.61608267,-2.9426041,0.81753898,-0.57344425,0.052840434,0
2.8750305,0.83391351,-4.0911107,0.29761788,0.3421779,-0.89125663,0
3.3606265,3.3205552,0.51243448,0.56531644,0.81665504,0.11615531,0
3.457294,0.68548989,-0.012614548,0.81753898,-0.57344425,0.052840434,0
-0.84340405,-4.9913235,-1.5214452,-0.52748275,-0.78249949,-0.33084229,0
1.7616588,1.3425093,4.3436484,0.24071044,0.42363986,0.87326294,0
-3.0566647,-2.3154504,-2.8443952,-0.42245692,-0.65956831,-0.62169129,0
-2.6643291,0.38127589,1.4925734,-0.81753898,0.57344425,-0.052840434,0
-4.5129752,-1.8012317,1.5482723,-0.81753898,0.57344425,-0.052840434,0
-1.6742409,1.9143922,2.1771972,-0.81753898,0.57344425,-0.052840434,0
-1.411298,2.420954,4.5102148,0.1012692,0.23348759,0.96707219,0
4.4016771,2.4596334,1.4626179,0.5442934,0.79941487,0.25432411,0
-1.674511,1.7000117,0.73399794,-0.81753898,0.57344425,-0.052840434,0
-3.0804753,-3.4083815,-1.5197212,-0.53150481,-0.78668618,-0.31405038,0
-3.8878927,-1.1039701,0.61741728,-0.81753898,0.57344425,-0.052840434,0
0.8680529,0.7786811,-4.6297317,0.15874472,0.13620937,-0.97787911,0
0.93676674,2.9121871,-3.7880363,0.36880887,0.45090038,-0.81281561,0
-2.6233549,0.31555557,0.39326495,-0.81753898,0.57344425,-0.052840434,0
-3.5463991,-0.30231929,2.7965381,-0.81753898,0.57344425,-0.052840434,0
-1.4892637,-3.4570735,3.1266549,-0.48335448,-0.63342023,0.60427445,0
2.9324837,-0.25021172,-3.3937235,0.81753898,-0.57344425,0.052840434,0
-1.4385579,2.4396296,3.7954023,-0.81753898,0.57344425,-0.052840434,0
-1.0574105,3.265563,2.2654645,-0.81753898,0.57344425,-0.052840434,0
0.46193767,4.8982425,0.71055317,-0.81753898,0.57344425,-0.052840434,0
1.9116822,-1.0338732,-4.5588026,0.051323876,-0.018837314,-0.99850464,0
2.2239058,-0.81657004,3.8097451,0.81753898,-0.57344425,0.052840434,0
0.84973693,-3.2702708,-3.3099933,0.81753898,-0.57344425,0.052840434,0
-1.5432863,-3.764899,-2.8338559,-0.43505138,-0.67513388,-0.5957557,0
0.16284966,-4.2774334,1.1768204,0.81753898,-0.57344425,0.052840434,0
-4.8856091,-2.3680348,1.1415823,-0.56325173,-0.77714211,0.28070921,0
-1.5196483,2.2558703,-1.5020179,-0.81753898,0.57344425,-0.052840434,0
-2.5205994,0.90096951,1.4146194,-0.81753898,0.57344425,-0.052840434,0
1.6065137,4.3345637,1.8831544,0.50798249,0.7613374,0.40288886,0
-0.75150108,-3.2293539,3.5219593,-0.41546595,-0.52379,0.74366152,0
-1.4232512,2.965539,4.0662031,-0.81753898,0.57344425,-0.052840434,0
0.20477355,-1.9507191,4.7746611,-0.22578424,-0.23477209,0.94546503,0
0.035133839,4.5097122,0.9727059,-0.81753898,0.57344425,-0.052840434,0
-1.5159314,2.3767877,2.2898204,-0.81753898,0.57344425,-0.052840434,0
-0.74778557,3.3161068,0.80325472,-0.81753898,0.57344425,-0.052840434,0
-1.696851,1.6295073,0.18589324,-0.81753898,0.57344425,-0.052840434,0
-1.8549117,1.8808224,1.0573184,-0.81753898,0.57344425,-0.052840434,0
2.7373924,-0.22903299,-0.37304556,0.81753898,-0.57344425,0.052840434,0
-0.93317223,-3.1658959,-3.2260957,-0.36797237,-0.59077007,-0.7180441,0
0.11335993,3.3664503,-3.8168149,0.39293599,0.48840013,-0.77914506,0
-1.1560409,-3.5163441,-3.2139468,-0.39135456,-0.6205557,-0.67952371,0
0.41567159,2.0135384,-4.3531899,0.29028675,0.3311207,-0.89782685,0
-2.3007543,-4.0562215,-0.24383362,-0.5718646,-0.81923097,-0.042798087,0
2.3574438,-0.56835938,2.8652909,0.81753898,-0.57344425,0.052840434,0
-1.9269073,-4.4331932,-0.46577197,-0.56435394,-0.8160665,-0.12466036,0
1.8737187,-1.7569594,1.9675605,0.81753898,-0.57344425,0.052840434,0
2.0975204,-0.97327924,2.2187705,0.81753898,-0.57344425,0.052840434,0
-2.9639256,0.21284413,1.2701819,-0.81753898,0.57344425,-0.052840434,0
-1.5443969,-4.2813525,-2.0693355,-0.49673083,-0.74863279,-0.43909845,0
0.83261943,4.647203,-2.2948515,0.52646858,0.70706457,-0.47211313,0
0.3896935,-4.0492935,-2.2821307,0.81753898,-0.57344425,0.052840434,0
-1.3446407,2.2510467,-2.8175051,-0.81753898,0.57344425,-0.052840434,0
-3.7362025,-0.63215172,1.8703527,-0.81753898,0.57344425,-0.052840434,0
-4.4911704,-1.9403002,-1.2953246,-0.81753898,0.57344425,-0.052840434,0
2.875102,-0.58253694,0.013874933,0.81753898,-0.57344425,0.052840434,0
-4.0787225,-1.7142802,3.1776917,-0.45756328,-0.59112561,0.66423398,0
1.0049117,0.71990442,4.4678693,0.11903912,0.25805637,0.95876849,0
-2.6581783,0.54913688,-1.3111328,-0.81753898,0.57344425,-0.052840434,0
-4.8934512,-2.4505587,0.18869382,-0.57587278,-0.81396234,0.076393768,0
3.6175861,0.77390146,-1.2146926,0.81753898,-0.57344425,0.052840434,0
1.7845819,2.7703333,3.2467518,0.36707512,0.58962011,0.7194472,0
-0.4764843,3.2304213,4.1415696,0.23675239,0.41833189,0.87689626,0
-0.40599871,-4.3566356,2.7977571,-0.50494432,-0.66970402,0.54454374,0
-1.8956889,2.1464763,3.7948189,-0.81753898,0.57344425,-0.052840434,0
1.5792162,4.1882544,-1.6892254,0.55961043,0.76944768,-0.30787423,0
-1.7842071,-4.1335678,-1.6118735,-0.52475184,-0.77961653,-0.3418093,0
0.1678884,-0.72694206,-4.7936959,-0.040806517,-0.149213,-0.9879629,0
4.5124507,2.5496614,0.020654112,0.57463986,0.81834871,-0.0097147599,0
2.6267915,-0.29633093,-0.19311565,0.81753898,-0.57344425,0.052840434,0
-3.3688114,-1.4643797,3.2863715,-0.41728869,-0.52667069,0.74059999,0
-2.5103989,-0.96732265,-4.3966513,-0.21011704,-0.38246569,-0.89976168,0
1.9925196,1.837415,4.1184711,0.29343787,0.49377331,0.81858575,0
1.0372784,-3.430001,-2.2329047,0.81753898,-0.57344425,0.052840434,0
0.28208828,4.626689,1.4977902,-0.81753898,0.57344425,-0.052840434,0
-0.060734153,-1.1308037,-4.7247024,-0.087948799,-0.21501055,-0.97264385,0
-0.92531455,2.6158218,-3.1137288,-0.81753898,0.57344425,-0.052840434,0
0.91865492,-2.5215704,4.1522894,0.81753898,-0.57344425,0.052840434,0
2.2684295,3.98123,-2.0343447,0.54468453,0.7402125,-0.39421374,0
2.7347682,-0.38419628,1.740818,0.81753898,-0.57344425,0.052840434,0
2.7761641,3.4800234,-1.3909039,0.56145096,0.7732951,-0.29459745,0
0.56389308,-3.6373088,2.8478689,0.81753898,-0.57344425,0.052840434,0
1.2739892,4.6231875,-1.3748094,0.56189537,0.77423608,-0.29125965,0
-3.4694686,-3.5252008,-0.52258533,-0.57058305,-0.81902033,-0.060340378,0
-2.2036867,1.4645879,1.868089,-0.81753898,0.57344425,-0.052840434,0
2.7143366,-1.0675745,-2.9248676,0.81753898,-0.57344425,0.052840434,0
4.1774077,2.8118331,-0.58219886,0.57387841,0.80363899,-0.15756923,0
-0.66808808,-0.18543571,-4.610189,0.003457576,-0.086867593,-0.99621421,0
2.0789769,-1.3122084,-0.97372591,0.81753898,-0.57344425,0.052840434,0
-1.8026198,-0.99369186,4.3200622,-0.26973516,-0.30024505,0.91492963,0
-1.1868982,2.8626044,-0.30922762,-0.81753898,0.57344425,-0.052840434,0
2.6273222,-1.108542,-4.5650139,0.094479673,0.043048576,-0.99459577,0
-1.4344397,-3.9224234,2.4239199,-0.52447379,-0.70353574,0.47954661,0
1.2223064,-1.0012679,4.9057078,-0.079553679,-0.02158469,0.99659711,0
0.42864507,1.6546307,-4.5675349,0.23902875,0.25442627,-0.93708754,0
-2.6899707,-1.1759909,3.9699106,-0.3487401,-0.41998205,0.837852,0
0.40337324,1.6078013,-4.3312302,0.2285516,0.23887348,-0.94377124,0
2.6371822,-0.72871947,0.41013804,0.81753898,-0.57344425,0.052840434,0
-3.3442991,-0.11082006,2.7492626,-0.81753898,0.57344425,-0.052840434,0
-0.69835734,-4.4260073,2.6997468,-0.4996272,-0.66067642,0.56024963,0
-3.0310969,0.16920328,2.4185081,-0.81753898,0.57344425,-0.052840434,0
0.47709942,-3.0679915,3.3670802,0.81753898,-0.57344425,0.052840434,0
3.6034012,1.7284601,-3.2421746,0.43140522,0.5490793,-0.71582258,0
0.17821932,-3.9100683,2.9621365,0.81753898,-0.57344425,0.052840434,0
-3.4688103,-1.0556061,3.5325723,-0.37213069,-0.45604107,0.80842155,0
1.2400594,2.7665687,-3.5933847,0.40686101,0.51022738,-0.75771523,0
-2.1423941,-2.9737399,-2.8989663,-0.41701055,-0.65279281,-0.63242716,0
-2.6591344,-1.2887017,3.8641076,-0.33940113,-0.40567109,0.84866858,0
-0.6308167,-5.0420241,-0.53960121,0.81753898,-0.57344425,0.052840434,0
2.4883618,-0.09257555,4.7188525,0.12644356,0.26826635,0.95501065,0
2.4670491,4.1296067,1.248369,0.54819685,0.80306876,0.23358305,0
0.65257907,5.0566859,-0.98501003,-0.81753898,0.57344425,-0.052840434,0
2.4403381,4.0766501,0.61047363,0.56648749,0.81732047,0.10525814,0
-4.1970992,-1.6357049,2.4492378,-0.49372023,-0.65072173,0.57688975,0
3.7245836,1.1461397,2.1858578,0.81753898,-0.57344425,0.052840434,0
1.587836,3.428483,2.8275366,0.41537306,0.6507507,0.63560134,0
2.3769166,-0.76155567,3.8771362,0.81753898,-0.57344425,0.052840434,0
-2.9556623,0.064339399,4.2352839,-0.23470688,-0.2480059,0.93989682,0
-4.6553822,-2.5510972,0.06460762,-0.81753898,0.57344425,-0.052840434,0
2.2905011,1.3582324,4.1319113,0.25460443,0.44222668,0.86000729,0
-3.4758911,-1.2784859,-3.5227728,-0.35534739,-0.57454622,-0.73730934,0
-1.1782122,-5.0319996,0.23687541,-0.57412791,-0.81876129,-0.0026833117,0
2.6373453,-0.20825195,1.8514849,0.81753898,-0.57344425,0.052840434,0
-3.3201871,-0.14788961,0.9464885,-0.81753898,0.57344425,-0.052840434,0
0.59015226,-3.6608651,-1.935624,0.81753898,-0.57344425,0.052840434,0
4.1479535,1.9220948,2.7122886,0.45485711,0.69928801,0.55145419,0
2.232038,0.11871469,-4.249763,0.21469623,0.21836607,-0.95195705,0
1.5816602,-1.8650651,1.996109,0.81753898,-0.57344425,0.052840434,0
0.30655909,2.2640896,4.4768543,0.19562498,0.36284816,0.91108316,0
1.5692427,-2.3243952,1.2336733,0.81753898,-0.57344425,0.052840434,0
-0.59425187,2.1832881,-4.5143642,0.21199827,0.21438064,-0.95346648,0
-1.5776865,-2.4162328,-3.767751,-0.32092083,-0.52986181,-0.78502017,0
1.6645181,-1.8735702,-1.7722119,0.81753898,-0.57344425,0.052840434,0
-1.8749776,-4.3083582,-0.722422,-0.56175947,-0.81432796,-0.14593324,0
1.8094563,-2.172929,-2.0861011,0.81753898,-0.57344425,0.052840434,0
-0.48837352,1.469561,-4.732245,0.15125102,0.12528214,-0.98052424,0
0.86021709,3.4009891,3.6903772,0.34167168,0.55687022,0.7570709,0
2.0118465,-1.1023247,4.0567942,0.81753898,-0.57344425,0.052840434,0
1.3037198,-2.7080932,-4.5130439,0.81753898,-0.57344425,0.052840434,0
-2.0301883,1.4747055,-0.047610559,-0.81753898,0.57344425,-0.052840434,0
-0.49337935,3.7370019,-2.2610259,-0.81753898,0.57344425,-0.052840434,0
-0.32660294,-3.4016013,-3.5044842,-0.34386054,-0.55970621,-0.75398225,0
2.0425122,4.0034285,1.7759358,0.51126069,0.76497889,0.39168862,0
-0.069858313,-0.84917134,-4.822823,-0.042456314,-0.15152618,-0.9875412,0
-3.9615231,-1.2683973,-1.4842442,-0.81753898,0.57344425,-0.052840434,0
-0.79162371,-2.412019,4.218369,-0.33553106,-0.39975417,0.8530041,0
3.27356,0.86693931,3.4206977,0.81753898,-0.57344425,0.052840434,0
1.1097414,0.15213257,4.5576754,0.04659842,0.15733057,0.9864462,0
-1.8238063,2.1119413,3.1233039,-0.81753898,0.57344425,-0.052840434,0
-2.0447164,-0.84232235,4.4573541,-0.24191405,-0.25871634,0.93517041,0
-2.0371194,0.020471215,-4.589385,-0.11532106,-0.2529234,-0.96058899,0
-0.83646894,3.3792093,3.3215339,-0.81753898,0.57344425,-0.052840434,0
2.6840062,1.6428002,-3.8358378,0.3925218,0.48775315,-0.77975893,0
1.4941332,-2.323041,-3.7131894,0.81753898,-0.57344425,0.052840434,0
-0.85010946,-0.72143161,-4.6838188,-0.093479365,-0.2226883,-0.97039795,0
1.8930132,3.7498879,2.0077839,0.50473773,0.75770485,0.41367045,0
-1.5397601,1.410984,-4.8708258,0.089223742,0.035483167,-0.99537957,0
-0.76748228,3.1788538,-2.3445084,-0.81753898,0.57344425,-0.052840434,0
-2.9875374,-0.77390814,-4.3999448,-0.24633327,-0.43117064,-0.8679933,0
3.1078525,1.6812569,-3.372896,0.40325004,0.5045532,-0.76342374,0
1.4329687,-2.5777562,-0.97799432,0.81753898,-0.57344425,0.052840434,0
-2.1031129,1.2531722,-0.060673639,-0.81753898,0.57344425,-0.052840434,0
2.9254599,-0.077166796,4.1939802,0.81753898,-0.57344425,0.052840434,0
-0.54198694,-2.8783412,4.1450934,-0.33836097,-0.40408,0.84984219,0
-1.7857394,-4.7287536,0.43527293,-0.57563573,-0.81111884,0.10358521,0
2.6857057,-0.61334658,-0.76370919,0.81753898,-0.57344425,0.052840434,0
-0.098916769,4.0692492,0.36817896,-0.81753898,0.57344425,-0.052840434,0
-2.4878097,1.1294785,4.6594877,-0.10386281,-0.056574516,0.99298161,0
0.89048433,-3.036639,-0.34022251,0.81753898,-0.57344425,0.052840434,0
-0.13420039,1.5105696,-4.5677733,0.19701563,0.19229324,-0.96135759,0
2.0765455,-1.2807708,-0.063359767,0.81753898,-0.57344425,0.052840434,0
0.8911218,-0.25692242,-4.874125,0.0760196,0.016511939,-0.99696982,0
-3.9387708,-2.018306,-2.6274996,-0.4572047,-0.70212162,-0.54588401,0
1.2231201,-0.42837161,-4.7421255,0.066217981,0.0024614017,-0.99780244,0
0.89697301,-2.5403047,2.2974417,0.81753898,-0.57344425,0.052840434,0
3.0473356,0.21212435,4.3705463,0.17710465,0.33767611,0.92445076,0
-2.2582085,-3.6445937,2.110981,-0.52478456,-0.7040844,0.47839987,0
-1.4623768,2.4041746,3.0671182,-0.81753898,0.57344425,-0.052840434,0
-1.4404857,-3.520586,2.9094832,-0.48513386,-0.63637626,0.59972548,0
-1.2536118,-3.2369843,3.3693016,-0.4433074,-0.56811947,0.69333893,0
-3.5050881,-0.75054049,1.2129416,-0.81753898,0.57344425,-0.052840434,0
0.59602046,-3.4929724,-0.89510351,0.81753898,-0.57344425,0.052840434,0
1.1201425,0.078989416,-4.8372931,0.10880568,0.063710041,-0.99201965,0
-0.89330196,-3.0624032,-3.4447219,-0.34721801,-0.56405121,-0.74919033,0
0.71135402,4.1301188,2.8249156,0.41935298,0.65570998,0.62784368,0
-0.12584996,-4.1297321,3.2969964,-0.46753567,-0.60736638,0.64227474,0
-2.632298,-0.35996449,-4.4377971,-0.16141829,-0.31626955,-0.93483585,0
-2.8245151,0.24487209,2.5628371,-0.81753898,0.57344425,-0.052840434,0
1.1081733,1.539645,-4.4522228,0.28526729,0.32356346,-0.90218055,0
1.8655391,0.87345594,-4.4397373,0.25438467,0.27729449,-0.92649698,0
1.3070102,3.1250696,3.5683055,0.36776215,0.59050065,0.71837336,0
2.3577218,-1.175992,-0.20691073,0.81753898,-0.57344425,0.052840434,0
-1.4940728,-2.5139897,-3.8177793,-0.2936787,-0.49409103,-0.81830758,0
0.031530142,-4.4401188,-3.0512073,-0.38977432,-0.61855417,-0.68225139,0
-1.021894,1.2323018,4.5489502,-0.0097404122,0.077974275,0.99690807,0
2.357034,-0.41739392,4.596889,0.81753898,-0.57344425,0.052840434,0
-3.5849624,-3.0484483,1.1423919,-0.56226707,-0.77502745,0.28842378,0
0.99229479,1.2667114,-4.3254514,0.25044829,0.27142397,-0.92930365,0
3.7493291,3.1830935,0.90406072,0.55177701,0.80629098,0.21316007,0
-3.1319056,-3.7370894,-0.83260262,-0.55651999,-0.81031895,-0.18349069,0
-0.5756855,3.2529414,-2.2159905,-0.81753898,0.57344425,-0.052840434,0
2.3492854,1.5497724,-3.9237151,0.35337323,0.42709947,-0.83229423,0
-2.3993936,0.87216711,2.4129469,-0.81753898,0.57344425,-0.052840434,0
-2.5170724,-0.48426378,-4.542624,-0.18117172,-0.34321347,-0.92161906,0
0.8863523,-2.7219777,-4.4737124,-0.15575695,-0.30852476,-0.93837774,0
-1.6523809,2.2758522,-0.21670765,-0.81753898,0.57344425,-0.052840434,0
2.8650079,3.8480358,-0.76217651,0.57464898,0.80637914,-0.13975443,0
-1.6490352,1.5851033,-1.6542982,-0.81753898,0.57344425,-0.052840434,0
-0.35873497,0.89290452,-4.8026195,0.10637458,0.060199615,-0.99250233,0
-3.88925,-1.2284074,-1.7983882,-0.81753898,0.57344425,-0.052840434,0
3.8625145,1.1632376,-0.7286272,0.81753898,-0.57344425,0.052840434,0
-3.3742414,-0.21037817,1.738791,-0.81753898,0.57344425,-0.052840434,0
0.067035675,4.3085613,-3.0170748,-0.81753898,0.57344425,-0.052840434,0
3.3818898,1.3333969,3.4758787,0.35619986,0.57564467,0.73604017,0
-4.4726353,-2.2690074,-1.7314112,-0.81753898,0.57344425,-0.052840434,0
-2.2804251,-3.9993241,1.0724412,-0.57076013,-0.79466128,0.206752,0
-0.94686317,2.961525,3.131526,-0.81753898,0.57344425,-0.052840434,0
-0.874075,0.09810257,-4.5983686,-0.026620328,-0.12929113,-0.99124962,0
2.6053107,-0.95169473,0.068095677,0.81753898,-0.57344425,0.052840434,0
2.1443062,-1.2443879,2.8329279,0.81753898,-0.57344425,0.052840434,0
0.26116729,-1.4268553,-4.8098845,-0.07169354,-0.1923936,-0.97869569,0
2.2324646,-1.322542,-2.1493702,0.81753898,-0.57344425,0.052840434,0
-2.1670294,1.512244,4.7046614,-0.053274851,0.016050952,0.99845129,0
0.98359883,-2.8501291,1.1427991,0.81753898,-0.57344425,0.052840434,0
-1.7530311,1.6056452,-2.4063473,-0.81753898,0.57344425,-0.052840434,0
-3.9483461,-1.1515284,-1.2982765,-0.81753898,0.57344425,-0.052840434,0
0.44827294,4.6999464,-1.2375667,-0.81753898,0.57344425,-0.052840434,0
-0.73053336,-3.9468503,-2.7012451,-0.43481568,-0.67484397,-0.59625608,0
-2.6364827,0.7295351,2.7556975,-0.81753898,0.57344425,-0.052840434,0
-1.5203072,-1.9370759,-4.1945839,-0.26187655,-0.45192567,-0.85275096,0
-4.3225441,-2.1234941,-1.4828277,-0.81753898,0.57344425,-0.052840434,0
4.3978925,2.7686861,-0.63384151,0.57387364,0.80362338,-0.15766627,0
-4.1326056,-1.5737276,0.19843292,-0.81753898,0.57344425,-0.052840434,0
2.7156987,2.9988244,2.556417,0.45102611,0.69464964,0.56039053,0
-1.7480459,-4.5483804,-0.2181792,-0.56699419,-0.81758881,-0.10033096,0
-0.98132849,-5.0139079,-0.3883056,-0.56985748,-0.81881398,-0.06932693,0
-0.5836578,-1.8289034,4.3944807,-0.25196853,-0.27369052,0.92822719,0
-0.36163402,4.1575937,3.1446178,-0.81753898,0.57344425,-0.052840434,0
1.0840726,0.14080721,-4.7654548,0.13828829,0.1064207,-0.98465818,0
-3.9127545,-3.1964436,-0.27154347,-0.57179797,-0.81922591,-0.043773562,0
1.159488,4.6491098,-1.9354763,0.53797776,0.72778291,-0.42533779,0
2.829787,1.258975,4.0187569,0.29296136,0.49314469,0.81913507,0
-0.78426027,-5.343256,0.11976895,-0.57543945,-0.81703812,0.036307588,0
-1.2381481,2.7449565,-1.7058003,-0.81753898,0.57344425,-0.052840434,0
-2.183609,0.91207194,-1.3998802,-0.81753898,0.57344425,-0.052840434,0
1.5209854,4.5679364,-0.034708977,0.57268,0.81922549,0.030122735,0
1.0072629,4.9190001,0.1399149,0.57323921,0.81913257,0.02046195,0
-2.6894562,1.1486821,3.8157392,-0.81753898,0.57344425,-0.052840434,0
-0.23005414,-4.5198374,2.2341251,0.81753898,-0.57344425,0.052840434,0
-2.8313937,0.76275206,2.1660466,-0.81753898,0.57344425,-0.052840434,0
-3.3409491,-3.0260177,1.0573863,-0.56464529,-0.78018653,0.26923046,0
1.3248301,2.1011996,-4.1392498,0.34599322,0.41576794,-0.84108621,0
0.19157791,-4.1799607,-2.561831,0.81753898,-0.57344425,0.052840434,0
3.0616746,0.55543554,3.9358387,0.81753898,-0.57344425,0.052840434,0
0.36374402,4.9339428,-0.85465676,-0.81753898,0.57344425,-0.052840434,0
-3.4801493,-0.67252505,-1.1139283,-0.81753898,0.57344425,-0.052840434,0
-2.2032487,-1.4228964,4.0742207,-0.35115749,-0.42369419,0.83496821,0
4.5040827,2.3064592,0.43629372,0.81753898,-0.57344425,0.052840434,0
0.39461017,-4.2730103,-3.2700956,0.81753898,-0.57344425,0.052840434,0
-1.7191811,-2.4216995,-3.4665754,-0.34080419,-0.55574554,-0.75828731,0
-0.73377347,-5.2149024,-0.49702954,-0.56324911,-0.81535101,-0.13398953,0
3.7005622,1.0088552,0.94919926,0.81753898,-0.57344425,0.052840434,0
-4.6941428,-2.1308937,-0.31240344,-0.81753898,0.57344425,-0.052840434,0
-0.88352001,2.9547365,-0.050020084,-0.81753898,0.57344425,-0.052840434,0
-2.2967508,-3.9859629,0.40139055,-0.57569194,-0.8161369,0.049995556,0
-0.065974236,-4.9331331,-2.281116,0.81753898,-0.57344425,0.052840434,0
0.8417353,0.51839483,4.5129857,0.067611083,0.18670167,0.98008758,0
-2.8671947,-3.1715322,-2.125073,-0.48628753,-0.73659652,-0.47005349,0
-1.3545921,0.51888061,-4.8932333,0.013533868,-0.072599389,-0.99726951,0
3.068876,0.018909454,2.0702593,0.81753898,-0.57344425,0.052840434,0
-2.4204993,1.2384553,0.68944836,-0.81753898,0.57344425,-0.052840434,0
-0.089228392,4.3883367,0.92255986,-0.81753898,0.57344425,-0.052840434,0
3.4401093,1.9838771,2.984864,0.42428008,0.66183054,0.61803484,0
3.3857398,0.23427176,-0.89625883,0.81753898,-0.57344425,0.052840434,0
1.673485,4.3390832,-0.9646467,0.5711866,0.79578209,-0.20118833,0
-0.15334272,-4.3686619,2.1965115,0.81753898,-0.57344425,0.052840434,0
-3.2407703,0.060283661,0.50152278,-0.81753898,0.57344425,-0.052840434,0
1.2004924,4.2633028,2.5218687,0.45794708,0.70301634,0.54410732,0
-0.37544489,3.1587901,-4.45187,0.31460184,0.36788604,-0.87503475,0
-4.5479217,-2.5038316,-0.67250872,-0.56911176,-0.81855118,-0.07801187,0
-2.9605653,0.40902472,2.5544438,-0.81753898,0.57344425,-0.052840434,0
-0.43598151,3.5866661,-3.536566,-0.81753898,0.57344425,-0.052840434,0
2.838779,2.7298162,-2.6810901,0.50552273,0.67069012,-0.54279065,0
-2.4061048,-3.9498904,-1.3046675,-0.53782338,-0.7931003,-0.28589845,0
-2.0506291,-1.5370088,3.9969349,-0.33659604,-0.40138164,0.8518194,0
0.96268141,-2.8188901,-1.8244175,0.81753898,-0.57344425,0.052840434,0
-0.55228448,3.2436056,0.11493696,-0.81753898,0.57344425,-0.052840434,0
1.5802097,3.4266651,2.8409073,0.44519216,0.68755424,0.57364911,0
3.6854489,1.1904999,3.9407339,0.81753898,-0.57344425,0.052840434,0
-1.3556696,2.3343356,-1.080045,-0.81753898,0.57344425,-0.052840434,0
-3.7572758,-2.0010455,-3.1423635,-0.42427605,-0.66182548,-0.61804295,0
2.9966114,0.56667101,4.0848951,0.81753898,-0.57344425,0.052840434,0
-1.5071551,1.8019655,-4.0322666,-0.81753898,0.57344425,-0.052840434,0
-2.6706474,-3.373616,-1.6918182,-0.52773511,-0.7827642,-0.32981211,0
-1.2306728,-4.0725603,-2.5379126,-0.45704889,-0.7019338,-0.54625595,0
-1.8668387,-4.1206961,1.6252482,-0.55843914,-0.76703709,0.31591117,0
-4.7609501,-2.6851978,-0.077946246,-0.57371199,-0.818977,-0.011459131,0
2.1583633,-1.5223598,-3.8508577,0.81753898,-0.57344425,0.052840434,0
-3.1110404,0.069625139,-2.1942134,-0.81753898,0.57344425,-0.052840434,0
3.927913,1.5266209,1.6471865,0.81753898,-0.57344425,0.052840434,0
3.6382334,1.1693958,3.358083,0.81753898,-0.57344425,0.052840434,0
0.89253223,3.1069384,-3.6790528,0.40033117,0.49997389,-0.76795918,0
0.81902266,-2.7516768,1.6952195,0.81753898,-0.57344425,0.052840434,0
-1.9688417,-1.3984704,-4.1885161,-0.22201538,-0.3985185,-0.8898834,0
-0.95870817,1.0284969,4.7194309,-0.027925871,0.052171368,0.99824786,0
1.90378,1.9825842,4.0280809,0.28218073,0.47889456,0.83128476,0
-2.1425753,1.2585196,0.84763789,-0.81753898,0.57344425,-0.052840434,0
2.4331768,-1.3430135,-2.5175884,0.81753898,-0.57344425,0.052840434,0
-2.1723647,-1.8627028,3.914948,-0.35393214,-0.42795885,0.83161515,0
-3.3031683,-0.027625322,2.1259687,-0.81753898,0.57344425,-0.052840434,0
4.8177595,2.457695,0.15023321,0.5749464,0.81798387,-0.018416412,0
-3.0805333,-2.2585289,-3.4366245,-0.3872219,-0.61531758,-0.68661767,0
0.18680286,-2.8305144,-4.023066,-0.25429732,-0.4418166,-0.86030889,0
-0.77009249,3.1398323,-1.7233108,-0.81753898,0.57344425,-0.052840434,0
2.8996959,-0.48052168,-1.6264595,0.81753898,-0.57344425,0.052840434,0
0.060573578,-4.2148113,-1.1138674,0.81753898,-0.57344425,0.052840434,0
-1.4365553,2.1304367,-1.2405312,-0.81753898,0.57344425,-0.052840434,0
0.46021938,2.166388,-4.4411159,0.26622543,0.2949895,-0.91766322,0
4.1186867,1.6947274,-1.357753,0.81753898,-0.57344425,0.052840434,0
4.5218735,2.1021795,-1.606813,0.54692936,0.7444492,-0.38296708,0
2.1449077,4.0277681,1.5185498,0.53174019,0.78692889,0.3130421,0
2.8760793,1.4572078,3.8485498,0.31045151,0.51615524,0.79825062,0
1.4105341,3.9174798,2.6978025,0.43659905,0.67703617,0.59245557,0
-0.11388159,3.573566,-3.4915435,-0.81753898,0.57344425,-0.052840434,0
0.45266652,3.0795639,3.8285837,0.29290518,0.49307036,0.81919992,0
1.9003789,4.2191696,0.51344323,0.5660069,0.81705463,0.10980849,0
0.47699356,-3.1314852,4.2474022,-0.32215157,-0.37935701,0.86735642,0
3.4918084,0.44577956,-3.7522049,0.81753898,-0.57344425,0.052840434,0
-2.5739036,0.047859192,-3.4939651,-0.81753898,0.57344425,-0.052840434,0
4.6564965,2.3438556,0.53995121,0.57012188,0.81889534,0.066118479,0
3.6849289,0.994223,2.074338,0.81753898,-0.57344425,0.052840434,0
1.5809681,4.4217029,-0.53011078,0.57554418,0.81052297,-0.10863428,0
0.32174683,3.7128673,3.4714456,0.35787007,0.57779539,0.73354059,0
-4.361928,-2.0075502,-1.3459866,-0.81753898,0.57344425,-0.052840434,0
-2.361563,-2.0001788,3.5806818,-0.386895,-0.47897452,0.78796953,0
-0.95618045,2.3809166,4.6345267,0.10923089,0.24450687,0.96347564,0
-3.7021217,-0.7570349,1.0061169,-0.81753898,0.57344425,-0.052840434,0
-3.7137423,-0.65024424,0.60504258,-0.81753898,0.57344425,-0.052840434,0
1.8478889,2.9754069,-3.512717,0.4400146,0.5628376,-0.69971508,0
-0.70423967,1.1488564,4.5248451,-0.0008867532,0.090503395,0.99589598,0
0.68112898,-2.9207785,3.3643486,0.81753898,-0.57344425,0.052840434,0
-3.5758271,-0.49995708,-0.79697025,-0.81753898,0.57344425,-0.052840434,0
-1.808549,1.8681078,-0.819143,-0.81753898,0.57344425,-0.052840434,0
2.8536131,0.17588663,4.5365825,0.81753898,-0.57344425,0.052840434,0
-2.0273395,0.27882123,4.7066107,-0.13124803,-0.096198134,0.98667127,0
-0.0060417652,-4.5588865,-2.02983,0.81753898,-0.57344425,0.052840434,0
-3.6202652,-0.60420918,3.2410438,-0.81753898,0.57344425,-0.052840434,0
3.3158522,0.31908202,1.1318474,0.81753898,-0.57344425,0.052840434,0
-1.936213,-2.8082628,3.2816377,-0.42791235,-0.54351801,0.72213554,0
0.8891468,-3.0432396,1.8409504,0.81753898,-0.57344425,0.052840434,0
-4.2885432,-2.0246823,-2.0385752,-0.81753898,0.57344425,-0.052840434,0
-2.6386857,-0.92667073,4.1937866,-0.33267203,-0.39538795,0.85615313,0
2.6786385,-0.79076791,-1.0999329,0.81753898,-0.57344425,0.052840434,0
0.84877777,5.1591768,0.27009153,0.56775987,0.81796867,0.092607491,0
-2.5201359,0.51798725,-0.16714418,-0.81753898,0.57344425,-0.052840434,0
-0.98695296,0.96646714,-4.7021627,0.074881807,0.01487953,-0.99708158,0
0.86364579,5.1088667,1.4004847,0.52612829,0.78107351,0.33632308,0
-1.9693072,1.4312449,-4.7670603,-0.81753898,0.57344425,-0.052840434,0
-1.8596762,1.3967891,-0.72046274,-0.81753898,0.57344425,-0.052840434,0
3.8922524,1.6736441,-2.7975144,0.48257709,0.6321305,-0.60624301,0
-0.16315508,-4.5199356,-1.9406961,0.81753898,-0.57344425,0.052840434,0
-3.4684641,-2.9340932,-1.7447484,-0.51684844,-0.77111447,-0.3718203,0
0.32003409,1.7225574,-4.5312295,0.24158207,0.25822264,-0.9353928,0
3.5464258,2.0731518,-3.0068421,0.48093641,0.62941194,-0.61036146,0
-1.863616,-1.4500756,-4.185792,-0.23344475,-0.41389167,-0.87988502,0
3.8731353,1.1403902,0.58122826,0.81753898,-0.57344425,0.052840434,0
-0.67328858,3.0027151,-1.6547557,-0.81753898,0.57344425,-0.052840434,0
0.061376095,4.3419304,-1.1330992,-0.81753898,0.57344425,-0.052840434,0
0.9455319,1.7911685,-4.179235,0.29820749,0.34306818,-0.89071715,0
3.9207721,1.368613,-1.5505718,0.81753898,-0.57344425,0.052840434,0
0.68002629,-3.5370715,2.1516416,0.81753898,-0.57344425,0.052840434,0
-2.8706841,0.37575841,-2.3873999,-0.81753898,0.57344425,-0.052840434,0
-3.7454405,-0.95354021,-2.9955792,-0.81753898,0.57344425,-0.052840434,0
-3.4159293,-3.502804,-0.66607726,-0.56625378,-0.81719255,-0.10748518,0
3.7949619,1.0619209,3.5200918,0.81753898,-0.57344425,0.052840434,0
1.1832795,-3.2213337,-3.0111275,0.81753898,-0.57344425,0.052840434,0
-3.8480194,-2.1319997,-2.8547628,-0.45462728,-0.69901013,-0.55199564,0
3.8944156,2.8457737,0.61345714,0.5642947,0.81602919,0.12517215,0
-0.36174604,0.99256361,-4.923955,0.095934995,0.04514477,-0.99436361,0
-0.99338388,-4.6983232,-1.0854304,-0.54850483,-0.8033511,-0.23188305,0
-0.20164979,1.425916,-4.5769963,0.17871687,0.16541858,-0.96989554,0
0.6277678,-3.6715407,-2.8232472,0.81753898,-0.57344425,0.052840434,0
-0.071084976,-4.2237039,3.5657976,-0.44400129,-0.56923407,0.69197965,0
-4.1651306,-2.4411707,1.6806822,-0.54089022,-0.7331422,0.41223836,0
-0.50413418,0.48728368,4.6581273,-0.021924146,0.060697202,0.99791569,0
1.4204443,3.690268,2.6821389,0.45288786,0.69690591,0.55607092,0
-2.6692088,-2.6714466,2.9030795,-0.4878298,-0.64086556,0.59271729,0
-4.6152453,-2.5439858,0.62724435,-0.57201773,-0.7980395,0.18954912,0
4.3855305,2.1305184,-0.042251408,0.81753898,-0.57344425,0.052840434,0
-2.860682,-0.72023231,4.1707411,-0.30035073,-0.34630573,0.88874203,0
-0.22053933,-2.9612768,4.1587148,-0.36063072,-0.43827274,0.82332432,0
2.9016423,0.33050275,3.5854709,0.81753898,-0.57344425,0.052840434,0
-0.16467309,-4.0203824,3.2665172,0.81753898,-0.57344425,0.052840434,0
3.2064342,0.76791298,3.6832738,0.81753898,-0.57344425,0.052840434,0
-1.2080925,3.0973947,3.9549482,-0.81753898,0.57344425,-0.052840434,0
-1.1036962,2.5871422,0.034229688,-0.81753898,0.57344425,-0.052840434,0
-2.5869596,0.46104598,-0.94471508,-0.81753898,0.57344425,-0.052840434,0
-0.34124947,3.7544856,0.58428228,-0.81753898,0.57344425,-0.052840434,0
-0.56045818,-4.2855973,2.6866083,-0.49385041,-0.65094024,0.57653171,0
3.9906151,2.4542682,-1.9625998,0.5351783,0.72268063,-0.43739817,0
-2.6927304,-0.81508601,-4.2643275,-0.20328495,-0.37322608,-0.90519488,0
-0.61272502,-3.261673,3.7025163,-0.41492555,-0.52293646,0.7445634,0
0.1517942,4.6254559,2.895622,0.42985287,0.66872692,0.6066556,0
2.8931689,-0.9625957,-4.4114347,0.81753898,-0.57344425,0.052840434,0
0.34759402,-3.958945,0.81579232,0.81753898,-0.57344425,0.052840434,0
-1.7615662,1.977622,2.9715214,-0.81753898,0.57344425,-0.052840434,0
-3.5130386,-2.8099484,-1.7160482,-0.52752936,-0.78254837,-0.33065242,0
1.1303829,-2.7789457,2.5753818,0.81753898,-0.57344425,0.052840434,0
-1.0347911,2.7132888,-2.1399772,-0.81753898,0.57344425,-0.052840434,0
2.6689069,1.3824679,4.2091713,0.28488466,0.48247322,0.82828772,0
-3.2551954,0.18474197,1.5479844,-0.81753898,0.57344425,-0.052840434,0
4.3393321,1.6977718,-0.26611525,0.81753898,-0.57344425,0.052840434,0
3.0098169,2.0896411,-3.0724924,0.44269007,0.56712848,-0.69454384,0
3.2000899,2.8984094,-1.9012253,0.53280199,0.71838331,-0.44726682,0
3.7942998,2.4688299,-2.1353967,0.51769078,0.69164842,-0.50360602,0
2.0370588,4.2783113,0.35672989,0.56796765,0.818066,0.09044861,0
3.2535138,-0.22257519,-2.4922125,0.81753898,-0.57344425,0.052840434,0
-3.3930995,-0.98841631,-2.0751867,-0.81753898,0.57344425,-0.052840434,0
1.4049355,-1.9622407,2.9705908,0.81753898,-0.57344425,0.052840434,0
0.34579253,-2.7114697,-4.2374892,-0.20542794,-0.37612599,-0.90350938,0
1.6309316,-1.8809383,3.282089,0.81753898,-0.57344425,0.052840434,0
4.3197188,1.99525,1.0846617,0.81753898,-0.57344425,0.052840434,0
0.35278344,-3.7051995,1.9237972,0.81753898,-0.57344425,0.052840434,0
3.7102506,1.164363,-3.7080474,0.39685264,0.49452496,-0.77327454,0
2.2772727,-0.66209841,2.9794683,0.81753898,-0.57344425,0.052840434,0
0.84547269,-3.067714,3.1925797,0.81753898,-0.57344425,0.052840434,0
-3.8373821,-1.711266,-3.071373,-0.4321413,-0.67155057,-0.60189199,0
-1.4055672,-4.611557,-0.64361405,-0.56539643,-0.81670231,-0.11543106,0
-3.7981987,-1.0196788,-2.5319254,-0.81753898,0.57344425,-0.052840434,0
4.6059451,1.9999528,-0.73098648,0.81753898,-0.57344425,0.052840434,0
-1.0642188,-3.4482892,-3.3835936,-0.38441432,-0.61175239,-0.69136447,0
3.2367048,0.1925981,-0.56162137,0.81753898,-0.57344425,0.052840434,0
-0.1430707,-4.5806708,2.5443251,0.81753898,-0.57344425,0.052840434,0
-0.44136786,-5.0916576,0.13805032,0.81753898,-0.57344425,0.052840434,0
1.9503305,3.2325373,3.0414112,0.42603907,0.66401035,0.61447644,0
-0.39903635,-0.4969154,4.7460465,-0.10797303,-0.062507533,0.99218702,0
0.51202381,1.6933255,4.5099707,0.15443294,0.30671206,0.93919039,0
0.90371215,-2.6593945,3.1997011,0.81753898,-0.57344425,0.052840434,0
-0.14151478,4.1108294,-2.1724656,-0.81753898,0.57344425,-0.052840434,0
1.9954927,4.1554141,-1.9766572,0.54654014,0.74371153,-0.38495082,0
3.9333501,0.98037016,-2.9426513,0.81753898,-0.57344425,0.052840434,0
2.9375887,-0.42635608,-2.8175228,0.81753898,-0.57344425,0.052840434,0
-1.4306457,-4.2094064,-1.8333015,-0.50989878,-0.76346952,-0.39638078,0
1.1669354,1.742249,4.4708552,0.19743255,0.36529887,0.90971297,0
-2.4481792,1.0742428,-1.4621506,-0.81753898,0.57344425,-0.052840434,0
4.1494246,1.5601668,0.83704352,0.81753898,-0.57344425,0.052840434,0
2.613605,-0.019985676,3.2457352,0.81753898,-0.57344425,0.052840434,0
-1.1229416,2.0520725,4.3349175,0.1025219,0.23522255,0.96651953,0
4.3523316,2.6083088,1.6984047,0.5213449,0.77597892,0.35504434,0
-0.36703348,-4.5928812,0.054405883,0.81753898,-0.57344425,0.052840434,0
2.2089863,2.7265749,-3.1032298,0.46657789,0.60580069,-0.64444613,0
-3.5256047,-1.7577288,-3.460649,-0.38256428,-0.60940015,-0.69446111,0
-2.6313958,0.27864122,-2.8278234,-0.81753898,0.57344425,-0.052840434,0
2.8310437,3.6188045,0.059800178,0.57408941,0.81878501,0.0035360083,0
-0.041728973,-2.7103262,-3.9152682,-0.23671719,-0.4182846,-0.87692839,0
2.559258,-0.50644112,1.7728422,0.81753898,-0.57344425,0.052840434,0
2.8574944,-0.87771487,-2.900161,0.81753898,-0.57344425,0.052840434,0
-0.1152029,-4.2560511,1.9573317,0.81753898,-0.57344425,0.052840434,0
0.0042243004,1.6204829,4.3959045,0.096145064,0.22638576,0.96928114,0
2.3783796,0.46565235,4.736937,0.15855679,0.3123562,0.93663961,0
0.67953491,-3.2459044,1.4955094,0.81753898,-0.57344425,0.052840434,0
0.48505783,5.0251207,1.6897154,0.51925933,0.77373135,0.36291841,0
-1.7836337,2.1373222,3.0273025,-0.81753898,0.57344425,-0.052840434,0
0.32748699,5.0027852,1.1607957,-0.81753898,0.57344425,-0.052840434,0
1.7618053,-1.872422,-3.9088693,0.81753898,-0.57344425,0.052840434,0
-0.7836628,-5.3876696,-0.1546393,0.81753898,-0.57344425,0.052840434,0
-1.7722757,1.8951766,-2.0325341,-0.81753898,0.57344425,-0.052840434,0
-2.1606205,1.347894,-0.45647451,-0.81753898,0.57344425,-0.052840434,0
0.96129584,-2.7192061,0.46689436,0.81753898,-0.57344425,0.052840434,0
3.5124538,0.32422113,-2.8441963,0.81753898,-0.57344425,0.052840434,0
-3.942364,-2.1038783,-2.756892,-0.46311045,-0.70921963,-0.53154159,0
2.5855279,-0.23828459,3.0579443,0.81753898,-0.57344425,0.052840434,0
1.5875787,-2.0535843,2.2148285,0.81753898,-0.57344425,0.052840434,0
-0.089354038,-4.6151695,1.4288253,0.81753898,-0.57344425,0.052840434,0
1.3987422,-2.4545205,-2.9278023,0.81753898,-0.57344425,0.052840434,0
1.6567323,-1.0275508,-4.4698896,0.056360956,-0.011641221,-0.99834281,0
0.4471097,4.4158177,-2.6341217,-0.81753898,0.57344425,-0.052840434,0
0.1675823,0.013982907,-4.8155875,0.073698714,0.013182519,-0.99719363,0
0.53280497,4.613203,-2.6016214,0.52149308,0.6982916,-0.49034065,0
0.81403649,-2.8497634,1.5028087,0.81753898,-0.57344425,0.052840434,0
-1.8517345,-2.8381672,3.3502016,-0.43395674,-0.55314928,0.71113133,0
-2.8224449,0.83456469,3.0283484,-0.81753898,0.57344425,-0.052840434,0
2.9437389,3.5632296,-0.98437011,0.56938398,0.79118007,-0.22324005,0
4.3371716,1.6053474,-2.6734719,0.4937174,0.6507169,-0.57689762,0
-3.2100544,-0.63978601,-2.6995509,-0.81753898,0.57344425,-0.052840434,0
-2.3596694,1.0399272,-0.081575185,-0.81753898,0.57344425,-0.052840434,0
-3.7550633,-1.1181266,-1.1889406,-0.81753898,0.57344425,-0.052840434,0
3.5385313,0.60788703,-1.0151131,0.81753898,-0.57344425,0.052840434,0
3.744293,0.74960744,0.95324665,0.81753898,-0.57344425,0.052840434,0
2.8813596,0.053370476,1.3573368,0.81753898,-0.57344425,0.052840434,0
-1.3944741,2.320266,-2.1074913,-0.81753898,0.57344425,-0.052840434,0
-2.9199419,0.40587878,4.0356026,-0.81753898,0.57344425,-0.052840434,0
0.19794314,-0.74418718,4.8501978,-0.08357539,-0.027361713,0.99612606,0
2.5755014,-0.67013836,2.9461784,0.81753898,-0.57344425,0.052840434,0
2.6522079,-0.60511541,-2.1788583,0.81753898,-0.57344425,0.052840434,0
0.34421206,-4.0271893,-0.015240392,0.81753898,-0.57344425,0.052840434,0
-2.1161859,0.60565901,-4.6660476,-0.019925028,-0.1198694,-0.99259001,0
0.0011696815,-4.3312807,2.1513326,0.81753898,-0.57344425,0.052840434,0
-3.1388659,-3.4257455,0.46075672,-0.57552969,-0.81043464,0.10936823,0
-1.2938514,2.9140007,3.1765511,-0.81753898,0.57344425,-0.052840434,0
-2.4499691,-1.5441313,3.7422879,-0.36843169,-0.45031714,0.81330985,0
-0.075003147,3.6832941,-3.744055,0.38168418,0.47086433,-0.79536426,0
1.7412379,3.3080039,3.0346065,0.41260889,0.64729875,0.64090437,0
2.914968,3.6198499,-1.345871,0.56216317,0.7748059,-0.28922045,0
3.9886544,0.96961689,-3.2082512,0.81753898,-0.57344425,0.052840434,0
-0.96998549,-5.040473,0.63185471,-0.57579285,-0.812442,0.091655105,0
0.61240005,5.2102547,1.3294567,-0.81753898,0.57344425,-0.052840434,0
0.30499625,4.5348988,-3.0176113,0.47736609,0.62351131,-0.61915708,0
3.4787502,0.47216022,-3.4190173,0.81753898,-0.57344425,0.052840434,0
4.18817,2.2856064,2.479142,0.47635332,0.72496361,0.49750927,0
-1.1016927,-3.7803745,2.6940413,-0.49385998,-0.65095627,0.57650542,0
-0.27417564,3.5998037,-3.6257477,-0.81753898,0.57344425,-0.052840434,0
1.7145355,-2.2008431,-1.3843081,0.81753898,-0.57344425,0.052840434,0
2.7182431,-0.3424983,1.9459486,0.81753898,-0.57344425,0.052840434,0
2.5539973,-0.8400104,-1.0318108,0.81753898,-0.57344425,0.052840434,0
-0.93492806,2.7191126,0.24498311,-0.81753898,0.57344425,-0.052840434,0
0.68045485,-3.0459332,4.426054,-0.30773228,-0.35747194,0.88176811,0
1.5571344,4.7724533,-1.2751943,0.57015216,0.79310048,-0.2142849,0
-3.5833974,-1.6712929,-3.3348477,-0.37308341,-0.5973109,-0.70994985,0
0.72033215,-3.2359354,-4.294589,-0.22440565,-0.40173745,-0.88783419,0
-1.3680191,2.833318,1.3635423,-0.81753898,0.57344425,-0.052840434,0
2.1975999,-1.4812284,0.37697327,0.81753898,-0.57344425,0.052840434,0
-1.2564923,2.6873076,3.1780431,-0.81753898,0.57344425,-0.052840434,0
1.3532689,3.1146932,-3.5108495,0.43786049,0.55938828,-0.70382053,0
3.3170028,0.47391272,3.3648639,0.81753898,-0.57344425,0.052840434,0
-0.63863325,-4.5824633,-2.5337758,-0.46393546,-0.71020764,-0.52949911,0
3.2167683,0.48463845,3.7471781,0.81753898,-0.57344425,0.052840434,0
1.2349746,-2.5865054,-1.1505144,0.81753898,-0.57344425,0.052840434,0
-4.1601105,-1.0870428,2.2426641,-0.81753898,0.57344425,-0.052840434,0
1.5842526,-2.3387022,0.73964119,0.81753898,-0.57344425,0.052840434,0
-2.1756821,-3.869266,-1.9932199,-0.49172777,-0.74289328,-0.45421749,0
-1.5342038,0.53576994,4.8530855,-0.074780144,-0.014733672,0.99709147,0
2.4960279,-0.70664191,-4.7049117,0.15238309,0.12693179,-0.98013687,0
4.0411425,1.0377059,-1.2443351,0.81753898,-0.57344425,0.052840434,0
-0.86985755,-5.1441011,0.35468495,-0.575405,-0.817128,0.034801461,0
2.2520771,-1.5464821,-1.9668767,0.81753898,-0.57344425,0.052840434,0
1.7529155,3.4814692,-3.0512197,0.48729515,0.639974,-0.5941186,0
0.29123402,-3.7245536,4.0430427,-0.38238269,-0.47195044,0.79438454,0
4.7552605,2.3952537,-0.28483891,0.81753898,-0.57344425,0.052840434,0
2.0196974,-1.0454645,4.4462295,0.81753898,-0.57344425,0.052840434,0
-3.5364559,-1.9945061,-3.1044843,-0.42615542,-0.66415441,-0.61423999,0
1.2734122,3.2468066,3.1814039,0.36976159,0.59306157,0.71523046,0
2.2975538,-0.95422912,2.9869885,0.81753898,-0.57344425,0.052840434,0
-1.5781934,2.0892539,1.8083718,-0.81753898,0.57344425,-0.052840434,0
-0.50719428,-3.8419662,-3.3246925,-0.38984516,-0.61864394,-0.68212956,0
3.3985991,2.4752986,2.7363663,0.44569308,0.68816489,0.57252693,0
-3.7647142,-0.88321102,-1.0825574,-0.81753898,0.57344425,-0.052840434,0
-1.4693503,-1.4333434,4.2362151,-0.26487458,-0.29296803,0.91870111,0
-2.4751644,0.76754451,1.6162586,-0.81753898,0.57344425,-0.052840434,0
0.20903206,2.0031617,4.3916574,0.19383645,0.36042213,0.91242737,0
-3.472352,-0.68526924,-0.051047996,-0.81753898,0.57344425,-0.052840434,0
1.4391587,3.2769237,-2.8699665,0.47312212,0.61652368,-0.62932843,0
2.9971387,-0.52918291,-4.5005002,0.81753898,-0.57344425,0.052840434,0
-0.019470692,-4.084301,0.11465725,0.81753898,-0.57344425,0.052840434,0
-3.6868649,-1.3689225,3.5837657,-0.41185281,-0.51808774,0.74964166,0
0.98798275,4.9401555,-1.7834836,0.5581466,0.76643938,-0.31787285,0
-1.2694381,-1.6148866,-4.1711955,-0.22750023,-0.40590176,-0.88514841,0
1.2461848,-0.72902918,-4.6206336,0.066034064,0.0021980107,-0.99781519,0
-3.6910868,-2.5460219,2.197154,-0.51679504,-0.69009054,0.50665379,0
3.4858537,3.2506523,0.44161543,0.56547379,0.8167479,0.11472737,0
0.75352794,-1.2261053,-4.6219325,-0.027649209,-0.13073787,-0.99103159,0
-1.435957,1.8361176,4.5261006,0.014916047,0.11281253,0.99350464,0
1.5102556,4.2292166,1.5580853,0.5241819,0.77901113,0.3440569,0
-3.1892931,-0.32715034,-1.016279,-0.81753898,0.57344425,-0.052840434,0
-1.3515699,0.39383292,4.5029349,-0.10499348,-0.05820613,0.99276835,0
3.6863124,0.83157849,3.0239978,0.81753898,-0.57344425,0.052840434,0
2.8312259,1.481396,-3.8410873,0.37141258,0.45492914,-0.80937791,0
-1.640915,1.6128399,-2.091558,-0.81753898,0.57344425,-0.052840434,0
3.7207642,0.58645368,-3.8051791,0.34817794,0.4191193,-0.83851743,0
2.5647435,3.8394957,1.1382077,0.54048824,0.7957359,0.27327082,0
-3.5728559,-3.3889048,0.39092892,-0.57533467,-0.80936104,0.11800371,0
-4.5947218,-1.8013723,1.6935897,-0.81753898,0.57344425,-0.052840434,0
-1.2568119,2.1233633,-3.9958513,-0.81753898,0.57344425,-0.052840434,0
-1.8473177,2.0790608,2.6176994,-0.81753898,0.57344425,-0.052840434,0
0.77948368,-2.9203503,2.5749257,0.81753898,-0.57344425,0.052840434,0
-4.5257444,-2.5015111,-0.7685889,-0.56520426,-0.81658822,-0.11716599,0
1.631846,4.3157382,1.570272,0.52146399,0.77610677,0.35458937,0
-0.43163085,3.4059048,-1.4117963,-0.81753898,0.57344425,-0.052840434,0
0.23335409,5.0088625,1.5732859,-0.81753898,0.57344425,-0.052840434,0
-3.8758485,-1.6989951,-2.7348242,-0.81753898,0.57344425,-0.052840434,0
-3.8551826,-2.5332751,1.7268336,-0.54593623,-0.74256963,0.38800034,0
-0.85219264,-4.2488241,-2.736428,-0.45062992,-0.6941691,-0.56130403,0
-1.33002,2.6089828,0.069868669,-0.81753898,0.57344425,-0.052840434,0
2.1049247,-1.1963041,2.9877944,0.81753898,-0.57344425,0.052840434,0
-3.2300107,-3.3747742,-0.38255924,-0.5721091,-0.81924295,-0.039144654,0
1.3390466,2.6546435,3.9040544,0.32023698,0.52896816,0.78590155,0
-1.938488,-3.0341389,-2.9681971,-0.42118889,-0.65799302,-0.62421572,0
2.6120398,0.043660641,4.0948286,0.81753898,-0.57344425,0.052840434,0
-1.9973421,-2.0698519,3.9244285,-0.38665611,-0.47860235,0.78831279,0
1.5409498,-1.8402274,1.8131233,0.81753898,-0.57344425,0.052840434,0
-1.8093126,-4.3436875,-1.5511785,-0.52488089,-0.77975345,-0.34129855,0
1.7472473,3.4116352,-3.1202455,0.47442561,0.61866695,-0.62623632,0
1.6463304,-1.7740035,0.53161442,0.81753898,-0.57344425,0.052840434,0
0.30745602,4.8012838,2.488852,0.45132568,0.69501299,0.55969828,0
2.7110369,0.12197185,4.5976415,0.16614932,0.32273403,0.93179268,0
3.8738205,0.84992969,-1.3691303,0.81753898,-0.57344425,0.052840434,0
3.473619,0.32500911,0.19790906,0.81753898,-0.57344425,0.052840434,0
-2.6275086,0.63882351,0.82019889,-0.81753898,0.57344425,-0.052840434,0
2.740799,-0.38363743,-0.60336441,0.81753898,-0.57344425,0.052840434,0
2.1487141,4.3498464,0.58801556,0.55829656,0.81173933,0.17141855,0
-0.9059701,3.0413191,4.1025095,0.18561366,0.34925508,0.91846019,0
-1.5130739,2.2456005,4.2208605,-0.81753898,0.57344425,-0.052840434,0
-0.66948748,-3.4312654,-3.2241642,-0.36315501,-0.58459055,-0.72551548,0
3.8502717,3.2487636,0.66119409,0.56758368,0.81788421,0.094415635,0
-1.1346101,2.6026077,0.53829843,-0.81753898,0.57344425,-0.052840434,0
0.25613093,4.7414913,1.6817021,-0.81753898,0.57344425,-0.052840434,0
-3.5813046,-0.81352556,0.80089664,-0.81753898,0.57344425,-0.052840434,0
3.8899627,2.3284917,-1.9402952,0.54042447,0.73228157,-0.41437331,0
2.7848563,3.1043181,2.4243593,0.47721747,0.72598195,0.49519089,0
4.0631685,1.3469489,-2.4022317,0.81753898,-0.57344425,0.052840434,0
-0.39405036,3.3847544,-3.1421609,-0.81753898,0.57344425,-0.052840434,0
3.218926,0.27481413,-1.4289968,0.81753898,-0.57344425,0.052840434,0
0.41105509,-3.580744,-1.6555489,0.81753898,-0.57344425,0.052840434,0
3.371634,2.4385417,-2.3930545,0.51067781,0.67951781,-0.52674848,0
2.0671299,-1.6231065,-2.5835624,0.81753898,-0.57344425,0.052840434,0
-2.7752988,0.39840913,-1.091357,-0.81753898,0.57344425,-0.052840434,0
-4.2420578,-1.5695789,-0.90009081,-0.81753898,0.57344425,-0.052840434,0
1.4122381,-2.6956458,-3.2688413,0.81753898,-0.57344425,0.052840434,0
-0.4153924,-4.7724724,-0.077338241,0.81753898,-0.57344425,0.052840434,0
-0.17226982,-4.0984988,2.9503615,0.81753898,-0.57344425,0.052840434,0
-1.2395899,1.1462959,4.8215666,-0.03748554,0.038570594,0.99855274,0
0.40664506,-3.082757,-4.0807266,-0.26134059,-0.45121148,-0.85329336,0
-1.85701,1.4801335,-0.057818003,-0.81753898,0.57344425,-0.052840434,0
2.2673483,-1.0754998,-2.3457363,0.81753898,-0.57344425,0.052840434,0
-1.4913149,-4.3964186,2.0394063,-0.54663265,-0.74388665,0.38448086,0
3.0778594,-0.17262483,0.52930754,0.81753898,-0.57344425,0.052840434,0
2.9130809,3.5489218,-1.5284945,0.55135983,0.75294995,-0.35926172,0
-1.2647948,3.0887203,3.59128,-0.81753898,0.57344425,-0.052840434,0
-4.0000477,-1.4291683,-2.4875627,-0.81753898,0.57344425,-0.052840434,0
1.8058319,-1.7428613,2.5117459,0.81753898,-0.57344425,0.052840434,0
-0.68001461,-4.3727055,-2.5799339,-0.44163254,-0.68320656,-0.58154082,0
-2.191366,0.87635517,-1.6761093,-0.81753898,0.57344425,-0.052840434,0
-0.24175268,-1.2555314,4.6433849,-0.18071659,-0.16835022,0.96902019,0
2.0002055,-1.9015069,-0.67701948,0.81753898,-0.57344425,0.052840434,0
-3.1200333,-3.5548034,-0.041413814,-0.57341754,-0.81908345,-0.01717044,0
2.6849957,3.3435028,-2.1801867,0.52815759,0.71006542,-0.46567899,0
-2.7146239,-0.19011045,-4.5958147,-0.81753898,0.57344425,-0.052840434,0
-3.2639437,-0.60733914,-1.8636096,-0.81753898,0.57344425,-0.052840434,0
-0.76685143,3.5085363,2.2722051,-0.81753898,0.57344425,-0.052840434,0
-3.0283711,-1.1024969,-4.0535326,-0.29311514,-0.49334747,-0.81895792,0
0.2348783,-4.06036,0.05343008,0.81753898,-0.57344425,0.052840434,0
-1.3487055,2.5586483,1.1874883,-0.81753898,0.57344425,-0.052840434,0
2.2267528,3.17905,2.9167862,0.41979951,0.65626556,0.62696415,0
-2.1317601,1.6539114,3.0809648,-0.81753898,0.57344425,-0.052840434,0
2.0346334,1.9121755,-3.9844112,0.37237173,0.45641428,-0.80810004,0
4.1610069,2.764998,-0.87644601,0.56999379,0.79270017,-0.21617946,0
-2.313884,1.3080473,-0.054911539,-0.81753898,0.57344425,-0.052840434,0
0.12905264,4.9189997,0.44807026,-0.81753898,0.57344425,-0.052840434,0
-4.2224932,-1.2799569,2.437413,-0.81753898,0.57344425,-0.052840434,0
1.2825516,-2.9942038,-2.1926851,0.81753898,-0.57344425,0.052840434,0
-4.2499685,-1.7477396,-0.52451158,-0.81753898,0.57344425,-0.052840434,0
-3.5234783,-0.43527114,3.7013264,-0.81753898,0.57344425,-0.052840434,0
-0.96226621,3.2267208,1.6884744,-0.81753898,0.57344425,-0.052840434,0
1.0314547,-2.5061803,1.7863522,0.81753898,-0.57344425,0.052840434,0
3.7052007,3.0354764,1.7069154,0.52931792,0.78441888,0.32327971,0
4.1661587,1.0933613,-2.2839952,0.81753898,-0.57344425,0.052840434,0
-1.0976602,2.8356783,-2.5055046,-0.81753898,0.57344425,-0.052840434,0
2.2943075,-1.1550124,-3.7245426,0.81753898,-0.57344425,0.052840434,0
-4.0455852,-2.8060989,-1.1951442,-0.54290694,-0.7980867,-0.26136139,0
0.33561295,-0.74709368,4.9576335,-0.074548975,-0.014402069,0.9971137,0
4.2553296,1.3080879,-1.0728674,0.81753898,-0.57344425,0.052840434,0
3.4990623,1.4429693,3.8500981,0.32977369,0.54141098,0.77338469,0
1.298421,-0.78510237,-4.856739,0.046755999,-0.025356963,-0.99858475,0
3.7441764,0.42921472,-3.6587007,0.81753898,-0.57344425,0.052840434,0
2.0514944,2.056365,3.8833532,0.29946852,0.50172156,0.8115384,0
3.7839944,0.89197159,1.704025,0.81753898,-0.57344425,0.052840434,0
2.6005754,2.6244864,2.9933279,0.42619976,0.66420931,0.61414975,0
1.3608943,-2.7433887,-0.52879381,0.81753898,-0.57344425,0.052840434,0
-0.40369296,3.7078366,-3.0142319,-0.81753898,0.57344425,-0.052840434,0
3.7230182,3.3508682,0.72309023,0.56611282,0.81711406,0.10881598,0
-1.2622813,2.6197674,2.5748136,-0.81753898,0.57344425,-0.052840434,0
-2.8876667,0.59113073,3.7378654,-0.81753898,0.57344425,-0.052840434,0
0.26243871,0.93990374,-4.5568895,0.14764354,0.12002789,-0.9817307,0
3.20281,2.6641045,-2.3388267,0.52044141,0.69644922,-0.49406421,0
-2.1206136,-4.3030806,0.89750683,-0.57120335,-0.79582655,0.20096508,0
-1.8184791,1.9939845,1.082592,-0.81753898,0.57344425,-0.052840434,0
-0.15792859,-1.5883555,-4.4340987,-0.14646015,-0.29578501,-0.94396037,0
-2.5066211,1.209897,1.159566,-0.81753898,0.57344425,-0.052840434,0
-1.593389,2.6620932,4.2957726,-0.81753898,0.57344425,-0.052840434,0
-1.4072956,-2.7242904,-3.445822,-0.34261477,-0.55809242,-0.75574362,0
-3.2796464,-1.1959372,3.7301421,-0.37473428,-0.46007499,0.80492592,0
-0.11935854,-4.4289207,3.3221657,-0.46943927,-0.61048168,0.63791776,0
-3.7146485,-3.0948215,0.14686328,-0.57579231,-0.81551522,0.058294863,0
3.5270882,2.1878104,3.3124239,0.41203153,0.64657688,0.64200377,0
4.0058823,2.4912608,2.0392528,0.50350523,0.75631821,0.4176904,0
-0.56041455,-4.8155527,-2.2904751,-0.48669124,-0.73706561,-0.4688988,0
3.6608696,0.84976637,-1.9220943,0.81753898,-0.57344425,0.052840434,0
-0.69198465,-4.9466476,0.88392591,0.81753898,-0.57344425,0.052840434,0
-4.6138496,-1.9794559,0.54264355,-0.81753898,0.57344425,-0.052840434,0
1.6048887,2.0279365,-3.9212484,0.34616932,0.41603792,-0.84088027,0
2.3429627,2.2448728,3.3717308,0.36266029,0.58395517,0.72627413,0
1.339329,1.5636201,-4.1923966,0.30511546,0.35351059,-0.88427109,0
1.9629962,-1.2012454,-4.7426167,0.06312599,-0.0019653002,-0.99800384,0
-4.7084064,-2.2539554,0.99672019,-0.81753898,0.57344425,-0.052840434,0
-2.5033689,1.2865851,2.3841038,-0.81753898,0.57344425,-0.052840434,0
4.3713369,1.9726712,-1.9049668,0.52806884,0.70990747,-0.46602005,0
2.5786505,-0.60856724,3.8837879,0.81753898,-0.57344425,0.052840434,0
-3.9588213,-1.2642252,0.7346729,-0.81753898,0.57344425,-0.052840434,0
-0.20472455,4.1527224,-1.237991,-0.81753898,0.57344425,-0.052840434,0
-1.7325344,-1.3072813,-4.3272643,-0.20171082,-0.371095,-0.90642238,0
-1.184701,2.1399333,-2.509274,-0.81753898,0.57344425,-0.052840434,0
-2.5118327,-3.7821729,-1.8466375,-0.50668156,-0.75988412,-0.40724692,0
1.8777633,-1.4523568,3.3053985,0.81753898,-0.57344425,0.052840434,0
1.8172964,-1.1029911,-4.6410027,0.038946509,-0.036489781,-0.99857509,0
-2.4153485,-3.1348844,-2.4539263,-0.48017499,-0.72945827,-0.487158,0
2.9308174,0.25470042,1.667076,0.81753898,-0.57344425,0.052840434,0
1.7772591,4.4105577,-0.82895041,0.57283062,0.80036885,-0.17684707,0
-1.8259656,1.2851002,-4.6856298,0.035949327,-0.040757921,-0.9985224,0
3.5123689,1.5585756,3.5352404,0.37564805,0.60058671,0.70582187,0
-3.971633,-2.8077514,-1.3765721,-0.54878479,-0.80360699,-0.23032838,0
-2.1482892,-3.3539994,-2.8334603,-0.45251289,-0.69645178,-0.55694449,0
-3.8754208,-1.4811294,-1.6937704,-0.81753898,0.57344425,-0.052840434,0
-0.13043857,4.224431,0.81299806,-0.81753898,0.57344425,-0.052840434,0
-0.54638004,-4.2594147,-2.638509,-0.45246279,-0.69639117,-0.55706108,0
-1.7501607,-0.43976668,4.4637465,-0.18711789,-0.17774326,0.96612346,0
-3.1173849,-3.70597,-1.0267217,-0.54840976,-0.80326408,-0.23240845,0
-3.3601651,-3.2694731,-1.8626444,-0.5238896,-0.77870005,-0.34520423,0
-2.7502832,0.56763124,1.1258668,-0.81753898,0.57344425,-0.052840434,0
3.6468406,2.8935609,-1.5998447,0.5527125,0.75558788,-0.35156226,0
-2.0460913,1.241045,0.45458204,-0.81753898,0.57344425,-0.052840434,0
4.9423661,2.4076333,0.56794906,0.81753898,-0.57344425,0.052840434,0
1.2442617,-2.7717993,0.10739793,0.81753898,-0.57344425,0.052840434,0
1.3374345,0.63568163,-4.3708782,0.21728113,0.22218689,-0.95048529,0
-0.37102354,-1.5563407,4.6787267,-0.20394291,-0.20249599,0.95781165,0
0.65718269,3.2389913,3.7012432,0.31532806,0.52254617,0.79215783,0
-0.38980019,0.52028501,4.7253442,-0.02112563,0.061830789,0.99786329,0
-3.1693854,-0.24081516,-1.985433,-0.81753898,0.57344425,-0.052840434,0
-0.76353097,-5.2155275,0.74171317,-0.57341355,-0.80214083,0.1666345,0
3.0244746,0.8499819,4.1393261,0.25391084,0.44130057,0.86068779,0
-4.2069182,-1.4343162,1.1509361,-0.81753898,0.57344425,-0.052840434,0
-0.31092948,0.59601206,4.6574798,0.0062908381,0.10064471,0.99490267,0
3.9358263,1.5415044,2.7852824,0.81753898,-0.57344425,0.052840434,0
-0.45784664,3.889782,-1.187742,-0.81753898,0.57344425,-0.052840434,0
2.9293571,-0.35878277,-2.0795329,0.81753898,-0.57344425,0.052840434,0
0.76281238,5.1192203,-0.17673984,-0.81753898,0.57344425,-0.052840434,0
0.23967505,-3.5113008,2.2662938,0.81753898,-0.57344425,0.052840434,0
3.0350432,-0.41397119,-2.8041151,0.81753898,-0.57344425,0.052840434,0
1.8085538,0.55066067,4.5728211,0.16333947,0.31889552,0.93360931,0
3.6897774,1.1542196,2.9832652,0.81753898,-0.57344425,0.052840434,0
-2.7079914,-0.70303917,-4.1959848,-0.22198269,-0.39847451,-0.88991135,0
1.1071194,-2.8634088,-1.2389021,0.81753898,-0.57344425,0.052840434,0
-1.8863106,1.8460922,3.1485274,-0.81753898,0.57344425,-0.052840434,0
0.63139677,-3.2407405,2.7562649,0.81753898,-0.57344425,0.052840434,0
2.806921,-0.72600174,-3.7269456,0.81753898,-0.57344425,0.052840434,0
4.1842508,1.4876235,0.85310602,0.81753898,-0.57344425,0.052840434,0
-1.4005969,-4.6982794,1.5055941,-0.56142986,-0.7732504,0.29475495,0
-1.2712418,2.5187974,-0.92547035,-0.81753898,0.57344425,-0.052840434,0
-3.9780431,-1.6652508,2.9316843,-0.4549579,-0.58690345,0.66974461,0
-3.3392043,-3.3926935,-1.2627077,-0.54507756,-0.80015928,-0.25027126,0
-0.594805,-4.9016933,1.4534343,0.81753898,-0.57344425,0.052840434,0
1.9290875,-0.28651357,4.7088623,0.076797321,0.19950294,0.97688353,0
-0.73589587,-4.8211775,2.4966128,-0.52424264,-0.7031278,0.48039687,0
-3.6643875,-1.2149216,-1.5331571,-0.81753898,0.57344425,-0.052840434,0
3.8772533,2.377955,2.0085812,0.50012636,0.75249791,0.42850995,0
3.1634302,3.7768857,-0.12098971,0.5740056,0.81883389,0.0053638183,0
3.2016268,0.037924528,0.88528299,0.81753898,-0.57344425,0.052840434,0
0.77173615,-2.6551576,3.7012067,0.81753898,-0.57344425,0.052840434,0
0.62265015,4.6656885,2.5799778,0.46226579,0.70820713,0.53362256,0
0.83189321,4.1294498,-2.4252212,0.51204515,0.68187141,-0.52236134,0
-3.7350016,-3.0187573,-0.56094337,-0.5630697,-0.8152312,-0.13546441,0
-1.9281174,1.882679,-0.11931982,-0.81753898,0.57344425,-0.052840434,0
4.2690063,2.8378425,0.94081861,0.55461693,0.80874044,0.19580393,0
1.6479315,-2.5488691,-4.4450274,0.81753898,-0.57344425,0.052840434,0
-2.2101359,-3.0892172,2.9909682,-0.48266217,-0.63227165,0.60602808,0
-1.3246603,-4.196785,-1.8941711,-0.4934327,-0.74485481,-0.44912747,0
2.9620519,0.54440475,3.9770749,0.81753898,-0.57344425,0.052840434,0
2.9402654,-0.50031614,-3.347563,0.81753898,-0.57344425,0.052840434,0
1.2327516,4.809711,0.67648995,0.5644089,0.81610101,0.12418522,0
-3.7405434,-1.0918616,1.0917314,-0.81753898,0.57344425,-0.052840434,0
1.2374971,-2.3490624,2.3459251,0.81753898,-0.57344425,0.052840434,0
0.60675454,-3.278707,1.05064,0.81753898,-0.57344425,0.052840434,0
-0.87272441,-1.3805541,4.4635835,-0.23136261,-0.24304242,0.94202036,0
0.62369263,-3.1843286,3.6741312,0.81753898,-0.57344425,0.052840434,0
0.63657665,-3.5405514,-2.7734537,0.81753898,-0.57344425,0.052840434,0
4.1804962,1.841849,-0.64990532,0.81753898,-0.57344425,0.052840434,0
-2.7859943,-0.0103724,4.5092206,-0.21441963,-0.21795736,0.95211297,0
1.5633759,2.9087157,-3.7279396,0.41632503,0.52514732,-0.74222225,0
-1.6031222,-4.4777994,0.9353683,-0.57413948,-0.80452394,0.15200384,0
-1.0604842,3.0925624,1.5450664,-0.81753898,0.57344425,-0.052840434,0
0.53954053,4.5370007,-2.3908737,0.52105999,0.69753247,-0.49187922,0
3.532661,0.22416973,-1.6521939,0.81753898,-0.57344425,0.052840434,0
2.1657932,-1.50316,-2.1109152,0.81753898,-0.57344425,0.052840434,0
1.0938629,-2.6455643,-1.9072605,0.81753898,-0.57344425,0.052840434,0
-3.3981624,-2.4287107,-2.6224849,-0.46204808,-0.70794606,-0.53415745,0
2.1453512,-1.6754024,-0.91274381,0.81753898,-0.57344425,0.052840434,0
-1.236812,-0.61605024,-4.7011933,-0.11391762,-0.25098485,-0.96126473,0
2.6220274,0.78172767,4.1783981,0.23176855,0.41163999,0.88138318,0
1.471864,-1.7330302,-4.644206,-0.030638546,-0.13493964,-0.99038035,0
-2.8870945,0.20287347,-3.0415101,-0.81753898,0.57344425,-0.052840434,0
2.0574615,-1.5944829,0.20625922,0.81753898,-0.57344425,0.052840434,0
-0.56198168,3.694392,-1.9968288,-0.81753898,0.57344425,-0.052840434,0
-1.8670683,-3.6630027,2.6900916,-0.5094167,-0.67735165,0.53074449,0
-0.031332731,2.8944814,3.7235069,0.26965275,0.46227399,0.84474289,0
0.98720431,5.1280422,-1.2780538,0.56944478,0.79133022,-0.22255188,0
0.84883535,0.62833607,4.593286,0.061536282,0.17822319,0.98206437,0
-2.316499,1.5154335,2.4412556,-0.81753898,0.57344425,-0.052840434,0
0.23281378,-1.162614,4.8038445,-0.14584763,-0.1174137,0.98231518,0
0.92731798,-2.6786175,1.0833391,0.81753898,-0.57344425,0.052840434,0
-4.3042011,-1.6764693,-2.1381092,-0.81753898,0.57344425,-0.052840434,0
-1.1218963,-2.6395602,-3.9750316,-0.30749229,-0.5122717,-0.8018893,0
-0.60164452,3.5322201,2.0609992,-0.81753898,0.57344425,-0.052840434,0
2.004849,-0.1151998,-4.3894386,0.18481074,0.17435627,-0.96718431,0
0.018576384,-4.0420618,-0.22970209,0.81753898,-0.57344425,0.052840434,0
2.0207129,-1.4110215,0.80138886,0.81753898,-0.57344425,0.052840434,0
-1.8149197,1.8929217,4.6499023,-0.81753898,0.57344425,-0.052840434,0
-2.1828434,1.4024041,-1.2342411,-0.81753898,0.57344425,-0.052840434,0
1.0856624,-2.3242235,-4.6283116,-0.10729298,-0.24182642,-0.96436954,0
2.6055412,-0.35122347,4.2986712,0.81753898,-0.57344425,0.052840434,0
-2.8239274,0.58216047,3.963913,-0.81753898,0.57344425,-0.052840434,0
-0.17698455,4.1074247,-2.813355,-0.81753898,0.57344425,-0.052840434,0
4.2319694,2.5329947,1.5503711,0.5291056,0.78419751,0.32416302,0
-1.0188179,-4.1651077,2.9999318,-0.49443057,-0.65191478,0.57493103,0
3.6325343,1.0802385,0.92259824,0.81753898,-0.57344425,0.052840434,0
1.8748516,-1.6778998,3.8560381,0.81753898,-0.57344425,0.052840434,0
-2.2255545,-1.9590088,3.9091468,-0.37903368,-0.46674585,0.79905081,0
-0.85323882,-4.083281,-2.8052192,-0.41457683,-0.64975703,-0.63713586,0
-0.33087778,-4.4948654,2.8920324,-0.47521505,-0.61996633,0.62434977,0
-1.7122847,-3.057132,-3.1007876,-0.41613272,-0.65169847,-0.63413173,0
2.5224755,-1.220499,-4.3903384,0.81753898,-0.57344425,0.052840434,0
-2.2693121,0.85617781,0.53122509,-0.81753898,0.57344425,-0.052840434,0
0.92560983,-3.4855821,-1.6470727,0.81753898,-0.57344425,0.052840434,0
-2.8803678,0.27519798,-2.7611389,-0.81753898,0.57344425,-0.052840434,0
-2.165385,0.95282984,-3.7558658,-0.81753898,0.57344425,-0.052840434,0
4.0610361,0.99910212,-0.96739709,0.81753898,-0.57344425,0.052840434,0
2.0403817,-0.096677065,4.5850816,0.10661288,0.24088545,0.96468049,0
-2.7293658,0.094195127,4.3133969,-0.21271154,-0.21543403,0.95307004,0
2.092155,3.2083061,-2.6677513,0.50861859,0.67598307,-0.53324878,0
-1.5893302,1.8400145,-0.057817183,-0.81753898,0.57344425,-0.052840434,0
0.23106861,-4.1268244,1.3912438,0.81753898,-0.57344425,0.052840434,0
2.8334093,3.8399673,-0.4334743,0.57574558,0.81584233,-0.054022998,0
1.621063,4.3452291,1.1572213,0.5399133,0.79517114,0.27603737,0
-2.8563437,-3.4018679,-1.7139049,-0.51830995,-0.77270305,-0.36644924,0
-0.38707995,3.8339694,-2.0476933,-0.81753898,0.57344425,-0.052840434,0
3.0063212,-0.4006815,-0.82143855,0.81753898,-0.57344425,0.052840434,0
1.6360402,-2.2610281,0.0010254234,0.81753898,-0.57344425,0.052840434,0
-0.030295372,-3.3686955,4.0147429,-0.37905869,-0.46678475,0.79901618,0
2.2506394,-1.0109706,-1.3444729,0.81753898,-0.57344425,0.052840434,0
-0.52864122,2.2284617,-4.489759,0.22362518,0.23157412,-0.94676584,0
-1.950012,-3.5288267,-2.8148336,-0.43871689,-0.67963552,-0.58789736,0
-2.158308,1.6724472,3.7246172,-0.81753898,0.57344425,-0.052840434,0
1.0988038,-2.9550991,-2.905354,0.81753898,-0.57344425,0.052840434,0
-0.48827314,3.7058091,-2.5076966,-0.81753898,0.57344425,-0.052840434,0
0.39553118,-3.6430767,1.5621573,0.81753898,-0.57344425,0.052840434,0
-0.14764655,-2.8217728,3.9152181,-0.34557754,-0.41513047,0.84157187,0
-3.2445323,-3.4545419,-0.097817764,-0.57495904,-0.81796604,0.018806867,0
-3.2749767,-2.7191787,-2.2609463,-0.47481382,-0.7231465,-0.50160873,0
-2.8151851,-2.7386479,-2.5824482,-0.46356976,-0.70976979,-0.53040576,0
3.5575869,0.73509657,0.74511278,0.81753898,-0.57344425,0.052840434,0
1.7179155,-0.78888965,4.829617,0.0012570322,0.093533859,0.9956156,0
-1.0674214,-5.030087,-1.1407574,-0.54252744,-0.79772073,-0.26325983,0
3.3304963,0.47292638,-2.2349334,0.81753898,-0.57344425,0.052840434,0
-2.0870595,-4.4768066,0.75398743,-0.57453173,-0.80593407,0.14277129,0
-1.0741608,-4.146409,-2.5715301,-0.46160811,-0.70741814,-0.535236,0
0.45868921,4.6278934,-1.9084785,-0.81753898,0.57344425,-0.052840434,0
1.3457353,-1.8253253,3.0760837,0.81753898,-0.57344425,0.052840434,0
3.3280206,0.13882756,0.20713322,0.81753898,-0.57344425,0.052840434,0
-1.724481,-0.76902896,4.4954724,-0.24904647,-0.26933476,0.93028766,0
-0.11264563,3.9338703,-2.5426593,-0.81753898,0.57344425,-0.052840434,0
-0.49092579,-5.4495392,-0.48348942,0.81753898,-0.57344425,0.052840434,0
2.5212467,1.6946404,-3.6811423,0.37461615,0.45989192,-0.80508542,0
3.0506091,1.8907251,3.5728977,0.34117278,0.55622345,0.75777096,0
2.3302524,2.9893875,-2.7056825,0.49593776,0.65445018,-0.57073718,0
-3.4841545,-0.66962922,0.14284614,-0.81753898,0.57344425,-0.052840434,0
-4.3834586,-2.0369587,1.8982301,-0.81753898,0.57344425,-0.052840434,0
-2.0787399,1.5475478,0.38573611,-0.81753898,0.57344425,-0.052840434,0
1.1299183,-1.9058104,-4.5727029,-0.08526282,-0.21127857,-0.97370023,0
3.8884237,1.2628493,-2.5594661,0.81753898,-0.57344425,0.052840434,0
2.368933,-1.4155045,-2.1270869,0.81753898,-0.57344425,0.052840434,0
1.5314029,2.8187702,3.4203238,0.37004736,0.59342748,0.71477902,0
2.4844508,3.9064357,-0.4204002,0.57558382,0.81659013,-0.043404378,0
2.6624086,-0.79460669,-2.8156333,0.81753898,-0.57344425,0.052840434,0
-1.5071115,1.9595659,-0.86631447,-0.81753898,0.57344425,-0.052840434,0
0.46435857,-3.9561064,-2.0155401,0.81753898,-0.57344425,0.052840434,0
-2.4923074,0.62635231,-0.68990815,-0.81753898,0.57344425,-0.052840434,0
-3.3265409,-0.26057196,2.8227065,-0.81753898,0.57344425,-0.052840434,0
1.0191029,-2.0551424,4.5531716,-0.19468139,-0.18885891,0.96251339,0
-0.39552975,-2.3465214,4.1765347,-0.31200492,-0.36394662,0.87760824,0
1.7184305,3.3962393,3.0197139,0.42676088,0.664904,0.61300725,0
3.5676646,1.1316601,2.4755604,0.81753898,-0.57344425,0.052840434,0
-2.6185491,0.16827631,-2.8090532,-0.81753898,0.57344425,-0.052840434,0
1.0634394,1.0403465,4.390132,0.12328684,0.26391551,0.9566344,0
-2.7254624,-1.9525025,-3.2313821,-0.37356728,-0.59792912,-0.70917457,0
2.2886755,-0.95488811,-0.379637,0.81753898,-0.57344425,0.052840434,0
3.3046637,1.1387753,-3.7596669,0.3565042,0.431916,-0.82846469,0
3.2369871,3.259073,-1.3123311,0.56554234,0.78218317,-0.26144099,0
2.8811774,-0.01986289,4.3707232,0.81753898,-0.57344425,0.052840434,0
0.64861882,-2.5847752,4.3027639,-0.27457166,-0.30749553,0.91107494,0
3.4812274,0.67080855,3.8075452,0.81753898,-0.57344425,0.052840434,0
1.0595459,-1.2665399,-4.7187047,0.010650337,-0.076685391,-0.99699873,0
-2.0634983,-4.466167,-0.53757203,-0.5660274,-0.81706625,-0.10961737,0
4.2994099,2.071121,0.10400258,0.81753898,-0.57344425,0.052840434,0
3.3159285,0.27333832,2.0580277,0.81753898,-0.57344425,0.052840434,0
-3.2087557,-3.4020317,0.98533499,-0.56765813,-0.78703308,0.2415435,0
4.742394,2.2059171,0.33107996,0.81753898,-0.57344425,0.052840434,0
-4.2665024,-1.1750925,3.0852661,-0.81753898,0.57344425,-0.052840434,0
2.0373211,-1.7506938,-1.6972463,0.81753898,-0.57344425,0.052840434,0
-0.95837641,3.3709879,3.5877464,-0.81753898,0.57344425,-0.052840434,0
0.74301982,-2.6802356,4.4551063,-0.24736476,-0.26682946,0.93145746,0
2.5173707,3.724982,0.69559395,0.55678415,0.81053352,0.18173298,0
1.2181528,-2.3875022,1.9841677,0.81753898,-0.57344425,0.052840434,0
-3.1814806,-2.3735902,-2.9167113,-0.42485231,-0.66253996,-0.61688048,0
-0.011772633,-4.1553087,2.7916031,0.81753898,-0.57344425,0.052840434,0
4.1439266,1.7878149,0.66590542,0.81753898,-0.57344425,0.052840434,0
-0.025887936,-0.18389314,-4.8045192,0.013222277,-0.073041029,-0.9972415,0
-2.3446465,-3.8016829,1.3614554,-0.56214046,-0.7747575,0.28939414,0
4.434937,2.1224182,0.74038482,0.81753898,-0.57344425,0.052840434,0
2.561038,-0.76540494,1.4383187,0.81753898,-0.57344425,0.052840434,0
2.2977049,-0.6059432,2.6755302,0.81753898,-0.57344425,0.052840434,0
-1.3299308,-4.973547,0.33721125,-0.57576805,-0.81218702,0.094038889,0
