5.8957515,2.1642797,0.71003699,0.932805,0.34242469,0.11233954,0
-0.04873072,-0.11362918,-6.4756718,-0.0075238282,-0.017543891,-0.99981779,0
0.89203346,-1.4639262,6.106894,0.14063394,-0.23079596,0.96278518,0
-0.23335573,-6.2313733,0.65141904,-0.037219752,-0.99389106,0.10389998,0
-6.3968697,0.73500979,-0.34145641,-0.99206954,0.11399026,-0.052955355,0
0.46349826,-6.4020925,0.95235062,0.071427055,-0.98658973,0.14676128,0
4.1448689,-4.5938759,2.1460268,0.63290352,-0.70146489,0.32768899,0
-4.0067544,-3.2845454,3.8087842,-0.62310231,-0.51078945,0.59231538,0
-3.7617419,2.9625959,4.0669041,-0.59878349,0.4715777,0.64735836,0
-0.30733854,-1.9866191,-5.9999247,-0.048570085,-0.31395432,-0.94819498,0
6.0269394,-1.3512975,-1.1098999,0.96039218,-0.21532911,-0.17686243,0
-1.0448258,-2.0466647,-6.1754336,-0.15856838,-0.31061286,-0.93721706,0
-5.1319847,0.012651253,3.9404407,-0.79316288,0.0019552873,0.60900635,0
-0.97378767,-6.1674032,-0.2789841,-0.15580511,-0.98677874,-0.044637192,0
-0.093559675,-2.9117441,5.4775844,-0.015080282,-0.4693253,0.8828966,0
1.6253839,5.3378716,3.2970397,0.2507866,0.82360035,0.50871271,0
-3.0298529,-1.389014,5.6540794,-0.46162981,-0.21163084,0.86145818,0
3.1454558,-3.349647,-4.4029231,0.49426216,-0.52634782,-0.69185466,0
-6.1836791,-1.8327833,0.85853702,-0.95039016,-0.28168657,0.13195141,0
4.6898661,-3.4631226,-2.2927849,0.74863255,-0.55281031,-0.36599198,0
-6.3910451,0.71250987,0.53138888,-0.99046695,0.11042286,0.082353219,0
4.5390878,-3.3900211,-3.1682811,0.69928539,-0.52226186,-0.48810089,0
-1.759012,5.264895,3.6057639,-0.26574096,0.7953887,0.54473716,0
-4.9873757,-0.56692135,-3.9349236,-0.7819649,-0.088886946,-0.61695218,0
5.6115313,-2.4476416,-1.5607835,0.88819098,-0.38741177,-0.24704021,0
0.89616257,-2.8959157,5.5194144,0.1423137,-0.4598814,0.87650204,0
-1.6508815,5.0545254,3.3848746,-0.2619094,0.80189139,0.53700429,0
5.0160728,-1.8621275,-3.4889424,0.78528488,-0.29152301,-0.54620689,0
1.0391723,2.9503098,5.729382,0.15919583,0.45197219,0.87771171,0
4.2630301,-2.3633046,-3.9015098,0.68280262,-0.37852666,-0.62489849,0
0.91331565,2.7862635,5.6420894,0.14363685,0.43819475,0.88732958,0
-4.1341457,3.5917957,-3.0091753,-0.66159213,0.57479924,-0.48156181,0
-6.3026557,-1.7841634,-0.56828672,-0.95858955,-0.27135867,-0.086432405,0
-0.097717091,-6.0158396,2.3787963,-0.01510353,-0.92983133,0.36767593,0
-1.4132999,5.0743804,3.8683677,-0.2162541,0.7764492,0.59191287,0
-1.4651921,5.8872099,1.571862,-0.23379037,0.93938059,0.25081095,0
-0.50215411,-5.2525024,3.8239026,-0.077060319,-0.80604643,0.58681422,0
-1.9354112,5.4887524,-2.5967844,-0.30368778,0.86124694,-0.40746465,0
-3.4855316,-2.7961807,4.7039857,-0.53722173,-0.43097273,0.72502089,0
-3.253705,-0.18666343,-5.4656687,-0.51130217,-0.02933315,-0.85890031,0
5.1318517,-2.9511619,-2.1898737,0.8130365,-0.46755099,-0.34694052,0
1.4205109,3.3329341,-5.2482233,0.22274435,0.52262342,-0.82295185,0
5.039701,2.3270762,-3.42558,0.77261442,0.35675383,-0.52516061,0
-3.9962089,3.8473077,-2.985317,-0.63437021,0.61073315,-0.47389817,0
-3.4891131,3.6560242,-3.7888551,-0.55239689,0.57882226,-0.59985209,0
3.6440382,2.7477391,4.6194029,0.56116629,0.42314008,0.71136832,0
0.14330196,-4.1167574,-4.9679375,0.022205051,-0.63790339,-0.76979619,0
-1.8781968,-5.8748693,1.8525448,-0.29164535,-0.91224641,0.28766209,0
-4.5185008,-1.4293817,4.3541965,-0.70209283,-0.22209992,0.67656291,0
-2.4770143,1.7041515,-5.5408325,-0.39292669,0.2703281,-0.8789376,0
-2.7266269,-5.2316132,-2.2436171,-0.43199277,-0.82886994,-0.35546717,0
2.5527492,-4.3844557,-3.969451,0.39628014,-0.68062806,-0.61620414,0
2.4904866,-5.4174485,2.6505618,0.38167873,-0.83024931,0.40621099,0
2.4287684,1.3423371,-5.5961871,0.38882402,0.21489611,-0.8958993,0
3.0591259,4.928607,-2.6899219,0.47842607,0.77079993,-0.42068511,0
6.0792651,-0.99561107,2.0079749,0.93826693,-0.15366149,0.30990857,0
-6.059145,1.5074285,1.1184865,-0.9552142,0.23764361,0.17632756,0
-5.2324595,1.2659197,-3.4960942,-0.81514883,0.19721375,-0.54464579,0
5.3021736,1.3863221,3.0413511,0.84594464,0.22118321,0.48523772,0
-4.5365996,3.4484007,3.3587964,-0.68584025,0.52132702,0.50778073,0
4.2986841,-2.8880305,-4.1284351,0.64905947,-0.43606451,-0.62335354,0
-0.015913591,-0.052121531,-6.4686427,-0.0024600255,-0.0080572823,-0.99996454,0
-2.6899292,-5.225215,2.5800569,-0.41909945,-0.81410497,0.401981,0
-5.1336088,-3.614758,-2.0763304,-0.77629226,-0.54661518,-0.31397781,0
-4.1939678,3.9496467,2.4905572,-0.66822284,0.62929529,0.39681926,0
0.44924554,4.7320065,-4.3921728,0.069415279,0.73116708,-0.67865759,0
2.1989799,3.8606217,4.6421142,0.3422184,0.60081303,0.72243357,0
2.1740279,4.6931281,-3.955734,0.33387494,0.72074413,-0.6074993,0
-3.7056313,4.4158931,-2.4647024,-0.5910573,0.70434582,-0.3931261,0
3.141151,5.2989473,-0.85713494,0.50506073,0.85200942,-0.13781738,0
3.6098917,5.0920901,-1.6994565,0.55802339,0.78714418,-0.26270494,0
-3.944746,0.54323065,4.8470211,-0.62885153,0.086599097,0.77268767,0
5.0801034,2.6763759,2.4543858,0.8135255,0.42859364,0.39304423,0
-4.4901638,-4.5185618,-0.20705178,-0.70450222,-0.70895785,-0.032486219,0
-2.8666975,-5.6501646,-1.2015415,-0.44453731,-0.87616813,-0.18632244,0
2.0302505,-5.9007502,-0.31190103,0.32494178,-0.94441557,-0.049919788,0
-3.182008,3.6244941,-4.2799544,-0.49346721,0.56208813,-0.66373724,0
-1.2189829,1.1323621,6.063817,-0.19386083,0.18008509,0.96435851,0
2.9769166,2.0114443,-5.1351633,0.47499916,0.32094765,-0.81937075,0
6.0967383,-2.0893679,0.67233092,0.94088489,-0.32244366,0.1037581,0
-4.8770342,-2.5435061,-3.127316,-0.77078974,-0.40198785,-0.49425593,0
0.08527533,2.3384807,-6.1830683,0.012898891,0.35372257,-0.93526143,0
2.1743088,-0.5786292,6.0497522,0.33686161,-0.089645945,0.93727684,0
-4.9926562,-3.3774407,2.3220038,-0.77291423,-0.52286232,0.35946992,0
3.9341013,2.9274907,-4.5259309,0.58953875,0.43869466,-0.67822647,0
6.0337267,-1.6190609,1.3806503,0.9430759,-0.2530604,0.21579665,0
-1.7671212,5.8071203,-2.0311182,-0.27607629,0.90724289,-0.31732035,0
-2.1458178,5.8850884,-1.833938,-0.32875866,0.9016487,-0.28097585,0
3.9446235,4.8250079,-0.30741298,0.6321702,0.77326173,-0.049266383,0
1.8726896,-6.0498867,-1.5457425,0.28726619,-0.92803848,-0.23711328,0
-2.2719209,6.1064801,0.94227058,-0.3451086,0.92758459,0.14313248,0
1.3092294,-2.7292769,-5.557075,0.20689328,-0.43129879,-0.87816656,0
-3.6178045,-4.132978,3.0639331,-0.57521415,-0.65712434,0.48715115,0
-1.6031119,-5.7917786,1.4787877,-0.25903356,-0.93584555,0.23894505,0
-5.2166424,-0.83520395,3.6037889,-0.81571579,-0.13059914,0.56351715,0
-1.9012704,-5.413342,-2.5072632,-0.30364811,-0.86455405,-0.40042999,0
-4.1893892,2.8875928,3.7316387,-0.66394359,0.45763204,0.59139824,0
-4.7944307,-1.3616391,-3.9619851,-0.75301933,-0.21386077,-0.6222744,0
-5.8737035,-2.8840988,1.1934832,-0.88306081,-0.43359944,0.17942993,0
1.9173197,-6.0107298,-0.81512028,0.30139157,-0.94485199,-0.12813219,0
0.91114616,4.6614366,4.5756869,0.13815384,0.70679694,0.69379503,0
-0.67148489,-6.2457943,0.9021796,-0.1058083,-0.98417234,0.14215969,0
-3.6632395,-4.857789,2.1434772,-0.56787974,-0.75306022,0.33228436,0
2.0438528,-5.6714048,-2.2222593,0.31810948,-0.88270915,-0.34587702,0
-4.1472087,-1.7782024,4.2280316,-0.67067271,-0.28756493,0.68374312,0
4.2719536,4.4790835,1.5036404,0.67067099,0.70318913,0.23606248,0
-5.2250733,-1.347095,-3.5056643,-0.81201142,-0.20934759,-0.54480374,0
-2.173758,-4.6071982,4.0579429,-0.33375981,-0.70739138,0.62305844,0
5.5621066,-0.79853642,-2.6367044,0.89610165,-0.12865086,-0.42479503,0
2.8387041,5.4977288,0.60501266,0.45661408,0.88432616,0.097318098,0
5.8177447,0.40294668,-2.3472695,0.92545676,0.064098671,-0.37339151,0
-5.0659237,-0.7503792,3.7467782,-0.79835266,-0.1182543,0.59046495,0
-3.6934309,2.4643531,4.4732876,-0.58600229,0.39099595,0.70973486,0
3.2440951,-2.4575202,-5.0322847,0.50124681,-0.37971273,-0.77754092,0
4.4090686,-3.0590885,-3.7133775,0.67562842,-0.46876276,-0.56902343,0
-5.3487034,-0.8898921,-3.1958923,-0.84981173,-0.14138767,-0.50776917,0
-1.2943171,5.3717585,3.1849022,-0.2029452,0.84227628,0.49938351,0
5.8024735,2.4679599,0.82038897,0.91253078,0.38812575,0.12901914,0
2.8050771,-5.581902,-1.545339,0.43588346,-0.8673768,-0.24013162,0
0.068575747,-5.8139782,2.4821999,0.010847068,-0.91963446,0.39262557,0
5.0770812,-2.4286025,-3.0926576,0.79060209,-0.37818152,-0.48158804,0
1.6438082,-5.5267162,2.7177086,0.25787762,-0.86702108,0.42634913,0
1.7524196,-1.8474023,5.7957034,0.27682576,-0.29182997,0.91553414,0
4.5464544,-4.7190542,-0.64097685,0.69051868,-0.71673328,-0.097352013,0
-1.7091789,-5.8795829,-2.1689308,-0.26312178,-0.90514004,-0.33389887,0
-1.3679515,4.5004673,-4.2284622,-0.21627755,0.71153843,-0.66853356,0
0.018522732,-6.1831837,1.9683448,0.0028545032,-0.95287871,0.3033379,0
3.6698,-0.63715768,-5.2241163,0.57197815,-0.099307939,-0.81423521,0
-1.1726396,2.5413318,5.6035843,-0.18721275,0.40572545,0.89461625,0
3.96258,4.3417778,-3.0242164,0.59943551,0.6567983,-0.45748547,0
0.7707817,2.769866,-5.6744914,0.12116736,0.43542466,-0.89203358,0
-3.0732841,2.0203035,-4.985651,-0.49605623,0.32609549,-0.80472976,0
-3.5946214,1.0465919,-5.1068673,-0.56767344,0.16528094,-0.80649185,0
3.7251666,-5.1689844,-1.1705362,0.57504249,-0.79792017,-0.18069205,0
-0.33485982,6.199832,-0.98239249,-0.053269826,0.98627526,-0.15627995,0
1.5989619,-0.059957508,6.2842813,0.24657124,-0.0092458716,0.96908063,0
-1.4781408,-2.5784142,-5.4866462,-0.23688518,-0.41321373,-0.87928367,0
-5.8995852,2.1798751,0.071592495,-0.93795472,0.34657082,0.011382244,0
-2.4463296,4.1940937,-4.1899266,-0.38144621,0.65396798,-0.65331823,0
-5.9093151,1.8490392,1.0099328,-0.94192344,0.29473016,0.16097963,0
-0.13774149,6.3857284,-0.50729394,-0.021497494,0.996629,-0.079174027,0
5.4698429,3.0321276,1.3042369,0.85619009,0.4746165,0.20415115,0
-4.976903,-3.7274847,1.9612762,-0.76332951,-0.57170075,0.30080956,0
-5.9759555,1.4420748,2.1678338,-0.91676545,0.22122727,0.33256525,0
-4.611774,-4.144269,0.73218781,-0.7386688,-0.66378844,0.11727468,0
-1.9686825,5.6782117,-2.188019,-0.30781251,0.88781434,-0.34210679,0
-0.82346582,0.083998546,6.283042,-0.1299389,0.013254561,0.99143338,0
-1.2279024,-4.0432158,-4.6957755,-0.19437781,-0.64004385,-0.74334455,0
-5.1595178,-1.6779478,-3.5085158,-0.79855096,-0.2597,-0.54302144,0
-3.8305144,-0.2002745,5.2628698,-0.58819205,-0.030753015,0.8081364,0
1.1063544,1.205016,6.0452867,0.17665736,0.19241118,0.96528238,0
-1.5727535,2.6907389,-5.6025805,-0.24531627,0.41969833,-0.87388402,0
3.5697119,-5.0706525,0.93550986,0.5692116,-0.80854547,0.14917256,0
2.6150815,-4.7887573,-3.3760417,0.40757045,-0.74634612,-0.526169,0
1.3523054,5.2494311,3.4028914,0.21128501,0.82017428,0.5316698,0
-2.4797885,1.1340046,-5.9857836,-0.37700462,0.17240381,-0.9100244,0
3.1419613,3.2665989,-4.4436903,0.4950029,0.51463902,-0.70008487,0
0.095737748,-5.5233788,-3.6465898,0.01446353,-0.8344416,-0.55090666,0
-3.5388174,3.8717325,3.2840219,-0.57183164,0.6256268,0.53065968,0
0.63102651,-2.5084126,-6.059319,0.095779896,-0.38073754,-0.91970927,0
2.9115765,3.1758215,-4.7722201,0.45285344,0.4939529,-0.74224955,0
1.1695769,-1.432534,6.202713,0.18069842,-0.22132502,0.95831275,0
6.3190002,1.167578,0.56571442,0.97956592,0.18099692,0.08769656,0
-5.0993509,-3.9748836,-1.167683,-0.77614194,-0.60499346,-0.1777261,0
3.434814,5.2816844,-0.50303757,0.54345071,0.83565956,-0.079589792,0
-2.778713,-4.682096,-3.4014452,-0.43283865,-0.72932762,-0.5298413,0
1.3057926,-6.1705866,-1.1272019,0.20380178,-0.96307528,-0.17592822,0
-3.0227411,0.94394273,-5.7596354,-0.45988798,0.14361399,-0.87628651,0
2.7866344,5.0380082,-2.3813546,0.44726515,0.80861896,-0.38221624,0
-1.4340422,6.1471748,0.73721284,-0.22565101,0.96727711,0.11600274,0
2.8502467,-5.5196052,-0.42097434,0.45777327,-0.8864944,-0.06761197,0
4.3945017,3.6363246,-3.1118004,0.67633492,0.55964786,-0.47892106,0
-1.1967956,3.4920871,5.2239165,-0.18709916,0.54592997,0.8166728,0
-3.6064813,-5.0323596,-2.1659322,-0.54983866,-0.76722592,-0.33021474,0
0.88902134,-0.92278272,6.3521223,0.1371931,-0.14240314,0.98025477,0
-4.4494457,4.4059877,1.1205964,-0.69945633,0.69262469,0.17615862,0
-5.6130304,1.5138159,-2.7881444,-0.87056172,0.23478764,-0.43243161,0
4.2676139,-3.0108078,-3.8857243,0.65557647,-0.46251014,-0.59691191,0
0.0094939731,6.3839231,1.281283,0.0014580898,0.98044652,0.19678017,0
2.7555556,5.6295476,-1.6657135,0.42489064,0.86804348,-0.25684333,0
1.6746187,-6.0504971,-1.7383357,0.25707242,-0.92881799,-0.26685369,0
-2.81812,-5.1106758,2.1519873,-0.45305371,-0.82161534,0.34596321,0
5.1275334,-0.64521283,-3.6299164,0.81191039,-0.1021651,-0.57477283,0
0.066751339,-0.40617746,6.277072,0.010611361,-0.064569429,0.9978568,0
3.8838103,4.2406902,2.505677,0.61916804,0.67606282,0.3994621,0
-3.0449593,5.3568192,1.2294774,-0.48461732,0.85255897,0.19567619,0
-1.4673209,3.0347259,-5.476615,-0.22816885,0.47190079,-0.85161525,0
-5.5006108,3.3142042,0.30861956,-0.85555345,0.51548433,0.048002038,0
-1.3543026,5.836853,-2.1826925,-0.21237037,0.9152863,-0.34227151,0
1.2884206,-4.748672,3.9891839,0.20340341,-0.74967456,0.62977386,0
0.53175443,-6.1790104,-0.86592317,0.084917553,-0.98674572,-0.13828202,0
0.036702044,2.3000898,-5.8379369,0.0058491062,0.36655915,-0.93037635,0
5.7282419,1.1795149,-2.837805,0.88119346,0.18144847,-0.43654847,0
5.3455763,0.5218097,-3.5663369,0.82913303,0.080936015,-0.55316162,0
2.4907064,-2.1320109,-5.3861675,0.3950026,-0.33811688,-0.85419548,0
5.6276641,-0.46375895,-2.5169282,0.91028923,-0.075014204,-0.40711963,0
2.0891833,2.6693821,5.646543,0.31722188,0.40531933,0.85737187,0
2.7245705,3.5180659,4.7020688,0.42086393,0.54343504,0.72632772,0
-1.0519469,-4.2917032,4.4989476,-0.1668164,-0.68057287,0.71343738,0
-1.0409583,1.7060307,5.9154387,-0.16671549,0.27323067,0.94739169,0
3.151675,1.8178126,5.1771045,0.49807516,0.28727812,0.81816405,0
0.87521279,-6.3778453,-0.24228854,0.13585673,-0.99001437,-0.037609745,0
-2.792352,-2.4192793,5.2181687,-0.43673477,-0.37838474,0.81614202,0
-4.2538438,-2.3923759,-4.1651235,-0.66299069,-0.37286818,-0.64916307,0
-3.9119501,-2.6456056,4.453126,-0.60267413,-0.40758139,0.68604755,0
-5.3236961,-3.6622822,0.86826777,-0.81654137,-0.56171596,0.13317375,0
-6.1631746,0.36017489,-1.2661173,-0.97794294,0.057150822,-0.20090142,0
3.6058764,-4.2097631,3.3055334,0.558725,-0.6522963,0.5121873,0
3.8999183,0.48460868,5.030385,0.61093801,0.07591591,0.78803015,0
-2.409373,3.1632195,-4.9656553,-0.37874249,0.49724373,-0.78057849,0
-5.3703117,2.894083,-1.8064696,-0.84407884,0.45487756,-0.28393188,0
-0.28377691,-3.9634075,-4.9428434,-0.044745725,-0.62494701,-0.77938372,0
5.4362583,3.0598755,-1.5732663,0.84498233,0.47561035,-0.24453992,0
4.809834,-3.5939815,-2.7778924,0.72702986,-0.54324782,-0.41989198,0
4.2517047,-2.0323317,4.3216224,0.66494781,-0.31784767,0.67588258,0
4.9914832,2.5312362,-2.8805509,0.79300219,0.40214014,-0.45763612,0
-1.5187097,0.40539578,-6.3309488,-0.23281775,0.062147055,-0.9705326,0
-5.5825071,-1.6154948,2.5290179,-0.88080066,-0.25489065,0.39902511,0
-4.2159042,-4.1246519,2.6475999,-0.65211076,-0.63799596,0.40952742,0
4.8231606,-0.036974594,-3.9295726,0.77525359,-0.0059431335,-0.6316222,0
3.6538322,3.660291,-3.7566202,0.57160658,0.57261699,-0.58768672,0
3.7986615,0.93342531,-5.0798483,0.59248608,0.14558852,-0.79231578,0
-1.4467779,6.2821321,1.1144422,-0.2211456,0.96024817,0.17034681,0
4.1142993,1.4472419,4.5369072,0.65375972,0.22996588,0.72091186,0
-2.9974663,5.3442173,-1.7466707,-0.47044727,0.83876592,-0.27413702,0
0.37305996,-5.6775422,-2.6651609,0.059375595,-0.90362811,-0.42418253,0
-4.4183154,2.5276885,3.7780704,-0.69699109,0.3987439,0.59599221,0
-6.1944032,1.299117,-0.44254413,-0.97632402,0.20475888,-0.069751106,0
5.4818468,1.4101474,3.0684359,0.85141492,0.21901754,0.4765752,0
-2.4278648,2.4894443,-5.5924821,-0.36867291,0.3780238,-0.84922218,0
2.9515588,0.80753994,-5.5955772,0.46279788,0.12662047,-0.87737411,0
-2.0150826,-3.6674101,4.8959603,-0.31287354,-0.56942362,0.76017553,0
-2.9341574,-1.3564984,5.4866505,-0.46075869,-0.2130146,0.86158359,0
4.0904927,-3.8362608,3.2187829,0.63261235,-0.59329432,0.49779868,0
3.2137921,2.0176876,-5.1607976,0.50170594,0.31498176,-0.80565351,0
-5.6971383,-1.8685241,2.4632986,-0.87891376,-0.28826255,0.38002011,0
-6.1954184,1.9511207,-0.89850897,-0.94482106,0.29755214,-0.13702548,0
-0.84721249,5.0175209,3.6995947,-0.13466443,0.79753494,0.5880506,0
2.3511827,-0.44099447,5.9832683,0.36487749,-0.06843745,0.92853689,0
-5.3630085,2.0627108,-3.1688628,-0.81729698,0.31434733,-0.48291963,0
4.5833879,4.504796,-0.63752097,0.70971143,0.69754189,-0.098716475,0
4.4579034,2.0468519,-4.0685272,0.69949591,0.32117444,-0.63839835,0
-2.9748654,-3.7991524,4.528028,-0.4495703,-0.57413894,0.68428874,0
-3.5221338,4.5649776,-2.6103773,-0.55649137,0.72125894,-0.41243532,0
-4.4797459,-4.452878,-1.1948314,-0.69687182,-0.69269222,-0.18586865,0
5.1162734,2.0444758,-3.1331799,0.80721062,0.32256341,-0.49433172,0
-1.0104557,6.3095903,-1.4625008,-0.15414529,0.96252972,-0.22310489,0
4.522151,-3.9832737,-1.1830649,0.7363469,-0.64860094,-0.19263978,0
-6.1739588,-1.6071306,-0.60364181,-0.96344674,-0.25079286,-0.094198354,0
4.7695708,-2.9780715,3.2835824,0.73248422,-0.45735568,0.50427437,0
2.884743,5.7398367,0.84069699,0.44526207,0.88594776,0.12976216,0
-5.7549434,2.2575636,-0.84987777,-0.92225879,0.36178598,-0.13619721,0
-4.8466382,4.0040226,-0.21656948,-0.77048302,0.63653016,-0.03442863,0
-3.9920998,1.0372792,-4.8918028,-0.62389857,0.16210943,-0.76450711,0
2.8178005,-3.2948639,-4.8283138,0.43423429,-0.50775164,-0.74406242,0
-3.3895388,5.1318164,-1.7343891,-0.53044093,0.80309606,-0.27142069,0
3.5042202,3.7700453,-3.65482,0.55510414,0.59721351,-0.57896066,0
4.7097831,-3.7193761,2.4005497,0.72865963,-0.57543188,0.37139368,0
-2.1548653,-4.3049316,4.0257306,-0.34337533,-0.68598598,0.64149559,0
-0.74340713,5.5284338,3.3520494,-0.11423189,0.84949875,0.51507568,0
5.6021285,3.2608278,0.72488976,0.85889995,0.49993938,0.11113771,0
-6.2621207,-1.2836256,-0.42628106,-0.97745979,-0.20036222,-0.06653858,0
-4.5827498,2.0385389,3.8567266,-0.72431052,0.32219416,0.6095615,0
0.93261838,-6.4405928,-0.54711157,0.14280477,-0.98619902,-0.083775036,0
1.2838043,4.7670307,-3.9586265,0.2028771,0.75332463,-0.62557405,0
2.8722842,-3.4386802,4.6691198,0.44386292,-0.53138983,0.72153348,0
1.462985,-6.1976409,1.3778414,0.22454505,-0.95123976,0.21147683,0
-1.6397434,4.940866,-3.5743949,-0.25966504,0.78242129,-0.56603086,0
-4.8523412,-2.5359044,-2.9823539,-0.77829003,-0.40674573,-0.47835389,0
3.8026276,3.5857801,-3.6227331,0.59795368,0.56385493,-0.56966573,0
-3.8182847,-3.2880936,-3.7582865,-0.60741311,-0.52307028,-0.59786856,0
-5.0524292,-0.29382116,-3.8521771,-0.79437727,-0.046196558,-0.60566545,0
1.9757425,6.0272613,-0.98335481,0.30781519,0.93903059,-0.15320395,0
-2.4848239,-5.5222998,-2.1996861,-0.38567877,-0.85713667,-0.34142146,0
-1.4683542,0.65299881,-6.0411534,-0.23489006,0.10445908,-0.96639276,0
-2.9301412,-4.8190379,3.328517,-0.44742605,-0.73585635,0.50825715,0
-1.5905411,-0.36292741,-6.1009507,-0.25185481,-0.057467874,-0.9660573,0
-6.2721443,1.1398425,-1.7174791,-0.95001125,0.1726464,-0.26013821,0
5.6180396,-3.388232,-0.67047131,0.85188317,-0.51376957,-0.10166593,0
5.2619228,-3.6846154,-0.26107407,0.81846339,-0.57312179,-0.040608644,0
-2.8228364,-4.6034694,-3.5334189,-0.43742368,-0.71334863,-0.54753476,0
2.4930558,-3.5425589,-4.6994929,0.39006272,-0.55426764,-0.73528117,0
5.710165,0.95899743,2.2698417,0.91815829,0.1542007,0.36497614,0
4.6635747,2.5073304,-3.241303,0.75119656,0.40387431,-0.52210075,0
4.0901737,-2.3962781,-4.1061611,0.65218002,-0.38208762,-0.65472919,0
2.9203119,5.4423246,0.80490547,0.46885806,0.87376893,0.12922812,0
4.8960881,-3.8837116,0.49290529,0.78102481,-0.61953032,0.078628331,0
6.2067275,0.77314579,0.92194641,0.98172319,0.12228911,0.14582503,0
-0.30210182,-1.2078664,6.4409323,-0.046050921,-0.18412125,0.98182416,0
-4.1002774,-4.776329,0.89457673,-0.64488697,-0.75121564,0.14069802,0
-5.8060541,-0.91917688,3.0297399,-0.8779487,-0.13899115,0.45813492,0
4.5206165,-3.8638451,2.2832837,0.70965755,-0.60655594,0.35843551,0
0.8958258,-4.5409665,-4.6684952,0.1362676,-0.69074434,-0.71014327,0
1.266398,-1.4249722,5.9555259,0.20251974,-0.22787862,0.95239544,0
0.13623522,0.64712334,6.4961829,0.020863753,0.099103749,0.99485838,0
-2.862891,-3.2269604,4.5279531,-0.45777389,-0.51598829,0.72401595,0
3.2294977,4.8111038,2.5342979,0.51063454,0.76071143,0.40071249,0
-1.3007054,5.9482431,2.0301259,-0.20265511,0.92676002,0.31630173,0
-1.8084837,-6.0818706,1.5416931,-0.27696407,-0.93142092,0.23610584,0
5.8179259,1.268942,2.0161958,0.92542315,0.20184311,0.32070437,0
-4.0041585,0.98055142,4.8197336,-0.63134307,0.15460534,0.75993627,0
-5.8368931,2.4998555,1.6951747,-0.88813502,0.38037518,0.25793585,0
3.2368622,2.3237998,4.8358116,0.5165779,0.37086028,0.77175772,0
-5.2190208,-3.2447081,1.1167895,-0.8355673,-0.51947904,0.17879844,0
-1.3218307,-1.2418079,6.186223,-0.205043,-0.19262983,0.95960987,0
-0.96486717,-0.061286852,6.4497595,-0.14794448,-0.0093972022,0.98895097,0
-0.41370952,-5.0702524,3.618268,-0.066271633,-0.81219763,0.579606,0
-2.009181,5.9734192,0.69001043,-0.31690922,0.94219071,0.10883573,0
1.3127611,4.4176798,4.5923414,0.20177507,0.67900985,0.70585585,0
-6.4119978,0.082282566,-0.63035309,-0.9951213,0.012769988,-0.097828761,0
5.257287,-3.4630103,1.9598843,0.79735845,-0.5252254,0.29725033,0
-4.5894318,-2.5546541,3.7893758,-0.70859915,-0.39443353,0.5850721,0
-5.2165956,-2.7117279,2.7036328,-0.8061294,-0.41904792,0.41779697,0
-4.7671914,-2.6774492,3.2767067,-0.74787724,-0.42003837,0.51404995,0
1.9242728,0.60714239,-6.2520289,0.29290673,0.0924173,-0.95166415,0
5.7976508,-2.3979049,1.8037088,0.88810712,-0.36732057,0.27629927,0
5.994493,0.9987976,1.356928,0.96269542,0.16040353,0.21791807,0
1.7656299,4.8177795,-3.4178944,0.2863836,0.7814396,-0.55437946,0
4.6245327,0.081047967,4.3310761,0.72982574,0.012790675,0.68351358,0
3.988225,2.8429446,3.8331101,0.64125502,0.45710874,0.61631453,0
-3.3792748,-0.90449375,5.4725709,-0.52027869,-0.13925734,0.84256601,0
-2.0947773,-4.5704103,3.9886034,-0.32641092,-0.7121672,0.62150931,0
3.2813962,-2.9558437,-4.3378549,0.53007472,-0.47748518,-0.70073444,0
-5.5840216,1.9574994,-2.7373247,-0.85648888,0.30024534,-0.41985658,0
-1.9973732,-5.329102,2.8418615,-0.31399262,-0.83774966,0.44674852,0
-3.3697653,3.752274,-3.9896588,-0.52402264,0.58350551,-0.62042052,0
-0.59342575,5.4776468,-3.4169729,-0.091532208,0.84489274,-0.52704668,0
0.92630321,-5.6913486,3.0809171,0.14168638,-0.87054276,0.4712539,0
2.1628447,-4.8203568,3.4032383,0.34415179,-0.7670151,0.54152322,0
-3.4455192,3.4168773,4.347641,-0.52883822,0.52444208,0.66730106,0
-3.8563714,2.7271245,4.2166362,-0.60906994,0.43071824,0.66596967,0
-2.7899966,5.2591019,1.9698735,-0.44492045,0.83866841,0.31413552,0
-5.1571531,-3.1530433,1.519033,-0.82744741,-0.5058949,0.24372359,0
2.2300549,5.7918925,-1.6822553,0.34680253,0.90071464,-0.26161256,0
5.6581807,-2.7077289,1.9397491,0.8617686,-0.41240036,0.29543328,0
4.536025,-4.3774834,-1.0701758,0.70941967,-0.68462425,-0.16737203,0
-2.5419183,3.5427921,-4.5311198,-0.4042244,0.56338674,-0.72055393,0
2.2378657,5.7310629,-2.0085111,0.34577465,0.8855117,-0.31033686,0
3.5319726,5.0295362,0.88571656,0.56881863,0.80999893,0.14264326,0
-6.1680117,1.5934409,-0.57001847,-0.96436012,0.24913228,-0.089121602,0
1.2239143,-6.2310781,-1.4824259,0.18769155,-0.95555776,-0.22733523,0
-6.0692086,-0.28188434,-2.3408756,-0.9321323,-0.043292876,-0.35952064,0
-5.3621202,-0.73324627,-3.3016953,-0.84580684,-0.11566035,-0.52080077,0
2.2891414,0.42736137,-5.925283,0.35956278,0.067127027,-0.93070322,0
0.93611032,-4.963819,-3.8511088,0.14737447,-0.78146797,-0.60629088,0
-6.0748925,0.14558327,1.846061,-0.95654607,0.022923386,0.29067877,0
3.7345574,0.18044706,5.2496552,0.57944798,0.027997879,0.81452817,0
-2.070565,5.8927431,0.4624711,-0.33060119,0.94087744,0.073841438,0
1.1736581,-0.1617334,6.2618518,0.18416262,-0.025378129,0.98256809,0
0.3502205,-5.4006896,3.5842836,0.05395215,-0.83198678,0.55216587,0
2.0819716,1.2600665,5.6590071,0.33797738,0.2045532,0.91865629,0
6.2277131,1.0265778,-0.34403375,0.9852221,0.16240427,-0.054426022,0
0.2578361,-4.9513779,-3.9894776,0.040515758,-0.77804786,-0.62689716,0
-1.6418628,4.3038645,-4.7284055,-0.24871919,0.6519751,-0.71628714,0
-1.8455068,-3.3307121,5.3160195,-0.28222719,-0.50935465,0.81296104,0
0.97457463,0.29361045,6.3723559,0.15102349,0.045498904,0.98748255,0
-1.5139714,5.9926572,-1.9969734,-0.23307885,0.9225812,-0.30743793,0
2.0004773,5.05404,3.1289461,0.31896359,0.80583501,0.49889085,0
-1.9903523,-2.5654261,-5.4274402,-0.31470224,-0.4056294,-0.85815346,0
0.63239259,-1.030308,-6.1495924,0.10090365,-0.16439445,-0.98122007,0
-2.2265773,-4.8609047,-3.3560724,-0.352718,-0.77002877,-0.53164434,0
4.7949924,3.5464807,2.7885754,0.72830832,0.53867269,0.42355493,0
4.3412619,0.23454733,4.8618507,0.66561258,0.035961352,0.74543047,0
0.72223711,6.0935693,2.1134837,0.1112847,0.93891746,0.3256526,0
-4.3494506,3.0952268,3.3842986,-0.68812478,0.48969454,0.53542846,0
-0.0014894725,6.2073231,-1.2468976,-0.00023525464,0.98041528,-0.19694117,0
-5.7829351,2.7334008,1.2143869,-0.88822711,0.41983536,0.18652317,0
0.72352415,-5.737359,2.6692417,0.11359885,-0.90080947,0.41909146,0
2.0484734,-2.3282754,5.8047433,0.3112615,-0.35377687,0.88201934,0
-3.7867465,3.2255599,3.6584234,-0.61326146,0.52237761,0.59247959,0
4.9076991,3.6477115,-1.8564149,0.7679764,0.57080853,-0.29049924,0
-2.8235693,3.9785173,4.1688638,-0.43999961,0.61997628,0.64963818,0
-2.2014265,0.14440048,-6.0946145,-0.33964115,0.022278439,-0.94029117,0
0.52787113,-6.0809178,-1.6082474,0.083628379,-0.96337396,-0.2547878,0
1.40494,3.2340953,5.4722695,0.2158155,0.49679551,0.84060568,0
5.1526942,-0.50708157,-3.8126552,0.80136353,-0.07886295,-0.59295636,0
5.807713,2.5167158,-1.5206525,0.89216733,0.386612,-0.2335991,0
3.9463549,2.3318422,-4.2345204,0.6323899,0.37366977,-0.67856747,0
2.2526317,1.9780169,-5.4117026,0.36411747,0.31972846,-0.87475264,0
-2.9156284,-2.6039014,-5.0179896,-0.45836523,-0.40935868,-0.78887689,0
5.2734494,-0.19818603,-3.7010667,0.81814045,-0.030747239,-0.5741958,0
6.0478344,-1.058423,1.0593477,0.97068644,-0.16987848,0.1700269,0
-1.0720848,6.4582286,0.65525007,-0.1629477,0.9815954,0.099592395,0
4.1882038,1.9448807,-4.4713511,0.65157676,0.30257338,-0.69562715,0
-3.0400739,-5.7437224,0.77480412,-0.46451133,-0.87761819,0.11838702,0
-0.42383152,1.1975033,6.1501808,-0.067489117,0.1906853,0.97932851,0
4.3633308,-4.9033642,0.66531396,0.66138196,-0.74323875,0.1008465,0
6.2993622,-1.0805236,0.0011904621,0.98560572,-0.16906001,0.00018626112,0
-6.3015833,1.6862592,-0.44898909,-0.96373177,0.25788781,-0.068666086,0
4.4458761,4.3984556,-0.64238358,0.70716709,0.69962436,-0.10217841,0
2.8503907,3.6717303,4.3443012,0.44801027,0.57710433,0.68281573,0
1.0736886,-2.8674726,5.6829505,0.16632622,-0.44420317,0.88035178,0
0.9420687,-5.5302534,3.4665613,0.14285539,-0.83860821,0.52566969,0
-3.4310844,-3.9243309,3.6241493,-0.54043096,-0.61812234,0.57084066,0
1.6898103,4.0149946,-4.5478921,0.26832879,0.63755006,-0.72217005,0
1.995205,6.1147351,1.2434024,0.30456042,0.93339097,0.18980062,0
-2.2078459,-2.521143,5.4510632,-0.34503981,-0.39400154,0.85188633,0
2.8863316,-0.65293121,5.8126426,0.44251379,-0.10010321,0.89115703,0
0.88230407,-1.7030578,6.150619,0.13694534,-0.26433724,0.95465797,0
-1.9107401,4.2258816,3.9595625,-0.31333235,0.69298035,0.64930809,0
0.20068786,-1.6593305,-6.2132578,0.031191066,-0.25789446,-0.96566945,0
-0.88063222,1.3571914,-6.3216882,-0.13495393,0.20798503,-0.96877742,0
3.4797392,-3.4047556,3.978209,0.55347663,-0.54154992,0.63276166,0
-4.8425345,-3.7185357,1.8769993,-0.75812101,-0.5821538,0.29385284,0
1.3547,-2.3913186,5.5701303,0.21810327,-0.38499627,0.89677691,0
6.4137444,-0.30862352,-1.0428823,0.9859255,-0.047441833,-0.16031264,0
-1.5158517,-3.1910472,-5.4073277,-0.23468521,-0.49404013,-0.83716619,0
3.7644911,-5.3617163,0.60271084,0.57220191,-0.81497985,0.091611929,0
2.0862219,5.364511,2.6043441,0.33022034,0.84912854,0.41223198,0
1.964149,-5.2219844,2.9296639,0.31169143,-0.82867831,0.46490929,0
-4.0490661,4.5312376,-1.7318416,-0.64080399,0.7171123,-0.27408072,0
2.3989418,-4.3100324,4.2429829,0.36870074,-0.66242212,0.65211707,0
0.93618214,5.9799075,1.2531579,0.15145855,0.96744859,0.20273989,0
4.3091693,2.9026535,3.7116282,0.67487043,0.45459226,0.58128798,0
2.721005,-4.8418202,2.9755957,0.43184429,-0.76843387,0.47224978,0
-4.8260813,0.62976766,4.3236632,-0.7413193,0.09673664,0.6641444,0
1.0014693,1.1748011,-6.2121711,0.15645251,0.18353093,-0.9704839,0
0.38656256,-6.0080781,-2.3615189,0.059773836,-0.92902398,-0.36515963,0
6.2390952,1.0050004,-1.0488172,0.97395128,0.15688515,-0.16372515,0
1.8066765,-5.7130871,-2.431145,0.27939588,-0.88350791,-0.37596762,0
2.2471068,-1.0115845,-5.9693308,0.34795731,-0.15664063,-0.92433184,0
4.4707141,3.5610158,2.8856514,0.69824994,0.55617046,0.45068994,0
1.4295076,-4.4639277,-4.493928,0.22014442,-0.68744564,-0.69206566,0
-4.8268681,-4.4199767,-0.52173096,-0.73517591,-0.67320263,-0.079464369,0
0.47846621,-3.8925788,-5.1378169,0.074024603,-0.60222977,-0.79488343,0
-4.2411203,-2.0588984,3.9985271,-0.686068,-0.33305925,0.64682472,0
-2.7922707,-4.4374876,3.6954253,-0.43531436,-0.69180328,0.57611597,0
1.5884521,0.83415413,6.2304363,0.24499463,0.12865561,0.96095026,0
-2.4657717,-4.5300198,3.9713778,-0.37879872,-0.69591427,0.61009413,0
-2.4332721,-0.080990382,-6.1311154,-0.36885566,-0.012277197,-0.92940557,0
0.21342647,2.6918695,5.6096888,0.03428109,0.43237475,0.9010421,0
5.3352642,-3.5605216,0.85846281,0.82443446,-0.55019146,0.13265441,0
-3.6658747,-3.4929793,3.7459667,-0.58201832,-0.55456829,0.59473419,0
0.73948371,-0.24976109,-6.3481879,0.11561675,-0.039049629,-0.99252605,0
0.36735281,3.8200617,5.3398814,0.055863701,0.58092052,0.81204098,0
2.8190527,-5.8528919,-1.1641233,0.42713615,-0.88681626,-0.17638519,0
-1.3079758,3.5624104,-5.194622,-0.20331748,0.55375665,-0.80747479,0
-2.6809125,4.1904955,-4.090198,-0.41627237,0.65066934,-0.63509589,0
2.8330495,0.8769359,5.4432693,0.45703644,0.14147004,0.87812525,0
3.6161079,0.36046275,5.5665674,0.54395807,0.054223109,0.83735859,0
3.5445325,-1.9996302,-4.9448552,0.55346966,-0.31223711,-0.77212644,0
2.921767,-2.5220647,-5.0408912,0.46020287,-0.39724639,-0.79398274,0
-3.7802324,-1.0941966,4.7846875,-0.6101861,-0.17661971,0.77232015,0
-1.3228298,-3.5965996,-4.8168883,-0.21490879,-0.58430862,-0.78255844,0
4.169373,-4.6505961,-0.9110294,0.66054416,-0.73678327,-0.14433229,0
5.5195079,-2.960933,-1.1702054,0.86622256,-0.46468398,-0.18365012,0
3.5816638,0.82049954,5.182651,0.56376964,0.12915024,0.81577206,0
-0.34278247,-0.29441491,6.2774038,-0.054464847,-0.046779707,0.9974193,0
0.39176407,-6.1037917,1.9025851,0.061161209,-0.95290846,0.29702675,0
-2.8382032,-4.0656514,4.2449951,-0.4348242,-0.6228742,0.65035039,0
-6.0011978,-2.2672114,1.3115352,-0.91650987,-0.34625116,0.20029919,0
3.9690983,4.9861121,-1.2757376,0.61068428,0.76716173,-0.19628461,0
4.8147349,4.0360675,1.1220926,0.75441784,0.63240892,0.17581999,0
1.4858632,6.3250628,0.84774637,0.22676906,0.96531665,0.12938112,0
5.8842463,-2.4023528,0.31478137,0.92468017,-0.37751785,0.049466331,0
4.1151032,2.5557325,-4.381454,0.63002115,0.39128193,-0.67079937,0
1.3008564,-1.6896073,6.1350083,0.20028509,-0.26013875,0.94457066,0
-3.4592748,-5.2059374,-0.8883906,-0.54793555,-0.82460004,-0.14071758,0
4.5873027,-1.0539091,4.5224247,0.70278096,-0.1614603,0.69284159,0
1.147782,0.94842708,-6.0588522,0.18396538,0.15201297,-0.97110701,0
2.8607571,5.3922462,1.3488035,0.45762146,0.86257154,0.21576157,0
4.3167658,3.6532745,-2.818918,0.68316275,0.57815993,-0.44611633,0
5.4313173,-1.4574502,2.787467,0.86535394,-0.23221074,0.44411793,0
-4.9229555,2.0653434,3.4258225,-0.77608806,0.32559472,0.54006988,0
-0.86413527,-5.0886331,-3.7551339,-0.13538198,-0.79722381,-0.58830774,0
-5.7964659,2.3052819,-0.91500938,-0.91937256,0.36563882,-0.14512886,0
0.72535652,-6.2308335,0.37841299,0.11542331,-0.99148959,0.060215466,0
5.8506808,2.449604,-1.5665818,0.89550442,0.37493604,-0.2397808,0
-4.9037676,3.6416011,1.4631225,-0.78075057,0.57979548,0.23295023,0
-1.0385228,-6.1972394,0.65680057,-0.1643782,-0.9809038,0.1039589,0
-4.1667352,0.036412824,-4.7426157,-0.66001266,0.0057678069,-0.75123239,0
-2.6895616,-0.59205854,5.6593027,-0.42733476,-0.094070047,0.89918619,0
3.1907611,3.1284478,4.6487703,0.49483019,0.48516652,0.72094142,0
3.693022,-3.1928542,-4.0951967,0.57956332,-0.50106961,-0.6426785,0
-3.1257267,1.7719028,-5.3000932,-0.48815176,0.27672204,-0.82772744,0
-2.2218823,-4.7348604,3.4344897,-0.35509741,-0.75671721,0.54889423,0
-2.0065792,-5.6925259,-1.6919204,-0.32010633,-0.90811944,-0.26990932,0
0.0058859587,-2.0072098,5.9054232,0.00094368262,-0.32181147,0.94680333,0
-3.2255611,-4.1973066,-3.4366426,-0.51107949,-0.66504937,-0.54452467,0
1.690889,-2.0479114,5.8498964,0.26319343,-0.31876537,0.91055912,0
5.3737979,3.520834,-0.7832346,0.83030844,0.54400599,-0.12101801,0
5.2279177,2.5575149,3.0618021,0.79497331,0.38890362,0.46558711,0
3.9265084,-1.3224462,-4.8250146,0.61739463,-0.20793822,-0.75867355,0
5.8280807,-1.4592848,-1.3618662,0.94605321,-0.23688091,-0.22106728,0
-3.7363386,3.5586865,-3.7507172,-0.5857197,0.55787039,-0.58797371,0
4.5087767,4.545032,-1.4711387,0.68638086,0.69190007,-0.22395463,0
-2.0272679,-5.8857193,-0.77099454,-0.32319245,-0.938317,-0.122914,0
-0.15350147,4.0890474,-5.0564437,-0.023598442,0.62862688,-0.77734888,0
3.7823336,-2.4590571,-4.5245919,0.59196639,-0.38486269,-0.7081359,0
2.0208218,5.6057229,2.5477803,0.31182316,0.86499178,0.39313555,0
-3.4094787,3.3291347,-4.5855241,-0.51555479,0.50340581,-0.69338721,0
6.2821183,-0.84086525,0.51149464,0.98794872,-0.13223752,0.080439501,0
-4.6521959,-4.2678003,0.16661288,-0.73663819,-0.67577225,0.026381824,0
1.629913,-1.8508214,5.817524,0.25795144,-0.29291257,0.92068636,0
-1.6035446,-6.0712953,0.33728769,-0.25499469,-0.96545374,0.053635288,0
-0.21902484,2.4930995,5.7771072,-0.03478843,0.39598712,0.91759682,0
-4.1103988,4.7199516,-1.9549006,-0.6268667,0.71982807,-0.29813704,0
2.0622211,3.6887846,4.8341494,0.32116958,0.57449001,0.75286871,0
3.5033038,-1.1640017,5.2492051,0.54591256,-0.18138397,0.81797272,0
-3.9395497,4.3627672,-2.531038,-0.61555511,0.68168288,-0.39547497,0
-3.5219212,5.0565834,0.68796903,-0.5680055,0.81551152,0.1109537,0
4.7543397,1.0021919,-3.9612415,0.75839651,0.15986633,-0.6318841,0
-6.1461692,1.2763038,-1.1081485,-0.9642033,0.20022492,-0.17384493,0
-3.4290121,-5.2131267,1.5636179,-0.53305894,-0.81040949,0.24307309,0
-3.1616266,-2.9590442,4.7410722,-0.49238643,-0.46083659,0.7383666,0
-5.0229783,3.4824686,-1.2654771,-0.80473989,0.55793226,-0.20274425,0
5.1093006,-3.5645804,-0.51118034,0.81738359,-0.57025993,-0.0817784,0
-3.865088,5.1938148,-0.16705033,-0.59680456,0.80197197,-0.025794081,0
4.1785674,0.83626699,4.6219497,0.6646713,0.13302231,0.73519868,0
-3.185689,5.447216,-0.33078372,-0.50414175,0.86203301,-0.052347198,0
3.6808848,5.0370336,-1.6873389,0.56954986,0.7793892,-0.26108497,0
1.8743439,5.8871102,1.2056674,0.29775932,0.93522966,0.191533,0
2.0003982,-1.9138883,-5.6914501,0.31606495,-0.30239633,-0.89925492,0
-3.4302027,-5.0154414,-2.0508034,-0.53488159,-0.78207254,-0.31978783,0
-3.4512117,2.9177542,4.5343022,-0.53909361,0.45576534,0.70827687,0
-5.1557603,2.3380685,-3.0260494,-0.80318505,0.3642337,-0.47141013,0
-4.8531795,-0.064529933,-3.9260442,-0.77741635,-0.010336858,-0.62890136,0
6.0609775,-2.1848683,-1.612325,0.91260028,-0.32897523,-0.24276748,0
3.785404,2.9356568,-4.3116474,0.5873422,0.45549566,-0.66899395,0
-1.5052396,5.9403172,-1.8841834,-0.23478346,0.92655563,-0.29389015,0
3.6092846,5.2684827,0.8056106,0.56072342,0.81848955,0.12515631,0
-2.5367746,5.7164474,0.83162212,-0.40208262,0.90606558,0.13181338,0
-2.3674142,-4.4387255,-3.7156751,-0.37854081,-0.70973587,-0.59412277,0
4.8291759,1.1872618,3.9033012,0.76388168,0.18780172,0.61742634,0
3.6965642,-3.3538101,4.2199688,0.5655601,-0.51312,0.64563894,0
-4.8789277,-1.7002149,-3.9063127,-0.75324798,-0.26249281,-0.60308784,0
4.9147401,1.3636962,-4.1021142,0.75087446,0.20834564,-0.62672138,0
-4.1832542,-4.9638696,-1.2560562,-0.63268512,-0.7507472,-0.18996887,0
-0.31200895,0.43409759,-6.4890471,-0.047920056,0.066671103,-0.99662364,0
4.0184655,4.5734825,-1.97603,0.62781239,0.71452373,-0.30871886,0
-5.807632,2.1096659,-0.93511301,-0.92932564,0.3375845,-0.14963491,0
3.9168038,-4.8271589,0.96452171,0.62263238,-0.76734644,0.15332462,0
2.0482969,-6.1060729,0.91575587,0.31486839,-0.93863797,0.14077187,0
1.6338233,-3.5262263,5.3865047,0.2459783,-0.53088677,0.81095868,0
3.1369219,-5.3364739,-1.8499615,0.48553932,-0.82599062,-0.28634092,0
-4.771091,-1.6658705,3.8331118,-0.75220519,-0.2626394,0.60432434,0
4.926249,-1.6003844,-3.8516068,0.76319534,-0.24793832,-0.59670722,0
-4.6811066,-3.96592,2.3044379,-0.7142632,-0.60513699,0.35162097,0
5.234664,3.8809981,-0.5728749,0.80021614,0.59328306,-0.087574631,0
-1.0810666,3.2686486,5.3412676,-0.17012143,0.51436901,0.84052551,0
2.2533514,-0.56719631,-5.9710164,0.35168996,-0.088524699,-0.93192148,0
2.8629196,3.7807019,-4.2509956,0.44952613,0.59363323,-0.66747725,0
2.9992802,5.5736513,-1.4069511,0.46257445,0.85961586,-0.21699195,0
1.0957096,-1.8392305,-6.1236596,0.16890574,-0.28352094,-0.9439739,0
-2.426353,-5.2618976,2.465894,-0.38530344,-0.83558631,0.39158255,0
2.1418314,5.3290973,-2.9105632,0.33264467,0.82765424,-0.45203528,0
3.4500339,3.9073293,3.4853342,0.55021238,0.623142,0.5558421,0
-4.2825437,-1.0336293,4.5352111,-0.6773268,-0.16347875,0.71728867,0
5.0901427,3.2072954,2.353147,0.78792894,0.49647349,0.36425552,0
-3.5602562,4.3975453,3.3313107,-0.54223168,0.66975188,0.50736296,0
-0.55692333,6.4596109,-0.040109735,-0.085895933,0.9962849,-0.0061862431,0
-5.9209871,0.94159049,2.0145135,-0.9361558,0.14887305,0.31851083,0
4.3813901,-3.0303767,-3.4712903,0.68906802,-0.47659203,-0.54593521,0
0.5932703,3.709259,-4.9700527,0.095229082,0.5953936,-0.79777056,0
2.4594183,1.6961708,-5.5459261,0.39041814,0.26925713,-0.88038307,0
-1.534161,4.473186,-4.6108637,-0.23228043,0.67726505,-0.69811016,0
0.33602998,6.3567977,-1.3468238,0.051644552,0.97697824,-0.20699377,0
-5.6019092,-2.2966528,-1.5088578,-0.8977989,-0.36807671,-0.2418195,0
6.3080492,0.16476867,-0.29949376,0.99853498,0.026082117,-0.047408476,0
-4.0692964,5.1924396,0.33168682,-0.61606091,0.78609633,0.050214894,0
-3.7372122,-1.43104,5.0435376,-0.5804643,-0.22226933,0.78336293,0
2.6200819,4.7492204,3.3281071,0.41172537,0.74630278,0.52298599,0
6.2317233,-0.045799896,-0.059470285,0.99992746,-0.0073489421,-0.0095424606,0
-4.2315898,4.058218,2.81359,-0.65069222,0.6240328,0.43264619,0
-2.5914352,5.4520245,-2.562386,-0.39516294,0.83136863,-0.39073327,0
0.056201149,3.2463162,-5.6191974,0.0086599607,0.5002206,-0.86585468,0
-0.80006671,3.7073567,-5.0702109,-0.126357,0.58551425,-0.80075401,0
5.6075673,-1.5172459,2.5323453,0.88487053,-0.23942043,0.39960244,0
-0.95482939,2.1236215,-5.9568806,-0.14929073,0.33203524,-0.93137795,0
-4.6478682,4.529933,0.32647854,-0.71522969,0.69708145,0.050239623,0
-5.7217422,1.5558144,-2.3313758,-0.89804119,0.2441888,-0.36591503,0
4.6376915,2.4311209,3.984863,0.70480603,0.36946586,0.60559344,0
2.6656942,5.8701482,0.77552962,0.41051504,0.90399873,0.11943102,0
-0.8748129,1.1998267,6.2479348,-0.13622211,0.18683186,0.97290158,0
2.3119209,-5.9845071,-1.1965672,0.35425308,-0.91699946,-0.18334867,0
2.1772056,-5.2538199,-3.2987478,0.33115706,-0.7991159,-0.50174576,0
3.9115665,1.4012318,4.7470598,0.62003762,0.22211468,0.7524749,0
3.1113787,-3.7849033,-3.9664993,0.49356329,-0.60040563,-0.62921256,0
4.9412861,-4.2170038,0.11732323,0.76052922,-0.64905262,0.018057596,0
2.5711808,-5.6376219,-0.9676773,0.40998673,-0.89894503,-0.15430064,0
-6.403368,0.43317088,-0.94449657,-0.98708826,0.066773906,-0.14559548,0
1.9538234,5.1312451,-3.096837,0.30994529,0.81399637,-0.49126753,0
5.9248023,-1.4722464,-1.3664693,0.94705319,-0.23533201,-0.21842401,0
-3.2767274,3.7303233,3.9866958,-0.51459593,0.58583117,0.62609339,0
-2.1037781,-0.33140129,-6.0624003,-0.32740542,-0.051575106,-0.94347531,0
-0.80395782,-6.2445498,-0.010184759,-0.12769143,-0.99181265,-0.0016176302,0
5.117311,0.73003221,-3.7985163,0.79774582,0.1138059,-0.59215683,0
-5.2579226,1.3172636,-3.1747134,-0.83702242,0.20969863,-0.50539088,0
-1.1387579,-3.644208,-5.0476227,-0.17992862,-0.57580042,-0.79754597,0
-0.54020292,-0.61994386,6.1913404,-0.08649189,-0.099259213,0.99129552,0
1.2072778,2.5049608,-5.7738695,0.18838455,0.390876,-0.90095901,0
1.0667704,4.7865272,-4.1154127,0.16663109,0.74766248,-0.64283347,0
4.8498225,-0.73865223,-3.973973,0.76818085,-0.11699779,-0.62945187,0
1.8990027,-5.2827449,-2.9966009,0.29842445,-0.83017272,-0.4709098,0
4.7644649,-1.6212921,-3.9564805,0.74424368,-0.25325748,-0.61803073,0
-2.6566374,5.095438,2.8080487,-0.41537172,0.79668409,0.43904525,0
2.0766358,5.9927349,1.4364425,0.31933638,0.92153776,0.22089013,0
2.0790758,-4.901979,3.3164062,0.33143258,-0.78144121,0.52867967,0
2.306859,-1.6407857,-5.6842332,0.36327684,-0.25838572,-0.89513505,0
3.2836185,-4.5423923,2.4164546,0.53797483,-0.74420726,0.39590222,0
-5.5131807,1.9495251,-2.142266,-0.88525766,0.31303746,-0.34398609,0
-5.4431877,-2.463361,-2.6034243,-0.83519989,-0.37797683,-0.39946806,0
-3.5764599,-4.9364214,-0.76801264,-0.58210278,-0.80344945,-0.12500134,0
-5.5378351,0.52883768,-3.0518692,-0.87276375,0.083344907,-0.48097509,0
-1.6177307,5.3176622,2.9459717,-0.2571609,0.84531671,0.46830335,0
-3.9368703,-3.3070571,3.8481629,-0.61301494,-0.51494598,0.59920222,0
-0.74331778,-4.5129619,4.3943167,-0.11719334,-0.71152484,0.69281894,0
-4.1419277,2.6486006,-4.1060448,-0.64662194,0.4134894,-0.64102,0
-5.6728425,0.59374821,-3.2818835,-0.86205411,0.090226918,-0.4987202,0
5.3217034,-1.0156753,-3.1320655,0.85039061,-0.16230156,-0.50049371,0
-3.1500878,-0.58379239,-5.7162819,-0.48072082,-0.089089945,-0.87233621,0
2.1559763,2.8964014,5.5037856,0.32753259,0.44001681,0.83612657,0
1.9074345,2.8261466,-5.6901588,0.28754574,0.42604157,-0.85779136,0
0.025571084,4.2197208,4.9323778,0.0039393753,0.65007275,0.75986171,0
-0.82372379,-2.4656465,-5.7323928,-0.13086814,-0.39172664,-0.91072702,0
4.9731846,3.3992834,-2.5843744,0.75869751,0.51858681,-0.39426616,0
0.87861222,1.0734044,-6.3200626,0.13578741,0.16589209,-0.97675055,0
-5.9625525,-2.0558937,1.7279165,-0.91178173,-0.31438318,0.26422957,0
-4.9464993,-0.97509706,3.6535785,-0.79444736,-0.15660839,0.58679396,0
2.7842953,1.5597111,5.3243132,0.44853583,0.25126153,0.85771978,0
-1.8738476,5.6102128,-2.5122626,-0.29159069,0.87300903,-0.39093488,0
-3.6949811,1.2709743,5.0173888,-0.58102322,0.19985639,0.78896731,0
5.7399392,-1.5904074,2.6201971,0.88211048,-0.24441287,0.40267035,0
4.5956302,1.2139397,4.327569,0.71492088,0.18884698,0.67321986,0
5.1836476,-1.0583683,-3.5735605,0.81192279,-0.16577388,-0.55973232,0
6.2477865,-0.64679784,-1.3455368,0.9726181,-0.10068963,-0.20946515,0
-3.1643527,-5.0845327,-2.4306078,-0.4895924,-0.78668499,-0.37606654,0
3.4807427,3.0528431,4.5726442,0.53490102,0.46914381,0.70269829,0
1.2517598,5.8842692,2.2456827,0.19493508,0.91635036,0.34971753,0
4.0364337,4.8000536,1.1835161,0.63243979,0.75208592,0.18543664,0
1.0716087,6.1454797,-1.5451387,0.16674273,0.95623904,-0.24042419,0
6.5135221,0.17481114,0.13726932,0.99941826,0.026822576,0.021062255,0
-6.2062683,0.74036187,-1.3783448,-0.96966147,0.11567344,-0.21535128,0
-2.0868106,-4.5674844,3.8295205,-0.33044183,-0.72325104,0.60639608,0
-2.5769441,-4.4026489,-3.9889178,-0.39793715,-0.67986631,-0.61597711,0
6.4365187,0.29934874,-1.428009,0.97525704,0.045357123,-0.21637098,0
1.0233214,-4.2081418,4.918644,0.15614821,-0.64211875,0.750534,0
-5.7128825,-1.1434792,2.5416641,-0.89875174,-0.17989236,0.39985508,0
1.3981644,-3.4870005,-5.4120998,0.21222135,-0.52927679,-0.82147932,0
4.7812185,3.828167,-1.3852239,0.76138538,0.60961664,-0.22059004,0
-6.2255235,1.1424872,-0.30069917,-0.98246646,0.18029894,-0.047454137,0
3.2231021,2.6042254,4.823175,0.50687861,0.40955144,0.75851279,0
-1.1830113,3.2072976,-5.5918069,-0.18050289,0.48936683,-0.85319328,0
-6.1529269,-1.0743006,-1.4890364,-0.95824337,-0.16730924,-0.23189928,0
-5.641737,-1.7231804,2.694593,-0.86992419,-0.26570475,0.41549113,0
1.6435192,5.973444,-1.2523559,0.26002061,0.94505656,-0.19813481,0
2.2873983,-3.0851393,5.0303478,0.36142251,-0.4874703,0.79482478,0
6.318995,1.5154054,-1.0525948,0.95991564,0.23020455,-0.15989919,0
5.9115987,1.2696434,-1.4513198,0.95070142,0.20418365,-0.23340079,0
4.8297381,4.107749,0.79414511,0.75584114,0.64285177,0.12428159,0
-1.5106641,5.1648207,3.3689427,-0.23794486,0.81351143,0.53064251,0
-4.0366683,-5.1685605,-0.77722025,-0.61124623,-0.78264123,-0.11768936,0
1.7624421,-3.8249199,-4.8580227,0.27412426,-0.59491509,-0.75560033,0
5.9004483,2.3179212,1.0383446,0.91851807,0.36082894,0.16163827,0
5.0692339,2.2083714,-3.4566073,0.77738225,0.33866039,-0.53008109,0
-5.8753843,0.49624312,2.4300356,-0.92127931,0.07781253,0.38103747,0
6.1356959,1.6473515,-1.8054682,0.92900866,0.24942628,-0.27336681,0
3.1683991,1.883744,-5.1684604,0.49909833,0.29673457,-0.81415564,0
-0.47951353,-5.2908278,3.8107517,-0.073343247,-0.8092503,0.58286756,0
-1.7713006,-6.1018996,-0.76092547,-0.27680054,-0.95354182,-0.11890957,0
-5.8073759,-0.92355013,2.3021994,-0.91962236,-0.14624804,0.36456293,0
5.8120432,1.0421282,1.9715439,0.93363464,0.16740532,0.31670475,0
6.3063703,-1.9132837,0.66853422,0.95204294,-0.2888394,0.10092545,0
-2.237107,-1.3639951,5.700181,-0.35659453,-0.21742062,0.90860802,0
-3.6353233,-4.4270959,-2.7540238,-0.57194674,-0.69651657,-0.43329155,0
6.2975197,-0.1502367,0.46587548,0.99699271,-0.023784744,0.073755138,0
2.4371729,-5.3066015,2.0297503,0.39422357,-0.85836643,0.32832116,0
-4.576107,4.1162405,1.7714056,-0.71447563,0.64267582,0.27657264,0
-2.0362954,5.0736332,-3.2315934,-0.32064086,0.79890871,-0.50885588,0
5.8243017,2.916939,0.71442616,0.88880324,0.44513232,0.10902324,0
-6.4666753,-0.62911797,0.9654727,-0.98449087,-0.095777333,0.14698419,0
-4.5115595,3.7670026,2.278029,-0.71572489,0.5976066,0.36139214,0
-1.6059405,-5.7759337,2.5766034,-0.24611041,-0.88516194,0.39486453,0
-4.0104451,5.0013056,0.52293545,-0.62351775,0.77757025,0.081302576,0
0.46106806,-4.6898494,-4.6963491,0.069301844,-0.70491809,-0.70589501,0
4.2104664,2.3140979,4.3914957,0.64685905,0.35551766,0.67467076,0
-0.21023856,2.4666796,-5.7204766,-0.033728927,0.39573357,-0.91774577,0
-3.4288609,-5.3265853,-0.21394691,-0.54096591,-0.8403669,-0.033754062,0
0.95945215,3.2241628,5.5537825,0.14776501,0.49655259,0.85533679,0
3.818491,-0.82386768,4.8164964,0.61573935,-0.13285032,0.77666968,0
3.1761885,-5.3855391,-0.22031122,0.50768197,-0.86082458,-0.035214547,0
6.2880378,-0.62432623,-0.12312629,0.99491829,-0.098783374,-0.01948153,0
0.26224405,3.45193,-5.2441635,0.041733511,0.54934007,-0.83455604,0
1.107796,-1.3141034,-6.1887951,0.1724726,-0.20459256,-0.96353263,0
-4.2553434,-2.126653,-4.3612766,-0.6593563,-0.32952029,-0.6757704,0
5.3781233,3.2465549,-1.2109063,0.84063327,0.50745618,-0.18927199,0
-2.5059068,4.3197012,4.1310897,-0.38664547,0.66650242,0.63740087,0
0.11617864,-1.8892655,-5.8854365,0.018792054,-0.30559129,-0.95197737,0
-6.0708094,-2.1118934,-1.5233653,-0.91902393,-0.31970704,-0.23061325,0
4.8318377,-4.0672102,-1.0990875,0.75371659,-0.63444263,-0.17144626,0
-1.1582072,3.3284278,5.3028731,-0.18190412,0.52275169,0.83285141,0
3.9106269,-4.3937626,-2.5646942,0.6094321,-0.68472397,-0.39968196,0
4.0669417,-0.39677742,-5.0264235,0.62782395,-0.061251525,-0.77594155,0
-1.4907904,4.025084,4.7724004,-0.23225777,0.62708819,0.74351639,0
-2.211133,-4.1623168,4.522459,-0.33850938,-0.63722235,0.69235766,0
1.81179,-5.4901199,2.4343321,0.28882557,-0.87520462,0.38806778,0
5.9413595,1.9625615,-1.2082008,0.93231612,0.30796447,-0.18959045,0
-0.0095744133,3.2724075,5.2656446,-0.0015443455,0.52783686,0.84934443,0
-1.8044499,4.0713468,4.7068686,-0.27847737,0.62832332,0.72640216,0
3.9651284,-4.465066,-1.8449584,0.63441706,-0.71440661,-0.29519174,0
-1.8646983,-0.9465068,6.1094131,-0.2887696,-0.14657727,0.94611168,0
-1.0341642,-0.12554215,6.2502613,-0.1632079,-0.01981259,0.98639274,0
0.49915585,5.6046486,-3.0964043,0.077719443,0.8726536,-0.48211557,0
-0.46620765,-5.3131442,-3.5854883,-0.072542213,-0.8267287,-0.5579043,0
3.7565424,-3.9902301,3.6935716,0.56841666,-0.60377681,0.55888832,0
5.0231624,-2.4922175,2.9497795,0.7928009,-0.39334431,0.46556088,0
-3.9783406,4.417872,2.1126306,-0.63054609,0.70020944,0.33484083,0
-4.7034478,0.31931266,4.2211103,-0.74328882,0.050461181,0.66706473,0
-2.074158,-2.324851,5.6480217,-0.32155666,-0.3604216,0.87561268,0
-4.1323037,2.4991293,4.3342552,-0.63681501,0.38513216,0.66793704,0
0.67159057,-6.4429193,-1.2189783,0.10188704,-0.97745556,-0.18493125,0
5.2747273,2.2892947,-2.8709931,0.82071483,0.35620007,-0.44670871,0
2.3359866,-5.4474354,-2.3593616,0.36617103,-0.85389745,-0.36983511,0
1.2486693,5.9053321,1.5767102,0.20015727,0.94660389,0.2527411,0
-1.641638,-0.9332425,6.2121716,-0.25283813,-0.14373405,0.95677239,0
2.52355,2.9626031,5.0199599,0.39729705,0.4664197,0.79032129,0
2.6595275,0.93829775,5.6260262,0.42259648,0.14909466,0.89397037,0
5.7370825,0.83170307,2.5292764,0.90707743,0.13149874,0.39989829,0
5.1146064,-2.73891,2.646301,0.80206317,-0.42951083,0.41498807,0
-5.7479572,-1.7778857,2.3638799,-0.88917792,-0.2750293,0.36567947,0
-2.2512143,-3.1309028,4.9399157,-0.35922638,-0.49959832,0.78826261,0
2.5072689,-1.5637057,-5.666431,0.39233583,-0.24468766,-0.88667947,0
0.37449515,-6.0341072,1.6590371,0.05973554,-0.96249753,0.2646322,0
-6.3629146,0.19256844,1.6123981,-0.96894389,0.029324299,0.24553581,0
-5.8484898,0.22562064,2.2534635,-0.93252522,0.035974577,0.35930839,0
1.100372,-1.6856833,-6.203969,0.16870685,-0.25844562,-0.95118028,0
5.1718907,3.2414515,2.4647317,0.78569347,0.49242869,0.37443244,0
-0.46627861,-6.0881371,1.5638244,-0.073976725,-0.96590418,0.24810618,0
-3.2877765,1.3838553,5.0385871,-0.53256428,0.22416121,0.81616604,0
-1.2773883,-2.7754381,-5.3784337,-0.20650817,-0.44868943,-0.86950105,0
6.1748266,-2.1677918,0.03119112,0.94353259,-0.3312453,0.0047660996,0
3.3206825,-3.5475132,4.1845551,0.51783186,-0.55320412,0.65254533,0
3.62414,5.0942087,1.5298645,0.563079,0.79148209,0.23769352,0
-1.6788236,-2.0997531,5.791326,-0.2629368,-0.32886267,0.90703559,0
-0.37340704,4.6323934,-4.485486,-0.057812311,0.71720493,-0.69446015,0
-2.5551691,1.5862074,5.7809725,-0.39210844,0.24341454,0.88713038,0
1.0568457,-5.8130245,2.7347798,0.16232829,-0.89286292,0.4200539,0
-3.7829571,-4.9235816,1.9688923,-0.58076471,-0.75587493,0.30226704,0
-6.0965633,-1.3783484,1.1755239,-0.95857698,-0.21672095,0.18483038,0
-1.6120993,4.9952831,-3.5599158,-0.25418228,0.78761429,-0.56129766,0
-0.21525683,5.6856313,-3.2394404,-0.032877352,0.86839759,-0.49477747,0
1.1745201,4.8395376,3.8146517,0.18723024,0.77147067,0.60809362,0
2.8631372,-5.4528494,1.9940574,0.44227958,-0.84232217,0.30802956,0
-6.0697236,-1.9275151,-1.9062241,-0.91307026,-0.28995666,-0.28675386,0
-3.1695259,4.8064914,-2.5211782,-0.50427854,0.76472342,-0.40112504,0
-0.19841227,-5.9830236,-1.8108385,-0.031724621,-0.95664018,-0.28953937,0
-5.5864758,-2.4531431,2.0878999,-0.8662926,-0.38040793,0.32376981,0
-1.6278571,4.5928593,3.9983959,-0.25825521,0.72864497,0.63433492,0
-6.170188,-0.49340096,1.6346723,-0.96377641,-0.077068672,0.25533396,0
3.260812,-3.5989225,-4.0163617,0.51741785,-0.57106835,-0.63730663,0
3.8560903,-3.6460826,-3.4432595,0.60955369,-0.57635659,-0.54429525,0
-4.8579693,-3.8942337,0.24667306,-0.77964109,-0.62497401,0.039587829,0
-3.1447036,3.6651251,-4.4179068,-0.48045638,0.55996782,-0.67497981,0
-6.0858817,-0.045269024,-1.246996,-0.97962075,-0.0072867787,-0.20072411,0
6.0683236,1.9320561,-1.4487792,0.92913079,0.29582021,-0.22182493,0
-2.0021141,2.3392022,5.5342164,-0.31613603,0.36936259,0.87385887,0
0.73409474,4.7716694,-4.0293474,0.11673882,0.75881088,-0.6407637,0
0.42004275,-4.3588409,4.7031074,0.065364808,-0.67829949,0.73187238,0
-2.4797258,-5.2058249,2.7346189,-0.38856012,-0.81572562,0.42850053,0
1.9284718,-5.0963345,3.5379329,0.29683346,-0.78443593,0.54456425,0
-1.6392505,0.83660561,6.2623549,-0.25114205,0.1281725,0.95942664,0
5.4479713,-3.3288674,0.31165349,0.85229826,-0.52077878,0.048756078,0
-0.22522917,-1.8338749,6.1373343,-0.035140324,-0.28612173,0.95754874,0
-0.18613869,-6.3343534,0.17918441,-0.029361172,-0.99916917,0.028264217,0
2.6339777,-5.6892657,-1.1575396,0.41314828,-0.89238054,-0.18156399,0
4.5969148,-4.4334674,-0.52175879,0.71739721,-0.69188952,-0.081425987,0
-4.6531053,-3.6159976,-2.2097683,-0.73933452,-0.57454789,-0.35111135,0
0.7658996,5.6656623,2.4529293,0.12311145,0.91070408,0.39428625,0
5.8304248,2.0894542,-1.5167321,0.91435683,0.32767883,-0.23786163,0
3.0685828,-5.7577152,0.35516697,0.46963051,-0.88118815,0.054356445,0
-2.9015274,5.3250785,1.6144584,-0.46235856,0.84855157,0.25726405,0
5.8755755,-1.2232608,2.4283106,0.90753496,-0.18894352,0.37507421,0
3.5618799,-1.2345318,-5.3090239,0.54703206,-0.18959887,-0.81535769,0
-4.7485662,4.0981932,0.36690342,-0.75575525,0.65224552,0.058394298,0
2.9024034,-2.1814349,-5.411015,0.44540915,-0.33476776,-0.83038616,0
4.2650204,-4.6305947,1.0061908,0.66898495,-0.7263267,0.1578249,0
-5.6894035,-1.8280921,-2.3102059,-0.88801277,-0.28533205,-0.36058128,0
6.0276728,1.4648509,1.6483099,0.93912739,0.22822766,0.25681105,0
0.15222657,-2.1744747,5.9263515,0.024107387,-0.34436107,0.9385277,0
0.11596312,5.7452412,2.3515296,0.018676799,0.92531753,0.37873286,0
-1.3778924,-5.182817,-3.8447382,-0.20881425,-0.78543586,-0.58265519,0
0.67382765,1.258804,-6.3861156,0.10297218,0.19236638,-0.97590566,0
0.85460794,5.9704289,1.877908,0.13528965,0.94515538,0.29728431,0
0.79280007,-5.1877427,3.9339776,0.12087645,-0.79096347,0.5998047,0
0.095748194,2.4170079,-5.8279929,0.015173946,0.38304165,-0.9236064,0
3.4618104,5.0918555,-1.6031103,0.54409808,0.80029482,-0.25196332,0
5.8846583,2.1283844,-1.0404078,0.92764807,0.33551508,-0.16400822,0
5.0117078,-2.2486908,-3.1477938,0.79160535,-0.35518345,-0.49719787,0
4.4144654,-4.4336128,-0.91544867,0.69814122,-0.70116937,-0.14477687,0
5.8126407,-1.425073,2.1735935,0.91289365,-0.22381224,0.34136975,0
-0.19105518,-1.6663581,6.1661329,-0.02989823,-0.26076844,0.96493834,0
-1.9090664,-1.1173042,-6.0152574,-0.29786932,-0.17433162,-0.93855327,0
2.2986314,4.6002965,-3.6937764,0.36303547,0.72655004,-0.58337837,0
6.1512008,0.42285633,-1.2089915,0.97900248,0.067300253,-0.19241863,0
-0.25120279,-5.3526149,3.1139231,-0.040532343,-0.86366087,0.50244105,0
1.5262139,5.9143023,1.2244339,0.24499506,0.94939178,0.19655192,0
-2.3007703,-1.4130304,-5.7860103,-0.36034042,-0.22130498,-0.90618926,0
1.7049459,2.7823148,5.3149829,0.2733705,0.44611549,0.85220277,0
1.0249344,6.4714251,0.19004682,0.15636295,0.98727399,0.028993348,0
6.4300637,-0.017425014,0.87824845,0.99079728,-0.0026849899,0.13532777,0
1.3084965,-2.1386573,-6.0578356,0.1995824,-0.32620519,-0.92398971,0
-4.5373511,-4.2947922,-1.5606272,-0.70460224,-0.66693538,-0.24234876,0
-3.6702964,-2.6791222,4.7456861,-0.55860978,-0.40775561,0.7222814,0
4.2412128,-0.032690253,4.734189,0.66725421,-0.0051430357,0.74481231,0
-0.082652107,-4.7946711,4.0904875,-0.013113141,-0.76069683,0.64897484,0
-5.7621241,-1.8761238,1.528105,-0.92200458,-0.30020088,0.24451396,0
-3.4442916,-3.0279851,-4.4246182,-0.54049081,-0.47516248,-0.69432724,0
2.7059963,1.7349656,-5.6035781,0.41887981,0.26856726,-0.86741644,0
-2.3702302,5.8542037,1.1301334,-0.36941665,0.91241783,0.17613904,0
-5.8385615,-0.48896316,2.7022109,-0.90490615,-0.07578335,0.41880986,0
-0.94853902,-6.3086586,0.19870131,-0.1486118,-0.98840547,0.031131413,0
-2.3750224,1.5865867,5.9648571,-0.35912091,0.23990361,0.90193039,0
-2.1751437,6.110249,-0.7119599,-0.33336455,0.9364624,-0.10911563,0
2.7761774,2.3455541,-5.2088661,0.43709263,0.36929354,-0.82010502,0
1.1641864,-4.2819405,-4.5163827,0.18387175,-0.67629027,-0.71331811,0
-2.4359639,5.7674451,0.91210401,-0.38501883,0.91157961,0.14416356,0
0.65020722,2.0348732,-6.1138296,0.10039803,0.31420332,-0.94403207,0
-1.2890043,5.5885801,2.6992924,-0.20335262,0.88165128,0.42583889,0
-2.0733445,-3.7857835,-4.6440806,-0.32701454,-0.59710592,-0.73247933,0
-0.91647708,1.3620759,6.1613169,-0.14373215,0.21361592,0.96628636,0
6.0666776,-1.1103234,2.0101998,0.93523735,-0.17116715,0.30989185,0
-3.5323482,-5.313168,-1.0409175,-0.54641604,-0.82188964,-0.16101868,0
3.3853767,5.5829248,-0.061613902,0.51847863,0.85503846,-0.0094363187,0
-4.9471555,-1.4767004,-3.6907749,-0.77952141,-0.23268312,-0.581554,0
1.8530996,3.570996,5.1540194,0.28342044,0.54616243,0.78827631,0
-5.8413844,0.35766304,1.9232045,-0.94824153,0.058060031,0.31219697,0
-1.1579363,-5.4912238,3.3704734,-0.17688325,-0.83882463,0.5148645,0
0.74852139,2.1437201,-5.9034429,0.11834207,0.33892456,-0.93334097,0
5.8703995,2.4148595,1.4054563,0.90294135,0.37143579,0.21617687,0
-4.3762689,-4.8680091,-0.62378991,-0.66553271,-0.74031544,-0.09486451,0
-1.4434037,2.0750945,5.8884139,-0.22524922,0.32382721,0.9189117,0
1.1197515,-5.2729225,-3.1713834,0.17903943,-0.84309882,-0.50707924,0
5.0160313,-1.4310607,3.4866142,0.79947561,-0.2280883,0.55571085,0
2.9438064,2.8057535,-5.0203638,0.45563915,0.43427148,-0.77704644,0
-3.8982611,-4.2077241,3.1661098,-0.59499401,-0.64222753,0.48324528,0
0.40153173,-0.9150058,6.3272557,0.062683783,-0.14284307,0.9877584,0
-4.2676082,2.9146426,-3.7512352,-0.66828883,0.45642033,-0.58742708,0
5.4730806,-2.4333146,-2.1974685,0.85784858,-0.3813968,-0.34443039,0
-0.60691917,-5.5456629,-3.2981122,-0.093649358,-0.85571164,-0.50890809,0
-2.3707764,-5.6021972,1.9135371,-0.37176672,-0.87849295,0.30006599,0
-3.2773297,-0.16354144,5.6096401,-0.50428993,-0.025164479,0.86316764,0
2.8224726,-5.6144371,1.4155015,0.43817547,-0.87161475,0.2197499,0
3.0140345,2.691782,4.9739633,0.4703095,0.42002526,0.77613646,0
1.5705655,-4.1368184,-4.8655934,0.23880489,-0.6290043,-0.73981476,0
0.85679668,1.3951125,6.0915585,0.1358327,0.22117487,0.96572828,0
-2.7042572,-5.8326926,-0.55109495,-0.41909087,-0.9039185,-0.085405655,0
5.2639623,-0.71276903,-3.7034113,0.81289959,-0.11007101,-0.57190788,0
2.2388525,1.3931125,-5.9896479,0.34210229,0.2128711,-0.91523325,0
4.2226419,4.0255342,-2.0249357,0.68378055,0.6518625,-0.32790175,0
-6.3751898,-1.2877707,1.0088756,-0.96861845,-0.19565827,0.15328415,0
3.1061358,2.0930264,5.2023587,0.48454547,0.32650423,0.81154835,0
-1.3031331,-5.1790581,3.8579235,-0.19779806,-0.7861113,0.58558083,0
-0.9039979,-6.4518476,-0.14185983,-0.13872625,-0.9900915,-0.021769611,0
0.51171678,3.1684542,5.4149456,0.081293948,0.50335687,0.860246,0
5.9070702,1.4244468,2.3028772,0.90904069,0.21920852,0.35439041,0
6.4602056,1.2105608,-0.083763167,0.9828124,0.18416661,-0.012743168,0
1.3753254,-2.1840346,6.0354133,0.20952152,-0.33272287,0.91945434,0
-1.5735637,-5.7718344,2.7571285,-0.23888002,-0.8762123,0.41855496,0
-1.834975,-6.1437416,-1.4135128,-0.27947152,-0.93570799,-0.21528171,0
-0.5991717,-0.16255298,6.4911537,-0.09188658,-0.024928477,0.99545741,0
3.9153852,-4.203383,2.5992284,0.62098414,-0.66666085,0.4122403,0
6.0437093,-0.5998072,1.5457069,0.96436906,-0.095708691,0.24664189,0
-5.0418458,-0.83954346,-3.5218139,-0.81226945,-0.13525513,-0.56738383,0
-3.6975391,-0.46814826,-4.9035044,-0.60033125,-0.076008402,-0.79613137,0
3.3393929,3.7624505,-4.0095253,0.51910114,0.58486444,-0.6232717,0
3.6648245,3.7585578,-3.7231333,0.56944424,0.58400857,-0.57850432,0
0.47869468,5.235074,-3.4103086,0.076393053,0.8354454,-0.54423809,0
5.8973742,1.7904259,-1.816188,0.91785079,0.27865687,-0.28266641,0
0.062213134,-6.4272304,-1.0672755,0.0095484257,-0.98644656,-0.16380467,0
-5.2907677,-1.1470927,3.5587583,-0.81664765,-0.17705758,0.54930621,0
-6.3879261,-1.1506677,-0.6348182,-0.97948718,-0.17643665,-0.097339302,0
-5.9518757,2.2216144,-0.63103008,-0.93227547,0.34798384,-0.098841757,0
0.549196,2.8791959,5.6066527,0.08680737,0.45509329,0.88620234,0
3.2667069,-4.304791,-3.6238823,0.50206476,-0.66160941,-0.55695957,0
-3.8630881,4.6146641,1.9814594,-0.60970563,0.72832578,0.31273088,0
-0.36614567,-4.4247975,4.6294584,-0.057081651,-0.68982041,0.72172678,0
-1.1404651,-0.67010593,-6.434289,-0.1736172,-0.10201269,-0.97951543,0
-6.5006981,0.28324303,0.36145082,-0.99751431,0.043462865,0.055463638,0
-1.7661206,2.178261,-5.5592613,-0.28364548,0.34983674,-0.89283788,0
3.8134892,-4.7975602,-1.5115927,0.60414332,-0.76004255,-0.23947063,0
-1.9906377,1.8098831,-6.0060916,-0.30247593,0.27501041,-0.9126212,0
5.4537544,-0.3677884,-3.0975597,0.86804509,-0.058538925,-0.49302211,0
-4.3351841,4.1530566,-1.9032311,-0.68835002,0.65943146,-0.30219921,0
-0.32494777,2.8674698,-5.7293391,-0.050653707,0.44698867,-0.89310431,0
1.4122918,5.6564937,3.0780361,0.21421783,0.85798264,0.46687961,0
3.5131233,-2.342031,4.7199969,0.5547424,-0.36982018,0.74531466,0
-4.9468236,3.1756289,-2.1237044,-0.79145831,0.50807917,-0.33977833,0
0.97870779,4.7679,4.3717713,0.1495944,0.72876823,0.6682204,0
0.39569375,5.0596275,-4.2070169,0.060025714,0.76753235,-0.63819355,0
-3.4695504,-1.9244608,-4.838932,-0.55446064,-0.30754355,-0.77329832,0
-4.8207374,-3.5526509,2.4744453,-0.74400014,-0.54829222,0.38188922,0
-3.5027442,-5.4376245,0.53169107,-0.53971678,-0.83785087,0.081925087,0
4.5655479,-1.9141821,4.0953727,0.71059304,-0.29792798,0.6374138,0
4.6288176,-2.8016779,-3.4999783,0.71831375,-0.43477279,-0.54313713,0
-4.8574276,3.7185171,-1.6014099,-0.76815653,0.58804852,-0.25324792,0
4.9613008,-1.4522685,-3.4695628,0.79688478,-0.23326355,-0.55728161,0
-2.5480227,5.919354,-0.79564118,-0.39240208,0.91159576,-0.1225308,0
1.1712222,5.998013,2.3731327,0.17865193,0.91490459,0.36198488,0
2.1110134,0.44759113,6.1376772,0.3244727,0.068796866,0.94338989,0
-0.38561904,-2.6876657,5.7405915,-0.060724292,-0.4232327,0.90398377,0
-2.7942028,5.1322999,2.8366442,-0.43015936,0.7901026,0.4366931,0
-2.2751157,-1.8457801,5.4406481,-0.36818361,-0.29870394,0.88046402,0
2.1170597,-4.6331177,-3.7858188,0.33357048,-0.73000836,-0.59650534,0
4.5119128,3.9427698,2.6879177,0.68704093,0.60037595,0.40929633,0
3.2671828,5.3994508,-0.54762554,0.51575953,0.85236073,-0.086448513,0
-1.1680646,5.1429372,3.9892468,-0.17663865,0.77773219,0.60326731,0
2.272367,2.3632791,-5.4723387,0.3562105,0.37046164,-0.85782993,0
3.9871447,-0.78488386,4.7340527,0.63907206,-0.12580363,0.75878876,0
-6.0951147,1.4221631,-0.016518928,-0.97383887,0.22722423,-0.0026392897,0
6.4774618,-0.2284696,0.12642178,0.99918848,-0.035242844,0.01950134,0
5.0808458,4.012507,0.82580495,0.77847683,0.61478812,0.12652814,0
-0.34899867,-6.0681171,1.5759251,-0.055580799,-0.96639568,0.25097856,0
-6.1077547,-1.7162176,1.3770087,-0.94081068,-0.26435834,0.21210814,0
-3.4702787,3.4650264,4.4024739,-0.52657998,0.525783,0.66803128,0
4.1235323,1.358692,-4.5979276,0.6520651,0.21485358,-0.72708249,0
-3.0084746,-5.5010886,0.93255973,-0.47459978,-0.86782038,0.14711531,0
5.4095893,2.191484,-2.0608685,0.8739543,0.35404849,-0.33294669,0
-1.332464,4.5072675,-3.9867737,-0.21619606,0.73131692,-0.64686537,0
6.2075191,-0.1159595,1.3044612,0.97846198,-0.01827815,0.20561609,0
1.6731442,-2.8486519,5.3965607,0.26442474,-0.4502027,0.85287577,0
2.3541188,3.0559609,-5.0771894,0.3691918,0.4792603,-0.79624557,0
4.6458588,3.0903533,-2.8726597,0.74027407,0.49241883,-0.4577314,0
1.268702,3.450223,5.1495299,0.20052095,0.54531479,0.81389374,0
-1.7538551,-2.7847428,-5.440413,-0.27583399,-0.43796477,-0.85562992,0
1.7914736,-3.5499718,-4.8152261,0.28687242,-0.5684644,-0.77107221,0
3.0387418,4.5019369,-3.7385502,0.46084863,0.68275344,-0.56698,0
4.1857996,4.5995936,0.031200325,0.67304724,0.73958248,0.005016794,0
2.1214361,-6.0649176,-0.51866299,0.32910177,-0.94086033,-0.080461018,0
5.4399166,-2.2387424,-2.1966772,0.86632049,-0.35652539,-0.3498264,0
-4.0007915,1.4970058,4.9208484,-0.61396718,0.22973265,0.75516039,0
0.21770707,4.182941,-4.8437977,0.033997327,0.65321171,-0.75641167,0
-6.2003312,-0.72498631,2.1755514,-0.93790871,-0.10966688,0.32909027,0
-0.89814806,-6.0407577,1.7674546,-0.14126764,-0.9501369,0.27799886,0
5.1381426,-3.0166969,-2.3195326,0.80360818,-0.47181296,-0.3627761,0
3.1192849,1.7973574,5.4384799,0.47826552,0.2755805,0.833857,0
2.2876823,5.2472787,-3.1414599,0.35035354,0.80360919,-0.48110771,0
-3.4624519,0.39267826,5.4091878,-0.53811198,0.061027527,0.84066117,0
-3.2950904,2.6692946,-4.9036198,-0.50827265,0.41174269,-0.75639069,0
3.5266893,3.4317362,-4.0643182,0.55257827,0.53770059,-0.6368165,0
1.1735196,4.9292507,-3.8575132,0.18427558,0.77403098,-0.60573804,0
-2.5855553,-4.315968,4.0507536,-0.40029025,-0.66818911,0.6271292,0
0.42256275,6.1244063,-1.7369941,0.066232681,0.95994228,-0.27225727,0
-0.69056869,6.2620869,-1.1210631,-0.10791796,0.97860163,-0.17519306,0
-2.9407122,0.60505193,-5.7171373,-0.45539361,0.093697295,-0.885346,0
-2.3491232,0.080070175,-5.8867197,-0.3706041,0.01263209,-0.92870498,0
-1.8837087,-5.0701346,-3.2037272,-0.29964951,-0.80652773,-0.50963044,0
1.2721707,-0.90281898,-6.2376733,0.19785602,-0.14041211,-0.97012234,0
-0.64523834,5.848712,2.1813025,-0.10281871,0.93199205,0.34759048,0
-4.7655835,4.5276384,-0.16516587,-0.72474533,0.68855888,-0.025118265,0
3.30234,5.6507096,1.2676535,0.49535951,0.84762102,0.19015129,0
-6.4241881,0.64579868,-0.36478195,-0.99340105,0.099862747,-0.056407869,0
4.0058532,-2.0465043,-4.7050371,0.61539423,-0.3143917,-0.7228055,0
-5.8878064,-1.3102133,2.2559521,-0.91427058,-0.2034526,0.35030887,0
0.022279117,2.6023254,-6.0743976,0.0033713351,0.39379078,-0.91919392,0
1.4221116,5.5682821,-2.7758594,0.2228217,0.87245899,-0.4349319,0
2.5490181,-0.70150954,-6.0054274,0.38847432,-0.10691114,-0.91523641,0
-1.3146048,-2.6877325,-5.6872201,-0.20456825,-0.41824338,-0.88499957,0
1.5432776,1.0400083,-6.2530894,0.23654869,0.15940917,-0.95845366,0
3.031615,-1.4007705,-5.424613,0.47590682,-0.21989475,-0.85156268,0
-5.2212901,3.3584988,-1.8317041,-0.80665684,0.51886719,-0.28298688,0
-2.6368456,4.1658435,4.2343125,-0.40573284,0.64100057,0.65153593,0
-2.1129818,5.5853739,-2.4873924,-0.32663092,0.8634035,-0.38450843,0
-4.5882335,3.5940766,2.3164256,-0.73156917,0.57305622,0.36934161,0
0.5540542,-6.4921808,-0.38612783,0.084883764,-0.99463326,-0.059156638,0
6.1009622,-0.15120059,1.6264182,0.96597791,-0.023939902,0.25751415,0
1.7718427,-6.0032754,-1.8327538,0.27166772,-0.920452,-0.2810069,0
0.26579151,-6.3500772,-0.46449065,0.041708566,-0.99646759,-0.072888859,0
0.017004168,3.5522861,-5.218246,0.0026936801,0.56272805,-0.82663763,0
5.3456583,-2.3947611,2.8045118,0.82312793,-0.36874685,0.43184054,0
-3.4948275,3.7022557,3.9215028,-0.543823,0.57610047,0.61021703,0
-2.5578728,-0.62225866,5.983108,-0.39131382,-0.095195673,0.91532028,0
-3.5371344,4.0897155,3.1801536,-0.56386691,0.65195572,0.50695932,0
6.3966327,0.35291657,-0.6276412,0.99372375,0.054825965,-0.097504735,0
2.8604453,1.6867149,-5.4139853,0.45037508,0.26557207,-0.85242814,0
-1.9572743,-3.9813659,4.6703992,-0.30384687,-0.61806643,0.72503179,0
-2.8048615,5.3584089,2.2569146,-0.43449187,0.83005351,0.34961122,0
0.48880818,-6.3531017,0.065358721,0.076709323,-0.99700069,0.010256831,0
3.4623759,0.34808704,5.4319606,0.5367192,0.053958613,0.8420338,0
-3.3841596,-5.4057388,-0.074703038,-0.53059077,-0.84754723,-0.011712433,0
1.749071,6.3019166,0.86257291,0.26514032,0.95530272,0.13075677,0
-5.4193416,-0.59315938,3.4540405,-0.83971369,-0.091908589,0.53519511,0
-5.9022222,-2.2560458,1.3851401,-0.91242236,-0.34876129,0.2141283,0
-5.1533804,-1.6090442,3.2389457,-0.8185423,-0.25557414,0.51446116,0
2.0261734,6.2554631,-0.90893137,0.30524093,0.94237906,-0.13692957,0
-3.6099541,-2.481483,-4.5156355,-0.57380074,-0.3944307,-0.71775842,0
-1.1002535,6.2600284,-0.36363909,-0.17282256,0.98329538,-0.057118692,0
-1.7617468,5.4862556,-2.9228399,-0.27267,0.84912169,-0.45237532,0
-0.098163657,-3.3715308,5.4512038,-0.015313326,-0.5259518,0.85037649,0
-2.9693906,0.14246379,5.8065853,-0.45519459,0.021839075,0.89012408,0
3.2841208,-3.8510008,-3.8961849,0.51417482,-0.60292774,-0.61000198,0
0.81465966,5.2276435,-3.2998576,0.13064945,0.83837306,-0.52920818,0
1.8824036,4.8883147,3.6355066,0.29522327,0.76664972,0.5701679,0
5.54041,-3.0069098,0.90236974,0.87003392,-0.47218773,0.14170292,0
2.192353,4.2694049,-4.2513824,0.34193596,0.66588867,-0.66307771,0
-5.1982932,-0.50808793,3.6039939,-0.81917065,-0.080066808,0.56793374,0
-5.0947447,2.1585011,-3.3568907,-0.78722155,0.33352378,-0.51869464,0
-2.4556134,-4.9022188,-3.5289986,-0.37660471,-0.7518279,-0.54122424,0
-1.3740833,-3.967937,-4.7322583,-0.21718863,-0.62717509,-0.74798429,0
-4.2013936,-4.3344507,2.4639473,-0.64438701,-0.66479456,0.37790689,0
-3.4940691,0.60845119,5.3570728,-0.5438481,0.094704777,0.83382261,0
