0.62742031,0.11745244,-1.5678177,-0.33262074,0.60210407,-0.72583342,0
1.5683585,0.048264384,-0.041623116,0.94303703,0.21778375,-0.25149745,0
-0.30526888,0.24211043,-1.0369948,-0.33262074,0.60210407,-0.72583342,0
-0.58127105,-0.38217282,1.3270744,0.33262074,-0.60210407,0.72583342,0
-0.71224296,0.70624566,1.12606,-0.50924194,0.53312486,0.67561096,0
-1.0633366,-0.83884013,1.1691647,0.33262074,-0.60210407,0.72583342,0
-0.55594933,-1.0842516,0.7330718,0.33262074,-0.60210407,0.72583342,0
1.0241981,0.29626366,-1.3228009,0.8597185,-0.12274808,-0.49579877,0
0.79963583,1.1708081,0.49600863,0.55059808,0.74884671,0.36887681,0
1.5126426,-0.81282371,0.010276675,0.33262074,-0.60210407,0.72583342,0
-0.0046746731,1.5014957,-0.13004166,-0.33262074,0.60210407,-0.72583342,0
-0.61170828,-0.35950533,1.3598261,0.33262074,-0.60210407,0.72583342,0
-1.3709855,-0.13930422,0.5954845,-0.92731291,-0.068753242,0.36791778,0
-1.4175975,0.31700379,0.48572159,-0.87635905,0.08696577,0.47374183,0
-0.34296209,-1.6502495,0.1659534,0.33262074,-0.60210407,0.72583342,0
0.13434669,1.2356839,-0.41424969,-0.33262074,0.60210407,-0.72583342,0
-0.012064338,1.4993736,0.52637756,0.10831428,0.78895473,0.60482907,0
0.79977763,-0.17498279,0.86606568,0.33262074,-0.60210407,0.72583342,0
-0.60590804,-0.84601599,0.95359063,0.33262074,-0.60210407,0.72583342,0
1.2379496,0.36920124,-0.88774413,0.92616904,0.063542485,-0.37171602,0
1.2938721,0.75802857,0.035880446,0.86258131,0.50535232,0.023920178,0
1.1490176,-0.097708717,-1.0008386,0.82930368,-0.17970915,-0.5291121,0
1.4216368,0.12756079,-0.46488094,0.93475568,0.10857683,-0.33829343,0
0.96029198,0.33526182,-1.4415467,0.84614706,-0.14930379,-0.51160848,0
-0.87643528,1.0290341,0.74750966,-0.50256765,0.53809035,0.67667145,0
0.7640264,-0.087452292,0.95505857,0.33262074,-0.60210407,0.72583342,0
-0.68108523,0.33726457,1.4287555,-0.58875215,0.4686659,0.65857643,0
-0.74790549,1.5322299,0.38022032,-0.30006135,0.66208911,0.68673205,0
0.83483422,0.95742655,-0.96607953,-0.33262074,0.60210407,-0.72583342,0
-0.51211953,-0.37602931,-1.4549718,-0.33262074,0.60210407,-0.72583342,0
-1.0012546,-0.25594071,1.3506429,-0.84521246,0.15105964,0.51263672,0
0.93403286,-1.2927681,-0.12269977,0.33262074,-0.60210407,0.72583342,0
1.2415287,-0.83250821,0.1181885,0.33262074,-0.60210407,0.72583342,0
-0.89868855,-1.1527555,-0.36200011,-0.62848598,-0.71535623,-0.3054024,0
1.5568337,-0.13468796,-0.1751945,0.9332757,0.099577487,-0.34508049,0
0.736498,0.61292672,1.5077939,0.27582937,0.79811347,0.5356611,0
-1.115684,-0.064599752,-0.92004025,-0.33262074,0.60210407,-0.72583342,0
-0.80729806,-0.38450402,1.4287199,0.33262074,-0.60210407,0.72583342,0
-0.35026586,1.430625,0.60744047,-0.11443448,0.73820072,0.66480386,0
0.97052103,-0.69857901,0.3534795,0.33262074,-0.60210407,0.72583342,0
1.0133009,0.33416581,1.1905727,0.33262074,-0.60210407,0.72583342,0
-1.5195938,-0.11939561,0.16222334,-0.94303191,-0.20636511,0.26096731,0
-0.51783401,-1.1213968,0.68479192,0.33262074,-0.60210407,0.72583342,0
-0.74956793,-0.74309015,1.1048048,0.33262074,-0.60210407,0.72583342,0
0.90928829,1.3774145,-0.32031214,0.77458513,0.6134544,0.15391994,0
-0.008327961,0.39518911,1.709366,0.33262074,-0.60210407,0.72583342,0
0.76333141,1.1670363,-0.7594341,-0.33262074,0.60210407,-0.72583342,0
-1.4734365,-0.36345965,0.049067736,-0.93003845,-0.33689302,0.14673555,0
-0.52412593,0.21804649,1.6504574,-0.54728997,0.50355017,0.66851372,0
-0.079230607,1.4880803,-0.10700414,-0.33262074,0.60210407,-0.72583342,0
-0.46453261,1.3495612,0.66761589,-0.20269275,0.70602608,0.67855906,0
-1.5304059,-0.21177173,0.015291452,-0.93812722,-0.28987569,0.18944466,0
1.2385801,0.63109356,0.87119651,0.67840517,0.68739575,0.25933224,0
0.54162544,0.11103618,1.2216293,0.33262074,-0.60210407,0.72583342,0
0.24631628,1.402809,-0.32692492,-0.33262074,0.60210407,-0.72583342,0
-0.86843878,1.1705712,-0.0087260008,-0.33262074,0.60210407,-0.72583342,0
-0.66809744,1.2686164,-0.01920262,-0.33262074,0.60210407,-0.72583342,0
-1.3885193,0.28647578,0.54494858,-0.87272692,0.095130146,0.47885013,0
-0.11556655,1.442966,-0.12777665,-0.33262074,0.60210407,-0.72583342,0
1.4713211,0.32875365,-0.12831056,0.93690473,0.29877377,-0.1815033,0
-0.46586907,-0.56286436,-1.6311525,-0.33262074,0.60210407,-0.72583342,0
1.4736202,-0.24140084,0.50217426,0.33262074,-0.60210407,0.72583342,0
1.5009751,0.3718847,0.22198403,0.9038651,0.42312172,-0.06321156,0
-1.000886,-0.97708189,-0.56306159,-0.63326347,-0.71292281,-0.30119437,0
1.6414,0.074912071,0.35618746,0.92587364,0.35476324,-0.13000298,0
-0.77355063,0.95695984,0.87969458,-0.47246492,0.55970913,0.68081003,0
-0.98161435,-1.3037066,0.44733286,-0.82807106,-0.55477899,-0.080736041,0
-0.42898288,-0.88922495,0.83666956,0.33262074,-0.60210407,0.72583342,0
-0.20465708,1.0454019,-0.4167431,-0.33262074,0.60210407,-0.72583342,0
0.53125095,-0.30982143,-1.5747325,0.52707314,-0.51953894,-0.67251235,0
1.2810378,0.50584966,-0.71475971,0.94211906,0.17776757,-0.28427154,0
-0.38339698,-1.3665087,-0.56354225,-0.31906575,-0.79611778,-0.51419199,0
-1.6489823,0.64918756,-0.0060130358,-0.89005232,0.053976446,0.4526512,0
0.69702089,0.40726346,1.3961486,0.33262074,-0.60210407,0.72583342,0
-0.68034035,-1.4170744,0.5139873,0.33262074,-0.60210407,0.72583342,0
-0.15128443,0.98055595,-0.49499369,-0.33262074,0.60210407,-0.72583342,0
-1.2180026,0.87352812,0.54133481,-0.69266427,0.3663297,0.6213038,0
-0.77156746,-0.62640667,1.2116793,0.33262074,-0.60210407,0.72583342,0
-1.1012069,-0.99764103,-0.21860898,-0.75092983,-0.6346975,-0.18238199,0
1.4807339,-0.68651903,0.12967324,0.33262074,-0.60210407,0.72583342,0
0.25955236,0.61874557,-0.9833982,-0.33262074,0.60210407,-0.72583342,0
0.75415695,-1.5900607,-0.32148635,0.28659332,-0.66871923,-0.68606013,0
0.33295715,0.77557468,1.4071214,0.074485779,0.78402585,0.61624271,0
0.95552421,0.46905768,-1.4265058,-0.33262074,0.60210407,-0.72583342,0
0.54082525,0.32988617,-1.3519132,-0.33262074,0.60210407,-0.72583342,0
-1.142661,0.43795162,-0.490794,-0.33262074,0.60210407,-0.72583342,0
-1.5531878,-0.27452493,-0.75993097,-0.83524013,-0.54544854,-0.06971097,0
1.0705132,0.21847655,-1.2232203,0.86076605,-0.12060937,-0.49450481,0
0.99229878,-0.021396756,0.90524572,0.33262074,-0.60210407,0.72583342,0
0.99928916,0.21808545,-1.342266,0.83764482,-0.16496913,-0.52070713,0
1.0520062,1.1609331,-0.20063126,0.81103754,0.57537824,0.10562968,0
0.68902385,-1.0282513,0.20900398,0.33262074,-0.60210407,0.72583342,0
-0.080346346,0.45340693,1.7100964,-0.26234412,0.68020082,0.68447208,0
0.22198474,0.089073777,-1.4055636,-0.33262074,0.60210407,-0.72583342,0
0.64504516,-1.6225913,-0.26386786,0.33262074,-0.60210407,0.72583342,0
-1.0680643,0.1899136,1.0832548,-0.78226,0.25371501,0.56894428,0
-0.4874717,-0.46173751,-1.5373646,-0.33262074,0.60210407,-0.72583342,0
-1.5973105,0.54803187,0.10762858,-0.89121234,0.050995827,0.45071024,0
-0.31847084,0.13213903,1.6332829,0.33262074,-0.60210407,0.72583342,0
0.052726865,-0.41111687,1.0125281,0.33262074,-0.60210407,0.72583342,0
0.35454226,1.1537184,0.89352757,0.22043526,0.79797506,0.56093121,0
0.7280696,-1.1461768,0.093287647,0.33262074,-0.60210407,0.72583342,0
-0.66970021,0.37716812,-0.75795537,-0.33262074,0.60210407,-0.72583342,0
0.83430779,1.2376456,0.29440796,0.61252713,0.72314376,0.31917572,0
-0.79881155,-1.3854098,-0.018804669,-0.65556872,-0.70090419,-0.281003,0
-0.28848767,0.028921604,-1.2215325,-0.33262074,0.60210407,-0.72583342,0
-0.11401582,1.7435207,0.12083316,-0.33262074,0.60210407,-0.72583342,0
0.80584157,0.22990245,1.1991532,0.33262074,-0.60210407,0.72583342,0
-1.2288703,0.38132215,-0.49826384,-0.33262074,0.60210407,-0.72583342,0
0.048611522,-1.4450045,-0.60147715,-0.06729877,-0.78284955,-0.61856055,0
0.95817018,1.0114799,0.56911385,0.61155552,0.72360152,0.32000077,0
1.2562354,0.36546516,1.1052092,0.33262074,-0.60210407,0.72583342,0
-0.82414889,0.73137105,-0.39335388,-0.33262074,0.60210407,-0.72583342,0
0.095373273,1.7581818,0.037040353,-0.33262074,0.60210407,-0.72583342,0
0.96273524,0.55501199,1.3969445,0.33262074,-0.60210407,0.72583342,0
-1.5697054,0.56513894,0.15853143,-0.88075376,0.076782346,0.46730822,0
1.1783752,-1.0340394,-0.020047903,0.33262074,-0.60210407,0.72583342,0
1.1825914,0.88080597,0.28353715,0.77313405,0.61482793,0.15572429,0
0.2950713,1.6406398,-0.15197861,-0.33262074,0.60210407,-0.72583342,0
-0.25331581,-0.57875586,1.0137131,0.33262074,-0.60210407,0.72583342,0
0.95022273,0.11780527,-1.3806715,0.80134553,-0.22532691,-0.55414152,0
0.105636,0.32777455,-1.1542349,-0.33262074,0.60210407,-0.72583342,0
0.98975134,0.87339067,-1.1067827,-0.33262074,0.60210407,-0.72583342,0
-1.3421409,0.64638984,-0.22647357,-0.33262074,0.60210407,-0.72583342,0
0.31135872,-0.44877031,0.86277252,0.33262074,-0.60210407,0.72583342,0
-1.3110449,-0.18701872,0.73505515,-0.92060822,-0.040363908,0.38839519,0
-0.52444267,0.026053309,1.6396699,0.33262074,-0.60210407,0.72583342,0
-0.074770272,1.1834458,-0.36175296,-0.33262074,0.60210407,-0.72583342,0
0.73750687,0.24017395,-1.5164641,-0.33262074,0.60210407,-0.72583342,0
-0.85900891,-0.15819915,1.5257467,-0.77600724,0.26260653,0.57345462,0
0.66300768,1.362978,-0.55091935,-0.33262074,0.60210407,-0.72583342,0
0.86151797,-1.1811898,0.0030890107,0.33262074,-0.60210407,0.72583342,0
-0.30273616,1.5091212,0.012873635,-0.33262074,0.60210407,-0.72583342,0
0.52914047,1.1898309,0.74452168,0.35276031,0.79322052,0.49634778,0
0.27829725,-0.60193515,0.75086778,0.33262074,-0.60210407,0.72583342,0
-1.2313538,-0.47284827,0.8798396,-0.93482447,-0.10901278,0.33796322,0
-1.265354,0.54973918,-0.34183693,-0.33262074,0.60210407,-0.72583342,0
0.4076702,0.92995232,-0.793118,-0.33262074,0.60210407,-0.72583342,0
-0.31346238,-0.21248841,-1.4103454,-0.33262074,0.60210407,-0.72583342,0
0.6276381,1.0474551,0.90165508,0.36686033,0.79164577,0.48857993,0
0.50725359,1.4924202,-0.37216663,-0.33262074,0.60210407,-0.72583342,0
-0.39380941,0.41179293,-0.85566264,-0.33262074,0.60210407,-0.72583342,0
-0.46319914,-0.34813502,1.3012023,0.33262074,-0.60210407,0.72583342,0
0.63951886,-0.4694621,0.69522524,0.33262074,-0.60210407,0.72583342,0
0.15570188,0.33862284,-1.1681792,-0.33262074,0.60210407,-0.72583342,0
-0.24992383,-0.93991816,-1.2080377,-0.079239607,-0.78477913,-0.61468899,0
0.5257082,-0.7385875,-1.225081,0.41026318,-0.60062456,-0.68624628,0
-0.49803662,0.68838096,1.2855661,-0.41029489,0.60060483,0.68624449,0
-0.10207605,0.48997468,1.6654272,-0.26315606,0.67982578,0.684533,0
-0.20651966,0.89835203,-0.53787261,-0.33262074,0.60210407,-0.72583342,0
1.5759319,-0.057761312,-0.088530064,0.94092119,0.16006958,-0.29840386,0
0.98870945,-0.88862777,-0.76137346,0.59011376,-0.46746939,-0.65820789,0
0.23091674,-0.7050128,-1.4022996,0.26848507,-0.67734808,-0.68491977,0
-0.89947021,1.0791402,0.69054818,-0.50036752,0.53971314,0.6770094,0
-0.91152447,1.1492317,-0.00668329,-0.33262074,0.60210407,-0.72583342,0
1.2023411,-0.60343724,0.32616889,0.33262074,-0.60210407,0.72583342,0
-0.8843255,0.026104197,1.4034631,-0.74672884,0.30192429,0.59265292,0
0.2036649,1.3382101,0.68876159,0.18856847,0.79657716,0.57437479,0
0.66492248,-1.119767,-0.80633342,0.37451351,-0.62202859,-0.68761897,0
-1.060155,0.084994756,1.1392318,-0.80058837,0.22649154,0.55476063,0
0.0096216202,1.4149865,0.63223428,0.092867374,0.78682876,0.61014414,0
-0.29076362,0.95715737,1.1270975,-0.22600961,0.69633353,0.68120408,0
-1.3090239,-0.60114157,-0.74048376,-0.73721123,-0.64598864,-0.19803512,0
0.6051451,-1.3645872,-0.031559914,0.33262074,-0.60210407,0.72583342,0
-0.78676313,-0.5923304,1.2469105,0.33262074,-0.60210407,0.72583342,0
-1.1397238,-0.59840453,1.0913097,-0.93129641,-0.088525683,0.35334128,0
1.0909579,-0.52413541,-0.88673896,0.71958071,-0.33544096,-0.6080153,0
-1.3442181,1.00052,0.068241596,-0.33262074,0.60210407,-0.72583342,0
0.5100224,-1.0818119,-0.91837138,0.30577219,-0.65922225,-0.68697095,0
0.75652832,1.2235022,-0.70947617,-0.33262074,0.60210407,-0.72583342,0
0.62203991,-0.72725958,0.48938322,0.33262074,-0.60210407,0.72583342,0
0.39817858,1.0529599,-0.68672931,-0.33262074,0.60210407,-0.72583342,0
-1.5812587,0.28367388,-0.41778076,-0.33262074,0.60210407,-0.72583342,0
-0.58151489,-1.5478207,0.360241,0.33262074,-0.60210407,0.72583342,0
-0.017174125,-0.20803267,-1.5424265,-0.33262074,0.60210407,-0.72583342,0
-0.036191225,1.3809755,0.68089366,0.053331733,0.78043497,0.62295794,0
-0.69730914,-0.076512247,1.6338062,0.33262074,-0.60210407,0.72583342,0
-0.32791054,-0.45991433,1.1464801,0.33262074,-0.60210407,0.72583342,0
-0.79639453,-1.3406266,-0.13244295,-0.62986618,-0.7146582,-0.30419081,0
1.0866555,0.056551218,0.92666638,0.33262074,-0.60210407,0.72583342,0
1.0932481,0.44366068,1.2447659,0.33262074,-0.60210407,0.72583342,0
0.59839934,0.74587363,-1.0332212,-0.33262074,0.60210407,-0.72583342,0
-0.28906137,0.31729841,-0.98205107,-0.33262074,0.60210407,-0.72583342,0
-1.0104525,-1.0184735,0.99591804,0.33262074,-0.60210407,0.72583342,0
-0.8977375,-0.50064003,1.3738259,0.33262074,-0.60210407,0.72583342,0
1.4823097,-0.084822834,-0.35641122,0.92491448,0.058021426,-0.37572098,0
-0.77376175,-1.1407083,-0.59167254,-0.51584113,-0.76047224,-0.39444834,0
1.0112692,-0.67413116,0.35508657,0.33262074,-0.60210407,0.72583342,0
-0.080649018,-1.6992221,-0.22461063,-0.23853749,-0.79834479,-0.55294234,0
0.41932666,0.26110145,-1.3532946,-0.33262074,0.60210407,-0.72583342,0
-1.0355786,0.81397748,-0.22793919,-0.33262074,0.60210407,-0.72583342,0
0.66987872,1.001545,0.94402719,0.3789556,0.79011965,0.48177117,0
1.5077126,-0.47708601,0.29104197,0.33262074,-0.60210407,0.72583342,0
1.2786629,-0.10554019,-0.78100502,0.86974353,-0.101679,-0.48291528,0
1.4159893,0.43376255,0.88464177,0.75508201,0.63113809,0.17752659,0
-0.84012103,1.2786921,0.067987233,-0.33262074,0.60210407,-0.72583342,0
-0.63718987,-0.74063021,-1.3680186,-0.25649601,-0.79840201,-0.54476011,0
0.32426548,0.2585896,-1.3118155,-0.33262074,0.60210407,-0.72583342,0
0.81524545,0.82349914,-1.0682002,-0.33262074,0.60210407,-0.72583342,0
-0.15027711,-1.3158823,0.35502267,0.33262074,-0.60210407,0.72583342,0
-0.073260307,-0.94849312,-1.2052535,0.023912787,-0.76402485,-0.64474326,0
0.45285189,-1.4065385,0.0034300052,0.33262074,-0.60210407,0.72583342,0
-1.3042352,1.2123455,0.24044055,-0.65012592,0.41114113,0.63898283,0
-1.1724188,-0.44340557,1.0369754,-0.92124152,-0.042849749,0.38662338,0
-1.37553,1.0070891,0.088039756,-0.33262074,0.60210407,-0.72583342,0
-0.92138475,-0.82461482,-1.0066452,-0.49437451,-0.76675141,-0.40949452,0
-0.57220834,-1.6775649,0.24834895,0.33262074,-0.60210407,0.72583342,0
0.68120444,-0.44916359,-1.347425,0.56079221,-0.49250916,-0.6655423,0
0.87664473,-1.2131159,-0.59699488,0.45388877,-0.57244086,-0.68285882,0
-0.8532238,0.29917198,-0.73855424,-0.33262074,0.60210407,-0.72583342,0
0.032122314,-0.40016058,1.031059,0.33262074,-0.60210407,0.72583342,0
0.62567407,0.026129961,1.1126806,0.33262074,-0.60210407,0.72583342,0
-1.4280219,-0.31814599,-0.98723364,-0.33262074,0.60210407,-0.72583342,0
0.010712683,-0.58067167,0.89113009,0.33262074,-0.60210407,0.72583342,0
-0.32691216,-0.1502021,-1.3525134,-0.33262074,0.60210407,-0.72583342,0
-0.53824621,-0.66963267,1.0689,0.33262074,-0.60210407,0.72583342,0
1.5235193,-0.010230124,-0.22539651,0.9382202,0.13339531,-0.3192932,0
-0.29010248,1.1221505,0.95540982,-0.1759553,0.71651924,0.6750108,0
-1.3396626,0.30276042,-0.51266158,-0.33262074,0.60210407,-0.72583342,0
1.0050466,0.13966346,1.0330089,0.33262074,-0.60210407,0.72583342,0
-0.56024158,-1.0639756,-0.92213088,-0.32581043,-0.79563373,-0.51069969,0
-0.64295876,-1.2144446,-0.60637665,-0.44576508,-0.77862859,-0.44162279,0
0.65609407,-0.48351017,-1.3423747,0.54050565,-0.50898701,-0.66991466,0
0.66470051,1.4003775,0.23121858,0.54386306,0.75124645,0.37395394,0
-1.1175463,-0.79273242,1.0770655,-0.94180006,-0.17230028,0.28866076,0
0.34156573,1.0019577,1.1083935,0.15789592,0.79434872,0.5865823,0
-0.62915766,1.64659,0.27649507,-0.33262074,0.60210407,-0.72583342,0
-1.2344453,0.7535677,-0.18691838,-0.33262074,0.60210407,-0.72583342,0
-0.8405776,0.20337301,1.3572164,-0.68967861,0.36962703,0.62267083,0
0.31996799,1.6509798,0.15408421,0.38534218,0.78924745,0.47812098,0
0.16030905,-1.1031423,0.38916853,0.33262074,-0.60210407,0.72583342,0
0.58680737,-1.0424896,0.2440346,0.33262074,-0.60210407,0.72583342,0
0.94924593,0.33287117,-1.4589803,0.84208483,-0.15687384,-0.5160265,0
-0.7383405,-0.85402817,1.007633,0.33262074,-0.60210407,0.72583342,0
-0.087606668,1.1849002,0.91873294,-0.041612506,0.75953692,0.64913148,0
-0.81538618,-1.0250908,0.90103751,0.33262074,-0.60210407,0.72583342,0
0.12695433,0.90831172,-0.68242866,-0.33262074,0.60210407,-0.72583342,0
-1.2823424,1.2229699,0.25552458,-0.63815469,0.42297405,0.64331269,0
0.9956274,0.79674566,-1.1730552,-0.33262074,0.60210407,-0.72583342,0
-0.6161629,-0.15972394,-1.2278597,-0.33262074,0.60210407,-0.72583342,0
-0.71590143,-1.0104418,-0.89030135,-0.41607797,-0.7843923,-0.46000844,0
-0.50421822,0.51006478,-0.72354686,-0.33262074,0.60210407,-0.72583342,0
0.83792233,-0.7833783,-0.96773213,0.54797685,-0.50299555,-0.66836846,0
0.44271275,-1.0414004,0.31097108,0.33262074,-0.60210407,0.72583342,0
-0.23027241,-1.0630746,-1.052098,-0.10913002,-0.78906113,-0.60454357,0
0.64417362,0.48407567,-1.2713684,-0.33262074,0.60210407,-0.72583342,0
-1.1482174,0.059341788,1.0147797,-0.83619577,0.16757256,0.52220273,0
-0.95656729,0.11882396,1.2649461,-0.75488746,0.29132584,0.58759999,0
-0.08001101,-1.7820261,-0.06385988,0.33262074,-0.60210407,0.72583342,0
-0.70951617,-0.80641675,1.0339191,0.33262074,-0.60210407,0.72583342,0
-0.73925197,1.5456244,0.24319239,-0.33262074,0.60210407,-0.72583342,0
-0.56212783,0.0032896996,1.6380564,0.33262074,-0.60210407,0.72583342,0
0.80080044,-0.30794054,0.7553038,0.33262074,-0.60210407,0.72583342,0
-0.085873008,-0.37392527,-1.6485581,-0.33262074,0.60210407,-0.72583342,0
-0.14869903,1.0131611,-0.46913147,-0.33262074,0.60210407,-0.72583342,0
1.4692044,0.00087314844,-0.37260652,0.93119252,0.087972254,-0.35375273,0
0.39863622,-0.74297714,0.57872194,0.33262074,-0.60210407,0.72583342,0
1.6726205,0.067452312,0.64631212,0.89669263,0.44028968,-0.045683384,0
0.88649982,-0.62088537,0.45643264,0.33262074,-0.60210407,0.72583342,0
1.340982,0.07624805,0.82645762,0.33262074,-0.60210407,0.72583342,0
0.57017398,-0.70143861,0.53457069,0.33262074,-0.60210407,0.72583342,0
-0.61224306,1.638648,0.32264876,-0.19615138,0.70865417,0.67774153,0
-0.36702442,0.63730347,1.4046609,-0.35860503,0.63108838,0.6878441,0
0.89667284,1.2078066,0.23349273,0.65532446,0.70104188,0.28122908,0
0.061976075,1.3144586,-0.3157388,-0.33262074,0.60210407,-0.72583342,0
1.4080987,-0.79224521,-0.34709144,0.78496283,-0.24981223,-0.56694537,0
-0.43023944,-1.6096067,-0.1243341,-0.44998741,-0.77771974,-0.43893397,0
-0.49286872,0.64766252,-0.61460567,-0.33262074,0.60210407,-0.72583342,0
1.0172135,0.49480265,-1.3726549,0.89010936,-0.053830445,-0.45255625,0
0.047236003,-0.89507478,0.61358458,0.33262074,-0.60210407,0.72583342,0
-1.2909393,1.2134814,0.22048491,-0.33262074,0.60210407,-0.72583342,0
-1.3032265,-0.26214567,0.74331105,-0.92733204,-0.068842143,0.36785275,0
1.246358,-1.0261657,-0.044670224,0.33262074,-0.60210407,0.72583342,0
1.2127459,-0.76005906,0.19147766,0.33262074,-0.60210407,0.72583342,0
-0.4055081,-1.5640295,0.26613832,0.33262074,-0.60210407,0.72583342,0
-1.300554,1.0470879,0.086861789,-0.33262074,0.60210407,-0.72583342,0
-0.87873012,-0.45913023,-1.3559034,-0.33262074,0.60210407,-0.72583342,0
-0.79415053,-1.0185395,-0.79644859,-0.47865954,-0.77093691,-0.42016798,0
-1.2863432,-0.7053017,0.44994044,-0.92927128,-0.34039468,0.14347911,0
0.78364938,1.4718101,-0.16780293,0.68814939,0.68122989,0.24975204,0
-0.70577502,-0.79676306,-1.2455796,-0.32436204,-0.79574174,-0.51145291,0
1.0186731,-0.0086640492,-1.2302585,0.80083555,-0.2261117,-0.55455881,0
0.86403966,-1.4487265,-0.21999767,0.33262074,-0.60210407,0.72583342,0
-0.89677602,1.2103151,0.037228882,-0.33262074,0.60210407,-0.72583342,0
-0.3108322,0.12744349,-1.1295655,-0.33262074,0.60210407,-0.72583342,0
1.0222174,0.85174406,0.8058728,0.59009588,0.73324811,0.33783704,0
0.59067619,-0.1789,-1.6222734,0.5874387,-0.46981674,-0.65892917,0
0.8395834,-1.5603293,-0.30136865,0.33262074,-0.60210407,0.72583342,0
-0.79264587,-0.95240533,-0.91725445,-0.44949359,-0.7778272,-0.43924952,0
0.12136853,-1.6632566,-0.057620853,0.33262074,-0.60210407,0.72583342,0
-0.36847115,-1.1976069,-0.82460064,-0.24564731,-0.79840457,-0.54973376,0
-0.61407876,0.57731712,1.301505,-0.49649167,0.54255533,0.67759091,0
-1.1306918,-0.90999186,0.92313665,-0.94047493,-0.26873574,0.20805693,0
-0.99354839,-0.75756443,-1.0427924,-0.52239084,-0.75842273,-0.38974679,0
0.079072595,-1.784076,-0.13846207,0.33262074,-0.60210407,0.72583342,0
1.0319133,-1.0839787,0.0056436062,0.33262074,-0.60210407,0.72583342,0
0.25982833,-0.53769469,-1.5509264,0.3318882,-0.64568365,-0.68770826,0
0.76899254,0.42069966,-1.3811405,-0.33262074,0.60210407,-0.72583342,0
-1.6870303,0.029528737,-0.40291309,-0.93146342,-0.33008391,0.15303695,0
-1.1898079,0.73863786,0.65120381,-0.71164089,0.34477887,0.61212289,0
-0.49233496,-0.54178721,-1.60154,-0.33262074,0.60210407,-0.72583342,0
0.90952635,0.12399015,-1.4410695,0.78776324,-0.24572904,-0.56484163,0
1.0231229,-1.3277786,-0.1925686,0.33262074,-0.60210407,0.72583342,0
0.6550523,0.077665061,-1.6134852,-0.33262074,0.60210407,-0.72583342,0
0.97555435,1.0078294,-0.98875517,-0.33262074,0.60210407,-0.72583342,0
0.55281788,1.5950428,0.0028244257,0.54027784,0.75249439,0.37663203,0
-0.16261816,0.50393891,1.6272364,-0.29104078,0.66655004,0.68629879,0
-0.66157222,0.93597889,0.97082353,-0.42354059,0.59229398,0.68542027,0
1.2729526,0.70072562,0.54348421,0.76082754,0.62609774,0.17071247,0
0.25825548,1.6890978,-0.094909787,-0.33262074,0.60210407,-0.72583342,0
-0.17242932,-1.6908621,0.054115474,0.33262074,-0.60210407,0.72583342,0
0.61196315,0.12768152,-1.5522488,-0.33262074,0.60210407,-0.72583342,0
-0.8687489,-0.95678258,0.9821555,0.33262074,-0.60210407,0.72583342,0
-0.44983312,-1.6251605,0.23574042,0.33262074,-0.60210407,0.72583342,0
-1.2651192,-0.6429199,-0.76170242,-0.71334261,-0.66406381,-0.22396702,0
0.29837704,0.77018642,1.4174367,0.051603198,0.78012437,0.62349248,0
-0.5692327,0.35280222,-0.82420778,-0.33262074,0.60210407,-0.72583342,0
0.3927204,-1.2913626,0.12652834,0.33262074,-0.60210407,0.72583342,0
1.2185047,0.72579551,-0.76170611,0.94196433,0.24921322,-0.22493422,0
0.33613861,-0.57684553,-1.4762301,0.35988367,-0.6303705,-0.68783462,0
-0.57797706,-0.69162852,1.0688608,0.33262074,-0.60210407,0.72583342,0
-1.5765471,-0.24343169,-0.70057905,-0.85449135,-0.51806104,-0.038169861,0
-1.1536102,0.069185495,1.0029854,-0.83618075,0.1675996,0.52221835,0
1.428388,-0.38309073,0.40536559,0.33262074,-0.60210407,0.72583342,0
1.3999972,-0.24731684,-0.53056622,0.88244593,-0.072765619,-0.46475178,0
0.49886453,0.26599392,-1.3856852,-0.33262074,0.60210407,-0.72583342,0
-0.64304841,-0.92235351,-1.089921,-0.32899266,-0.79538894,-0.50903821,0
-0.5043481,0.070383191,-1.0882183,-0.33262074,0.60210407,-0.72583342,0
-0.85298598,-0.33680502,1.4892248,0.33262074,-0.60210407,0.72583342,0
1.156412,0.48624384,-1.0702444,0.9228251,0.049225032,-0.38206053,0
-0.82629722,0.98568213,-0.1814096,-0.33262074,0.60210407,-0.72583342,0
-0.094953775,0.90548223,1.2340132,-0.13401973,0.73166621,0.66835839,0
0.59702814,0.3282032,1.3763878,0.33262074,-0.60210407,0.72583342,0
1.199872,-0.16930507,-0.89670968,0.83313698,-0.17300829,-0.52531016,0
1.2056448,-0.71869415,0.22904539,0.33262074,-0.60210407,0.72583342,0
1.6240827,-0.69242299,-0.034834027,0.876091,-0.087575942,-0.47412527,0
-1.2310426,0.35490206,0.78208512,-0.80838943,0.21432561,0.54824346,0
-1.0887866,1.0459219,-0.011150241,-0.33262074,0.60210407,-0.72583342,0
0.76795661,-0.08954674,-1.5051739,0.68563253,-0.37405664,-0.62449121,0
-0.25342387,-0.87906682,0.76464427,0.33262074,-0.60210407,0.72583342,0
0.5243777,-0.63076621,-1.3189732,0.43898225,-0.58233595,-0.68423611,0
0.36247724,-0.66210294,0.66238016,0.33262074,-0.60210407,0.72583342,0
0.47189939,-1.3284062,-0.68728638,0.2130512,-0.70178306,-0.67978626,0
0.25079823,1.1452398,0.93871355,0.15051961,0.79368544,0.58941233,0
-0.31201795,-1.0223489,0.67263824,0.33262074,-0.60210407,0.72583342,0
1.1637583,0.97415775,-0.050997615,0.82827532,0.55451882,0.080426574,0
-1.0017273,0.11393517,1.2079602,-0.77314413,0.26661575,0.57546842,0
-0.035207868,1.7137411,0.2457546,0.16838032,0.79520684,0.58248949,0
-0.17515266,-1.3860164,-0.63181841,-0.18721133,-0.79649681,-0.57493013,0
-0.77100611,0.25189483,-0.81544936,-0.33262074,0.60210407,-0.72583342,0
0.28331679,0.82567835,-0.82263064,-0.33262074,0.60210407,-0.72583342,0
0.19636428,1.1875271,0.8951087,0.13090944,0.79168475,0.59673917,0
0.35361823,1.3003733,-0.46107119,-0.33262074,0.60210407,-0.72583342,0
-0.8356297,0.63489479,1.0787513,-0.58431101,0.4725447,0.65975887,0
-0.48195434,1.3706888,0.64041609,-0.20582378,0.70475411,0.67893881,0
0.97049499,0.028401852,0.95654726,0.33262074,-0.60210407,0.72583342,0
-0.098175764,-0.97171038,-1.1780169,0.0016564131,-0.76928294,-0.63890594,0
0.6933192,0.34703243,1.3478811,0.33262074,-0.60210407,0.72583342,0
0.69928807,1.3613108,0.25899827,0.55468321,0.74735546,0.36576772,0
0.45121962,-0.84857571,0.46702749,0.33262074,-0.60210407,0.72583342,0
0.28884146,-0.69302559,0.67047316,0.33262074,-0.60210407,0.72583342,0
-0.51838911,-1.6762822,0.11035156,-0.54892731,-0.74944872,-0.37014198,0
0.9747566,1.2746652,-0.24305964,0.78724945,0.60103661,0.13781524,0
1.0345943,1.1897771,-0.22427368,0.80837029,0.57842344,0.10937798,0
1.0765258,0.501239,-1.2512472,0.90659475,-0.0078037083,-0.42193002,0
0.27697024,-0.68282753,0.68437296,0.33262074,-0.60210407,0.72583342,0
1.2058048,0.67053807,-0.85973382,0.94283479,0.19547379,-0.26991165,0
0.60913801,0.022268713,-1.6383977,-0.33262074,0.60210407,-0.72583342,0
-1.4673635,-0.21696383,0.27379036,-0.94304776,-0.20835105,0.25932717,0
0.56680554,-1.1107042,0.19661433,0.33262074,-0.60210407,0.72583342,0
-0.8180536,0.12418722,1.428943,-0.69844103,0.35987952,0.61860049,0
0.47937953,-0.12925667,-1.70463,-0.33262074,0.60210407,-0.72583342,0
0.25276518,0.043094456,1.2976426,0.33262074,-0.60210407,0.72583342,0
1.1036053,0.072614856,-1.1278689,0.8455649,-0.15039866,-0.51224989,0
1.0562463,-0.24913013,0.68702859,0.33262074,-0.60210407,0.72583342,0
-1.2625297,-0.18963543,0.84550506,-0.90996963,-0.0028187037,0.41466498,0
0.52639723,-0.15079385,1.0114107,0.33262074,-0.60210407,0.72583342,0
0.71477139,1.4025975,-0.54177481,-0.33262074,0.60210407,-0.72583342,0
-0.8454867,-0.88825715,1.0283396,0.33262074,-0.60210407,0.72583342,0
0.32465529,-0.22234637,-1.7109473,-0.33262074,0.60210407,-0.72583342,0
-1.3557177,0.69053113,0.46442395,-0.78637087,0.24776442,0.5658918,0
-0.17485146,0.70183712,-0.71540076,-0.33262074,0.60210407,-0.72583342,0
0.18210375,1.0707552,1.0497291,0.081977248,0.78520387,0.61378682,0
0.88299125,1.3844779,-0.63389421,-0.33262074,0.60210407,-0.72583342,0
-0.092617273,-1.6647233,-0.26922154,-0.2338472,-0.79827887,-0.5550369,0
-1.4683574,-0.4342531,-0.17491567,-0.90042853,-0.43155861,0.054638028,0
-0.72921586,1.5596334,0.3615388,-0.28231466,0.67078751,0.6858151,0
-0.44019377,-0.8592667,-1.2748399,-0.17053223,-0.79537058,-0.58163917,0
-0.46674195,-1.5595098,0.29794866,0.33262074,-0.60210407,0.72583342,0
0.65707433,-0.023729742,1.0569305,0.33262074,-0.60210407,0.72583342,0
-0.29088849,-1.5859696,0.19541258,0.33262074,-0.60210407,0.72583342,0
-1.0730724,-0.66567767,-1.1132432,-0.54593396,-0.75051636,-0.37239927,0
-0.72994924,0.48040634,1.2828234,-0.5751245,0.48045683,0.66211236,0
-1.0401586,0.67712104,0.85303545,-0.66361111,0.39741975,0.6337803,0
0.89331883,-0.86998081,0.24667448,0.33262074,-0.60210407,0.72583342,0
0.7157563,-1.4827466,-0.44196662,0.29754472,-0.66334188,-0.68661797,0
-1.213348,0.32027704,0.82171053,-0.80889881,0.21351804,0.54780698,0
-0.65972823,-0.22638667,-1.2631946,-0.33262074,0.60210407,-0.72583342,0
1.716535,-0.39860129,0.26045275,0.33262074,-0.60210407,0.72583342,0
1.1372163,0.89308894,0.42611802,0.72492206,0.65553087,0.2115823,0
-0.2905786,1.3949304,0.65668851,-0.091737628,0.74534887,0.66033244,0
1.057278,0.14682844,-1.226105,0.84381676,-0.15366597,-0.5141592,0
1.0927383,-0.5506708,0.42016721,0.33262074,-0.60210407,0.72583342,0
-0.79538429,-1.4476688,0.13430738,-0.68649262,-0.68229592,-0.2513957,0
0.37810302,-0.84956169,-1.1999528,0.30388594,-0.66017282,-0.68689513,0
0.65710187,-0.20952575,-1.5401733,0.60951996,-0.45004329,-0.65264535,0
1.5234089,0.32183862,0.742571,0.82669514,0.55652213,0.082812667,0
1.4838896,-0.26593339,0.47711742,0.33262074,-0.60210407,0.72583342,0
0.62465465,-0.75256002,-1.1505719,0.45507169,-0.57164347,-0.68273944,0
1.5740069,-0.61293739,0.14796829,0.33262074,-0.60210407,0.72583342,0
-1.0461414,0.45627993,0.97718561,-0.71662599,0.33893913,0.60956311,0
1.5365266,-0.1233952,0.57123625,0.33262074,-0.60210407,0.72583342,0
1.3978002,0.22236371,0.92162812,0.33262074,-0.60210407,0.72583342,0
1.3336971,0.5746125,-0.4339397,0.93732357,0.29583859,-0.18413007,0
-0.040499866,1.3245106,-0.26043963,-0.33262074,0.60210407,-0.72583342,0
0.69778299,-0.72819668,-1.1193614,0.49665952,-0.54243261,-0.67756605,0
0.2039032,0.28063977,1.517086,0.33262074,-0.60210407,0.72583342,0
-0.34057522,-1.484923,0.30200374,0.33262074,-0.60210407,0.72583342,0
-0.56590635,-1.6653339,0.25560689,0.33262074,-0.60210407,0.72583342,0
-1.3771657,-0.43788105,-1.0127556,-0.71199292,-0.66503096,-0.22538793,0
0.28993678,-0.43360424,-1.6312753,0.37656975,-0.62083697,-0.68757284,0
-1.6638398,0.073733211,-0.21755564,-0.94164515,-0.25419751,0.22065318,0
-1.6291106,0.77043802,0.0095430613,-0.86458522,0.11269099,0.48968631,0
0.92614883,-0.0055232048,0.94872725,0.33262074,-0.60210407,0.72583342,0
-0.50141633,1.143188,0.86263049,-0.28350329,0.67021477,0.68588471,0
0.15833765,-0.20893073,1.1318513,0.33262074,-0.60210407,0.72583342,0
0.46366513,0.10353294,-1.5043218,-0.33262074,0.60210407,-0.72583342,0
1.6464339,-0.63828009,-0.00028252602,0.89101112,-0.05151543,-0.45104903,0
0.45699513,1.3924707,-0.43204665,-0.33262074,0.60210407,-0.72583342,0
-0.77409661,-0.28631753,1.4949541,0.33262074,-0.60210407,0.72583342,0
-0.93919265,-1.3875442,0.59252596,-0.83748138,-0.54244208,-0.066189766,0
0.69371474,0.72650725,1.3602774,0.28937036,0.79769146,0.52910566,0
0.52725995,-0.56670141,-1.3710942,0.45763385,-0.56991035,-0.68247581,0
-0.575948,1.4576514,0.095380008,-0.33262074,0.60210407,-0.72583342,0
-1.5179144,-0.23707664,0.03838861,-0.93781704,-0.29223263,0.18734753,0
0.11445345,1.2071168,-0.42883089,-0.33262074,0.60210407,-0.72583342,0
-1.4841909,-0.10046434,-0.78091908,-0.33262074,0.60210407,-0.72583342,0
-1.337652,-0.39206016,0.59808791,-0.94171488,-0.17096055,0.28973311,0
0.9339205,-0.02116359,-1.3418678,0.7668798,-0.27525705,-0.57976592,0
-0.85175157,-0.41188204,1.4263802,0.33262074,-0.60210407,0.72583342,0
0.39402816,0.7650736,-0.923639,-0.33262074,0.60210407,-0.72583342,0
-0.5224365,-1.7008612,0.16688406,-0.56370771,-0.74396396,-0.35881889,0
1.3735247,-0.85573649,-0.3638708,0.75868714,-0.28629965,-0.58517182,0
0.13307202,-0.90377009,-1.2276298,0.15582156,-0.72398937,-0.67198116,0
-0.65407741,0.028198093,1.6638455,-0.65184188,0.40941846,0.63834023,0
0.44237256,0.68285739,1.5100746,0.1104095,0.78922695,0.60409468,0
-1.0927302,-0.84002751,-0.69315946,-0.64848053,-0.70484412,-0.28751957,0
0.3224057,1.2926431,0.70712894,0.2499308,0.79841721,0.54778129,0
-0.21066499,1.5364423,-0.006654948,-0.33262074,0.60210407,-0.72583342,0
-1.1520665,-1.0077426,0.17828906,-0.84631497,-0.53014421,-0.051940203,0
0.97867143,-0.58458006,0.44431055,0.33262074,-0.60210407,0.72583342,0
-0.40066528,-0.80987304,0.88951784,0.33262074,-0.60210407,0.72583342,0
0.9577024,1.0323117,0.52244043,0.62157166,0.71879369,0.31142253,0
0.85470062,0.61125261,-1.2623467,-0.33262074,0.60210407,-0.72583342,0
-1.1469631,0.12718856,-0.74661124,-0.33262074,0.60210407,-0.72583342,0
0.55055833,1.0251375,0.98795485,0.30428916,0.79701334,0.5217064,0
0.95115668,1.1633919,-0.84853011,-0.33262074,0.60210407,-0.72583342,0
0.9107548,-0.96341133,0.1611805,0.33262074,-0.60210407,0.72583342,0
1.6697575,-0.41210234,0.054590821,0.92620587,0.063707143,-0.37159622,0
1.3838573,0.55096954,-0.1771189,0.92257148,0.36731303,-0.1180793,0
-1.0919995,-0.63692719,1.2056201,-0.92654169,-0.065220624,0.37049466,0
-0.55546713,-1.6830485,0.18331325,-0.58355796,-0.73601735,-0.34313023,0
0.11069202,-1.6017758,-0.0017277598,0.33262074,-0.60210407,0.72583342,0
0.88192707,1.1737133,0.34729064,0.62371367,0.71773934,0.3095662,0
0.82064617,1.4894419,-0.33918071,0.74002278,0.64373142,0.19487429,0
0.18084583,-0.89626884,0.55136597,0.33262074,-0.60210407,0.72583342,0
-0.43063724,1.6417007,0.35868323,-0.093867898,0.74469727,0.66076803,0
-0.34486043,-1.1480145,-0.90533435,-0.21203291,-0.79769832,-0.56455207,0
-0.65612626,0.53114992,1.3058763,-0.52828944,0.51859486,0.67228657,0
1.5053427,0.34319133,0.12953854,0.91750282,0.38457662,-0.10143578,0
1.2469237,0.36311603,1.1075277,0.33262074,-0.60210407,0.72583342,0
0.58121955,-0.27325046,0.88470572,0.33262074,-0.60210407,0.72583342,0
0.014652014,0.053292811,1.4152204,0.33262074,-0.60210407,0.72583342,0
0.70747906,1.5005792,-0.05923593,0.62935436,0.71491748,0.30464047,0
-1.4073522,0.22594249,0.5194968,-0.88787895,0.059474826,0.45621639,0
0.14408243,1.46944,0.52621824,0.19692415,0.79703492,0.57092541,0
0.68194807,0.57412201,1.5414705,0.33262074,-0.60210407,0.72583342,0
0.48246896,-1.0368936,0.29649088,0.33262074,-0.60210407,0.72583342,0
-0.29534626,-1.0642513,0.63023865,0.33262074,-0.60210407,0.72583342,0
0.052132845,0.10218024,1.438598,0.33262074,-0.60210407,0.72583342,0
-0.31450868,1.4365711,0.60636187,-0.092266321,0.74518764,0.66044086,0
1.4770826,0.33637023,0.96981347,0.76459289,0.62271982,0.1661849,0
-0.41928196,-1.6794183,0.17673117,0.33262074,-0.60210407,0.72583342,0
1.3059766,-0.77121252,0.13950145,0.33262074,-0.60210407,0.72583342,0
-0.89398897,0.076186001,-0.9048475,-0.33262074,0.60210407,-0.72583342,0
-1.386273,0.66791797,-0.18839109,-0.33262074,0.60210407,-0.72583342,0
0.14251444,-0.5307368,0.87215322,0.33262074,-0.60210407,0.72583342,0
0.29085401,-0.83200526,0.55426234,0.33262074,-0.60210407,0.72583342,0
-0.91689801,-1.2064986,-0.18741798,-0.67455733,-0.68976247,-0.26305884,0
0.36616027,-0.14883912,1.0864624,0.33262074,-0.60210407,0.72583342,0
0.61954874,0.047097147,1.1328804,0.33262074,-0.60210407,0.72583342,0
-1.3700092,-0.14049819,0.59772217,-0.92725348,-0.068478346,0.36811852,0
0.80431354,-0.9426741,0.22716051,0.33262074,-0.60210407,0.72583342,0
-1.2457221,0.16175023,0.82432288,-0.84967977,0.14258599,0.50765479,0
0.9626869,1.036873,0.50173414,0.62846875,0.71536493,0.30541748,0
0.19781482,-0.99764407,-1.1114115,0.16296923,-0.72137952,-0.67309165,0
-0.072788596,-0.6698209,0.85544294,0.33262074,-0.60210407,0.72583342,0
-0.57630634,-1.266438,-0.58004445,-0.41742647,-0.78415376,-0.45919257,0
-0.62734985,-0.56796563,-1.561384,-0.33262074,0.60210407,-0.72583342,0
-0.46344817,0.3907553,-0.84120148,-0.33262074,0.60210407,-0.72583342,0
1.0179257,1.2480366,-0.44671035,0.84206742,0.5361498,0.058868527,0
0.53827536,-1.127699,-0.86175907,0.30728507,-0.65845716,-0.6870296,0
0.30228424,0.42464194,-1.1639962,-0.33262074,0.60210407,-0.72583342,0
1.0216889,-0.34131837,0.62639129,0.33262074,-0.60210407,0.72583342,0
1.5064049,-0.24267477,-0.3132236,0.911174,0.0067372918,-0.41196626,0
-1.0533528,-1.1179937,0.93302196,0.33262074,-0.60210407,0.72583342,0
-1.5318639,0.13642025,0.24134552,-0.92888665,-0.076234341,0.36243308,0
0.8769753,0.78369802,-1.1295049,-0.33262074,0.60210407,-0.72583342,0
-1.0883132,0.43699294,-0.51649463,-0.33262074,0.60210407,-0.72583342,0
0.48091289,-0.7880035,0.50366688,0.33262074,-0.60210407,0.72583342,0
0.82353008,-0.33724946,0.72057498,0.33262074,-0.60210407,0.72583342,0
1.4157465,-0.13178599,-0.51048601,0.90397668,-0.015714079,-0.42729223,0
-0.79586899,-0.24410315,1.5399498,0.33262074,-0.60210407,0.72583342,0
-0.43435752,-0.22316706,-1.3638023,-0.33262074,0.60210407,-0.72583342,0
-0.086701393,-0.96801394,-1.1823535,0.0096514225,-0.76744348,-0.64104372,0
-1.4612255,0.17460418,0.41193795,-0.90936357,-0.00087326765,0.41600096,0
0.36616027,-0.0038117766,-1.5486853,-0.33262074,0.60210407,-0.72583342,0
-1.1861002,-0.61361629,-1.0329354,-0.61892366,-0.72008425,-0.31370634,0
-0.25847256,-0.9491396,-1.1950654,-0.087627292,-0.78605986,-0.61190772,0
0.19628191,-0.85637414,-1.2608886,0.20498061,-0.70509756,-0.6788373,0
-0.40521288,-0.74496019,0.94544929,0.33262074,-0.60210407,0.72583342,0
1.0542356,1.1803113,-0.75456107,0.90410256,0.42252296,-0.063817024,0
-0.03594172,-1.5650766,-0.42806876,-0.16137278,-0.79464436,-0.58523417,0
1.3664442,0.60705429,0.39270639,0.82802105,0.55484253,0.080811739,0
0.51477391,1.3402781,0.50935858,0.40217894,0.78672445,0.46831232,0
1.3584405,0.33869833,-0.56164062,0.94104964,0.16167736,-0.29712886,0
1.2050201,0.92060471,-0.25602579,0.87858939,0.4775337,-0.0064921379,0
-1.2043674,-0.68578845,0.85340291,-0.9429996,-0.20360744,0.2632401,0
-0.41769516,0.63917792,-0.65609306,-0.33262074,0.60210407,-0.72583342,0
0.96641612,-0.090236664,0.86000174,0.33262074,-0.60210407,0.72583342,0
-1.0597031,-0.66621315,1.2806305,-0.9233762,-0.051500142,0.38042569,0
0.66511154,-0.36482486,-1.4230134,0.57467711,-0.48083824,-0.66222376,0
1.3748074,-0.34246704,-0.55670226,0.85901326,-0.1241806,-0.49666393,0
-1.4272058,-0.41972899,-0.88655889,-0.75955015,-0.62723023,-0.17223728,0
-1.6616414,-0.042900205,-0.65184927,-0.33262074,0.60210407,-0.72583342,0
-0.15909678,1.2764724,-0.24594066,-0.33262074,0.60210407,-0.72583342,0
0.44548532,-0.29728591,0.92696923,0.33262074,-0.60210407,0.72583342,0
0.30169928,-1.5358435,-0.034565777,0.33262074,-0.60210407,0.72583342,0
0.76822031,0.197465,-1.5659673,-0.33262074,0.60210407,-0.72583342,0
0.61479104,-0.90131074,-1.0294029,0.40986061,-0.60087383,-0.68626857,0
0.81455779,0.47358635,-1.3581498,-0.33262074,0.60210407,-0.72583342,0
0.14834452,-1.4933549,-0.54847264,-0.023152828,-0.77463889,-0.63197964,0
1.1707644,-1.2904934,-0.31207031,0.5720849,-0.48304224,-0.66286415,0
-0.94752532,0.072080195,-0.88371998,-0.33262074,0.60210407,-0.72583342,0
0.7175436,-1.063549,-0.82592082,0.41637182,-0.59681809,-0.68588799,0
-1.3997977,0.80233479,0.35401237,-0.77980763,0.2572248,0.570732,0
-1.6957836,0.080633998,-0.35650826,-0.93729895,-0.29601368,0.18397355,0
0.322308,1.1393527,-0.58029503,-0.33262074,0.60210407,-0.72583342,0
-1.4761972,-0.42969298,-0.3335104,-0.87894189,-0.47687423,0.0072007179,0
-0.79905999,-1.1725978,0.77119368,0.33262074,-0.60210407,0.72583342,0
0.57833362,-1.3847438,-0.035993807,0.33262074,-0.60210407,0.72583342,0
1.3812364,0.43596488,1.0054531,0.71532601,0.66263247,0.22187078,0
-1.2990915,-0.30290818,-1.0336769,-0.33262074,0.60210407,-0.72583342,0
1.1818029,-0.36836213,-0.8471427,0.78786844,-0.24557476,-0.56476176,0
0.5281198,1.5915675,0.043660522,0.51859748,0.75961745,0.3924762,0
-0.25871301,-1.4577048,-0.49503994,-0.26834112,-0.7982688,-0.53922141,0
0.84759176,-1.1876431,0.0041174889,0.33262074,-0.60210407,0.72583342,0
0.38526309,-0.22076625,1.0180423,0.33262074,-0.60210407,0.72583342,0
0.4281863,0.11703259,-1.4768648,-0.33262074,0.60210407,-0.72583342,0
0.18983436,-1.2703874,-0.81083143,0.073443532,-0.75078118,-0.65645516,0
0.98558915,-0.39324445,-1.0830728,0.7061829,-0.35108531,-0.61485314,0
-0.60039765,-1.1432014,0.7045399,0.33262074,-0.60210407,0.72583342,0
-0.090971708,-1.1261501,-0.98915732,-0.045089364,-0.77893043,-0.62548709,0
1.6889759,-0.3797496,0.1115011,0.93276048,0.096603245,-0.34731156,0
0.5341993,-0.71682459,0.53829324,0.33262074,-0.60210407,0.72583342,0
-0.65035093,0.21453898,1.5429819,-0.60530007,0.45389348,0.65390545,0
1.0950226,1.1116356,-0.62667978,0.8985337,0.43604121,-0.050051093,0
0.65674132,-1.1885343,0.090837568,0.33262074,-0.60210407,0.72583342,0
-1.2831404,0.26788908,-0.56749058,-0.33262074,0.60210407,-0.72583342,0
1.4434292,0.35351825,1.0095155,0.33262074,-0.60210407,0.72583342,0
0.39181393,0.4849146,-1.155026,-0.33262074,0.60210407,-0.72583342,0
0.40782428,-0.011702657,1.1811289,0.33262074,-0.60210407,0.72583342,0
0.463808,1.4937824,-0.35112721,-0.33262074,0.60210407,-0.72583342,0
-1.369644,-0.47948104,0.3990556,-0.94032079,-0.27037251,0.20662844,0
1.010357,-0.46459374,-1.0137744,0.70018798,-0.35791025,-0.61776745,0
-0.50873876,-0.40430164,-1.4799737,-0.33262074,0.60210407,-0.72583342,0
-1.6456444,0.45393389,-0.24703872,-0.33262074,0.60210407,-0.72583342,0
0.21839637,1.7724202,-0.0075250268,-0.33262074,0.60210407,-0.72583342,0
0.61899471,1.0967247,0.82795113,0.38017648,0.78995639,0.48107624,0
1.6154956,-0.79590768,-0.026948452,0.85591364,-0.13040404,-0.50040609,0
0.076084256,1.7756472,0.060367823,-0.33262074,0.60210407,-0.72583342,0
-1.7233438,0.3503927,-0.29732299,-0.33262074,0.60210407,-0.72583342,0
0.18357265,1.6536887,0.24143398,0.2907747,0.79763722,0.52841711,0
0.79663742,1.3882821,0.016710997,0.65500003,0.70122457,0.28152937,0
1.4188372,-0.73854619,-0.35478032,0.79973674,-0.22779767,-0.55545378,0
-0.49961007,-1.6472328,0.026416302,-0.52040505,-0.75905085,-0.39117783,0
0.4545033,1.5124842,-0.33134937,-0.33262074,0.60210407,-0.72583342,0
-0.38423049,-1.3185503,-0.63670349,-0.30138141,-0.79716325,-0.5231632,0
-0.61751151,0.59327394,1.286202,-0.49393332,0.54441971,0.6779651,0
0.27436841,-1.2557842,0.21027789,0.33262074,-0.60210407,0.72583342,0
0.58110619,0.042345494,-1.6088974,-0.33262074,0.60210407,-0.72583342,0
0.59814239,-1.3940992,-0.57681274,0.2613498,-0.68065929,-0.68439674,0
0.4577651,-1.0500178,-0.97169161,0.28761542,-0.66822255,-0.68611646,0
0.62753904,1.0616099,0.8787328,0.37238079,0.79096937,0.48548907,0
-0.6177721,-1.0526148,-0.90065265,-0.36186093,-0.79222906,-0.49135488,0
-0.62959868,0.66105556,-0.54083776,-0.33262074,0.60210407,-0.72583342,0
-0.18977863,-1.6127551,0.12685847,0.33262074,-0.60210407,0.72583342,0
-1.3570571,-0.098246515,0.6351999,-0.91996503,-0.037873775,0.39016616,0
-0.28091037,-0.250058,-1.4564281,-0.33262074,0.60210407,-0.72583342,0
-0.89234471,-1.2722588,-0.076988101,-0.68655324,-0.68225712,-0.25133574,0
0.15049277,0.89236927,-0.70644021,-0.33262074,0.60210407,-0.72583342,0
0.38804865,-1.6064335,-0.40425569,0.080660343,-0.74867314,-0.6580137,0
1.7043062,-0.19102311,0.43824971,0.33262074,-0.60210407,0.72583342,0
-0.64710569,-1.5631707,0.084062576,-0.60591131,-0.72622359,-0.32476234,0
0.60716772,-1.5545281,-0.411412,0.21865988,-0.6994437,-0.68041599,0
0.22429633,0.21438104,1.4527769,0.33262074,-0.60210407,0.72583342,0
-0.56571114,-1.2028102,0.63919687,0.33262074,-0.60210407,0.72583342,0
0.35337329,0.36337638,1.5172225,0.33262074,-0.60210407,0.72583342,0
0.3377392,1.3351396,-0.42495447,-0.33262074,0.60210407,-0.72583342,0
0.8960433,-1.1468527,-0.6384539,0.4809103,-0.55376941,-0.67975312,0
0.16460663,1.4773525,-0.22764421,-0.33262074,0.60210407,-0.72583342,0
0.57826459,0.19347686,1.2732263,0.33262074,-0.60210407,0.72583342,0
0.76747531,0.36330926,1.3274004,0.33262074,-0.60210407,0.72583342,0
-0.74264741,1.0600802,0.8134259,-0.42970812,0.58835179,0.68497646,0
0.80675626,0.012588754,-1.5191169,0.72451788,-0.32953301,-0.60537702,0
0.85920042,-1.1262314,0.04974097,0.33262074,-0.60210407,0.72583342,0
-1.6005154,0.60992086,0.093060732,-0.88250458,0.07262516,0.46466208,0
-0.2683202,1.5427616,0.025008202,-0.33262074,0.60210407,-0.72583342,0
1.2211387,-0.63953048,0.28761411,0.33262074,-0.60210407,0.72583342,0
0.46571338,-0.23234186,-1.6857476,0.51642811,-0.52770621,-0.67440915,0
-1.2222562,-0.79796815,0.63931727,-0.93412626,-0.31604421,0.16590345,0
-0.85298741,-1.0990673,0.85690254,0.33262074,-0.60210407,0.72583342,0
0.36780745,-0.82888728,0.52158415,0.33262074,-0.60210407,0.72583342,0
1.3650608,0.52299774,0.7839551,0.75300604,0.63292629,0.17996132,0
1.3254737,-0.9132731,-0.3942982,0.72741246,-0.32603216,-0.60379934,0
0.018483311,1.2709442,-0.33190438,-0.33262074,0.60210407,-0.72583342,0
1.2803962,0.61733103,0.78890121,0.7146064,0.66315317,0.22263253,0
-0.84957731,0.73177135,0.99635744,-0.56638491,0.48784763,0.66423833,0
-0.61861867,-1.3328769,-0.41965497,-0.47719926,-0.77130866,-0.42114562,0
-0.0140692,-0.99542087,-1.1469532,0.043358564,-0.75907946,-0.64955217,0
-1.6087883,-0.10647464,-0.72880661,-0.33262074,0.60210407,-0.72583342,0
-0.12920809,0.11276877,-1.2249699,-0.33262074,0.60210407,-0.72583342,0
-0.15274334,-0.08614403,1.3762634,0.33262074,-0.60210407,0.72583342,0
0.38694859,-1.514809,-0.50760806,0.10887611,-0.73999327,-0.66374362,0
-0.72866088,-1.1540983,-0.62218237,-0.48597759,-0.76903003,-0.41523272,0
-1.0371197,-0.4700906,1.3305119,-0.89182955,0.049396396,0.44966626,0
0.76763558,1.3452699,-0.61355567,-0.33262074,0.60210407,-0.72583342,0
-0.68206871,-0.13519102,1.578146,0.33262074,-0.60210407,0.72583342,0
1.0891705,0.981942,0.315431,0.72611374,0.65462804,0.21028733,0
0.63681126,1.3722119,-0.53125459,-0.33262074,0.60210407,-0.72583342,0
-0.40254653,1.1241095,0.91920429,-0.23653531,0.69179022,0.68225873,0
1.0319867,0.89067316,0.7010287,0.61796069,0.72055018,0.31453437,0
0.51503527,1.3982269,-0.45386922,-0.33262074,0.60210407,-0.72583342,0
-1.2517419,-0.40455154,0.84456664,-0.93211669,-0.092986941,0.35001642,0
0.60715866,-1.1326523,-0.82457465,0.34148049,-0.64053142,-0.68783003,0
1.0239847,-0.46050179,0.52647257,0.33262074,-0.60210407,0.72583342,0
-1.070631,-1.1215097,0.12983763,-0.80542254,-0.58173651,-0.11347723,0
-0.31928968,-1.4103976,-0.5339945,-0.29167145,-0.79760152,-0.52797645,0
-0.72070754,-0.074303985,-1.1090925,-0.33262074,0.60210407,-0.72583342,0
-1.6453292,0.034628868,-0.59501123,-0.33262074,0.60210407,-0.72583342,0
1.0461454,-1.2169989,-0.1112234,0.33262074,-0.60210407,0.72583342,0
1.0001719,-1.2839773,-0.14571631,0.33262074,-0.60210407,0.72583342,0
0.4291504,-0.19359255,1.0204722,0.33262074,-0.60210407,0.72583342,0
0.076081112,-1.0767897,0.44962707,0.33262074,-0.60210407,0.72583342,0
-0.47343311,0.77756286,-0.51575536,-0.33262074,0.60210407,-0.72583342,0
-0.79341841,-0.09387821,-1.0920093,-0.33262074,0.60210407,-0.72583342,0
1.2588232,-0.32911229,-0.74987793,0.82312012,-0.19027273,-0.53504127,0
-1.031126,-1.0616423,-0.26538754,-0.71039438,-0.66616911,-0.22706455,0
0.71674681,-1.0560055,-0.83296418,0.41804016,-0.59577072,-0.68578368,0
-1.1043093,-0.92793477,1.0159013,-0.94215876,-0.24581158,0.22784495,0
1.1688095,0.85378516,0.43832171,0.73644209,0.64660126,0.19889581,0
0.25471938,-0.87515283,0.53502911,0.33262074,-0.60210407,0.72583342,0
0.32224023,-0.68346351,-1.3838236,0.32253492,-0.6506139,-0.68751168,0
1.2838447,-1.0245293,-0.060491443,0.33262074,-0.60210407,0.72583342,0
1.3336941,-0.37766522,0.4532609,0.33262074,-0.60210407,0.72583342,0
-1.2299932,-0.87477028,0.13189721,-0.86729789,-0.49755436,-0.015290141,0
-0.23968887,-0.52527356,-1.703619,-0.33262074,0.60210407,-0.72583342,0
-1.3692493,-0.48656279,0.39141285,-0.93980199,-0.27555615,0.20209086,0
0.34868431,-1.6313636,-0.37950626,0.050009012,-0.75731289,-0.65113437,0
0.96147782,1.1517016,0.21534908,0.68917727,0.68056458,0.24872917,0
1.3343149,0.63514066,0.49009943,0.79704577,0.59086448,0.12488806,0
-1.5968771,-0.033741593,-0.056226373,-0.942258,-0.2439281,0.22945285,0
0.95680583,-1.4845352,-0.2922132,0.33262074,-0.60210407,0.72583342,0
-1.2739658,-0.29816592,0.81012511,-0.92554617,-0.060776919,0.37372476,0
-1.7091594,0.43538439,-0.15054679,-0.93101478,-0.087030441,0.35445261,0
0.020071745,0.082429767,-1.3185462,-0.33262074,0.60210407,-0.72583342,0
1.3926982,0.04732579,-0.55598927,0.9215492,0.044070214,-0.38575178,0
1.3626264,-0.11973849,-0.62013674,0.8917383,-0.049633354,-0.44982111,0
0.64804763,0.8403632,-0.97759068,-0.33262074,0.60210407,-0.72583342,0
-0.46249092,-1.4652834,0.37416458,0.33262074,-0.60210407,0.72583342,0
0.00087308884,-0.85917985,-1.3016471,0.095306516,-0.74425501,-0.66106039,0
1.5264511,-0.075637281,-0.24031055,0.93362623,0.10164469,-0.34352624,0
1.2358694,0.84284127,-0.40747333,0.91087323,0.40448016,-0.081887007,0
1.557656,0.19969571,0.11013126,0.93248487,0.32492405,-0.1577853,0
-0.61519772,-1.0322168,0.80338788,0.33262074,-0.60210407,0.72583342,0
-1.2671747,0.47296727,-0.40468752,-0.33262074,0.60210407,-0.72583342,0
-1.2883046,0.13383639,-0.67632556,-0.33262074,0.60210407,-0.72583342,0
0.071351409,0.86571109,1.3022674,-0.051711798,0.7568543,0.65153426,0
0.052211285,1.7828275,0.07726419,-0.33262074,0.60210407,-0.72583342,0
-0.56628954,0.27128828,-0.89317536,-0.33262074,0.60210407,-0.72583342,0
-0.54326737,-1.677851,0.15207613,-0.57060301,-0.74128062,-0.35343307,0
1.2347701,-1.0403408,-0.051118433,0.33262074,-0.60210407,0.72583342,0
0.19501668,0.44546527,-1.0975661,-0.33262074,0.60210407,-0.72583342,0
0.37074387,-0.97213805,-1.0832933,0.26438022,-0.67925906,-0.6846239,0
0.050399721,1.4780678,-0.17471436,-0.33262074,0.60210407,-0.72583342,0
1.4827633,-0.62337255,0.18112552,0.33262074,-0.60210407,0.72583342,0
1.3065182,0.54411149,-0.59289873,0.94272101,0.2329345,-0.23878473,0
-0.33648586,-0.15386456,1.4042886,0.33262074,-0.60210407,0.72583342,0
0.078042269,0.94294918,1.2119989,-0.022903323,0.76427257,0.64448631,0
-0.069519877,0.0020876527,1.4113164,0.33262074,-0.60210407,0.72583342,0
0.60550892,1.0029255,0.98824185,0.33385813,0.794994,0.50648111,0
-1.2431831,-0.3456637,0.87858832,-0.92465568,-0.056905717,0.37652791,0
-0.99256253,0.78823036,0.8277148,-0.61648065,0.44361657,0.65050405,0
1.1541145,-1.0904129,-0.46852386,0.6141082,-0.44581789,-0.65124285,0
-1.3572482,-0.52662665,-0.80321443,-0.74575841,-0.63903666,-0.18835139,0
-0.98777163,-0.82773805,1.1437459,0.33262074,-0.60210407,0.72583342,0
0.31227976,-0.13497162,1.1226574,0.33262074,-0.60210407,0.72583342,0
-0.60809559,-0.55205923,1.1984404,0.33262074,-0.60210407,0.72583342,0
1.3716365,0.55675358,-0.24949431,0.92774701,0.34705281,-0.13725758,0
-1.4308066,0.28028131,-0.48954117,-0.33262074,0.60210407,-0.72583342,0
0.48591489,0.92052346,-0.83679593,-0.33262074,0.60210407,-0.72583342,0
1.3786845,0.59999877,0.28906894,0.85101706,0.52328348,0.044094205,0
-0.28844917,-1.0964288,-0.99475813,-0.15730584,-0.79429746,-0.58681017,0
-0.21281087,0.044398606,-1.2433734,-0.33262074,0.60210407,-0.72583342,0
0.9585135,0.054640651,0.98380381,0.33262074,-0.60210407,0.72583342,0
0.91604692,-0.414002,0.61450946,0.33262074,-0.60210407,0.72583342,0
-0.61544919,0.27865177,1.5286787,-0.5737443,0.48163271,0.66245532,0
0.48227581,-0.65121889,0.61650991,0.33262074,-0.60210407,0.72583342,0
1.1517966,0.86418706,-0.8866697,0.9410032,0.26271215,-0.21329582,0
-0.56297731,1.3741834,0.6098274,-0.24847317,0.68650943,0.68334883,0
1.2062668,-0.83250999,-0.57854307,0.69717133,-0.36130533,-0.61920142,0
-0.088218451,0.23751402,1.6151794,0.33262074,-0.60210407,0.72583342,0
-1.0552602,-1.1772908,0.33802235,-0.83726436,-0.54273534,-0.066532493,0
0.45171654,-1.412277,-0.60531414,0.17669308,-0.71623844,-0.67511606,0
-0.94615483,-0.65239036,-1.2912245,-0.44026285,-0.77977908,-0.44509864,0
-0.98552138,-1.3160563,0.63402522,-0.86208487,-0.50615585,-0.024814367,0
0.23613107,-0.85126114,-1.2534659,0.22809541,-0.6954416,-0.68141991,0
1.4687426,-0.43195862,0.34633517,0.33262074,-0.60210407,0.72583342,0
-0.093838811,-1.6080958,-0.34952247,-0.21408641,-0.79777217,-0.5636723,0
0.97962505,1.3159473,-0.73502612,-0.33262074,0.60210407,-0.72583342,0
-1.0110861,-1.1743128,0.026344419,-0.76051033,-0.62637961,-0.17109168,0
-0.93429875,-1.3527737,0.35294211,-0.79137599,-0.59681505,-0.13242233,0
-1.5292014,-0.11819196,0.12789392,-0.94304228,-0.21713832,0.25203532,0
0.35097066,0.75935584,-0.90865052,-0.33262074,0.60210407,-0.72583342,0
0.34957838,-1.6477326,-0.36037046,0.045273542,-0.75857472,-0.65001106,0
0.69312358,-1.5950053,-0.34063643,0.25282836,-0.68454874,-0.68371814,0
0.98212361,0.083769143,0.99714726,0.33262074,-0.60210407,0.72583342,0
-1.133535,-0.77685988,1.034106,-0.94224638,-0.18020579,0.28230733,0
0.70854056,0.18123686,1.2033725,0.33262074,-0.60210407,0.72583342,0
1.3752289,-0.18406725,-0.58737242,0.8853482,-0.065743268,-0.46025652,0
0.53091526,-0.97235489,0.32782701,0.33262074,-0.60210407,0.72583342,0
1.2870915,0.6784904,-0.50182617,0.93448639,0.31398326,-0.16777813,0
0.93169129,0.78787637,1.0628196,0.48653886,0.76888078,0.41485173,0
-0.61703861,-0.92692775,-1.0990868,-0.31270665,-0.79653066,-0.5174486,0
0.46626538,-1.0898719,0.25996906,0.33262074,-0.60210407,0.72583342,0
-0.071495771,0.15481448,-1.2165388,-0.33262074,0.60210407,-0.72583342,0
-1.2722392,0.62526715,-0.27602863,-0.33262074,0.60210407,-0.72583342,0
1.6794971,0.0094541311,0.44909859,0.92476791,0.35910121,-0.12589765,0
-1.2613157,1.1867715,0.18475282,-0.33262074,0.60210407,-0.72583342,0
-0.10085559,0.35732526,-1.0350946,-0.33262074,0.60210407,-0.72583342,0
-0.34641778,1.5609957,0.075923011,-0.33262074,0.60210407,-0.72583342,0
1.5405204,-0.59916049,-0.20533514,0.86644053,-0.1087738,-0.4872871,0
-0.66241241,-1.5495141,0.39590847,0.33262074,-0.60210407,0.72583342,0
1.0649171,0.74208498,-1.2501507,-0.33262074,0.60210407,-0.72583342,0
1.1592367,0.45467943,1.2236662,0.33262074,-0.60210407,0.72583342,0
0.60297942,-0.10106072,-1.665499,0.6120832,-0.44768775,-0.65186602,0
-1.719797,0.14060688,-0.47297311,-0.33262074,0.60210407,-0.72583342,0
-1.1221099,-0.76227963,-0.81659174,-0.6356529,-0.71168762,-0.29907489,0
0.16202164,-1.3308707,-0.74314815,0.037983894,-0.76047915,-0.64825022,0
0.5730052,1.3749776,0.39344716,0.45999384,0.77547479,0.43248618,0
-0.56357622,0.3524335,1.5164483,-0.5311687,0.51635098,0.6717447,0
-0.45863879,1.2982965,0.72252208,-0.21488011,0.70102352,0.67999434,0
1.2110913,0.14010875,-0.94913137,0.88953763,-0.055288643,-0.45350391,0
0.61108208,1.5125477,0.083693504,0.55079305,0.7487762,0.368729,0
1.4602385,-0.49921614,0.29443967,0.33262074,-0.60210407,0.72583342,0
0.94770408,-0.99497098,-0.71846586,0.54469693,-0.50563675,-0.6690563,0
1.5519561,-0.41409135,0.3230232,0.33262074,-0.60210407,0.72583342,0
0.8145858,0.021374345,1.0221646,0.33262074,-0.60210407,0.72583342,0
-0.725811,-1.1305234,0.77252865,0.33262074,-0.60210407,0.72583342,0
-1.3424473,0.0082888305,0.67005885,-0.90268946,0.019508481,0.42984986,0
0.50642681,0.45103711,1.519802,0.33262074,-0.60210407,0.72583342,0
0.89125925,1.2500738,0.13888943,0.67298448,0.69071895,0.26457304,0
0.11177707,-0.074512422,-1.4907601,-0.33262074,0.60210407,-0.72583342,0
-0.3453446,-1.6824076,0.14036888,0.33262074,-0.60210407,0.72583342,0
0.39596319,-1.7087932,-0.28581041,0.052622437,-0.75660813,-0.65174747,0
0.62974113,0.75063705,-1.0436326,-0.33262074,0.60210407,-0.72583342,0
-0.16579306,-0.25304103,1.2437966,0.33262074,-0.60210407,0.72583342,0
-1.5765849,0.16610557,0.13082647,-0.93365049,-0.10178944,0.34341729,0
-1.2069144,0.59844726,0.70540726,-0.7492252,0.29870886,0.59112966,0
-1.4319646,-0.15300381,-0.8484354,-0.33262074,0.60210407,-0.72583342,0
1.2372448,0.41825131,-0.87939978,0.93095696,0.086724758,-0.35467964,0
0.84848893,-1.439715,-0.20539591,0.33262074,-0.60210407,0.72583342,0
0.72284496,-0.58565342,-1.2108691,0.54527903,-0.50516933,-0.6689353,0
0.58380544,1.3857638,-0.49572247,-0.33262074,0.60210407,-0.72583342,0
0.81029093,0.49345648,-1.3397115,-0.33262074,0.60210407,-0.72583342,0
-0.12716568,-1.6310246,-0.30295175,-0.244403,-0.7983976,-0.55029809,0
1.2363218,0.30809724,1.0667464,0.33262074,-0.60210407,0.72583342,0
-1.0905945,0.88472897,-0.14403677,-0.33262074,0.60210407,-0.72583342,0
-0.58022618,0.79326707,-0.45378923,-0.33262074,0.60210407,-0.72583342,0
0.084199607,-0.43463615,0.97859538,0.33262074,-0.60210407,0.72583342,0
1.0126741,-1.1075891,-0.0051255822,0.33262074,-0.60210407,0.72583342,0
-1.2417109,-0.35633129,-1.1042883,-0.33262074,0.60210407,-0.72583342,0
1.3218478,0.6914503,-0.19753981,0.90784854,0.41278577,-0.07361114,0
-1.3951125,0.84349155,0.34138149,-0.76950204,0.27166122,0.57798475,0
1.0791674,1.1308924,-0.26148713,0.83292568,0.54850751,0.073308945,0
-0.64931858,0.87946045,1.0270998,-0.43287897,0.58630693,0.68473327,0
-0.006141305,-0.59738111,0.88499248,0.33262074,-0.60210407,0.72583342,0
0.071923256,0.2735765,1.5717082,0.33262074,-0.60210407,0.72583342,0
1.1620772,0.82600862,0.54699707,0.71125036,0.66556054,0.22616756,0
-1.0342093,-1.218423,0.78541732,-0.90228355,-0.4270559,0.059223294,0
1.0194901,-0.74519908,0.29236585,0.33262074,-0.60210407,0.72583342,0
-1.4122237,-0.38477361,0.32798326,-0.94148242,-0.25651574,0.21865553,0
-1.2177298,-0.73603731,0.75334358,-0.94152659,-0.2558988,0.21918762,0
0.89867204,0.78617406,1.1028273,0.4602949,0.77540523,0.43229049,0
0.39721298,-1.5734854,-0.10956115,0.33262074,-0.60210407,0.72583342,0
-1.1694732,-0.2864019,1.0465252,-0.90006983,0.027049363,0.43490481,0
-0.85493028,1.1518146,-0.030475557,-0.33262074,0.60210407,-0.72583342,0
1.2230871,0.53400362,-0.8808229,0.93824649,0.13361242,-0.31912524,0
0.088356495,-0.14974231,1.2130198,0.33262074,-0.60210407,0.72583342,0
-1.4765663,-0.06139791,-0.75200593,-0.33262074,0.60210407,-0.72583342,0
-0.1902101,0.72735763,-0.68719232,-0.33262074,0.60210407,-0.72583342,0
-1.0855718,1.0105442,0.58757389,-0.60329354,0.45571208,0.65449458,0
0.44011629,1.3656609,0.52673018,0.35850686,0.79260492,0.49320376,0
1.0267587,0.91793895,0.64845395,0.62696326,0.71612173,0.30673528,0
0.24190462,-0.8731662,0.54254961,0.33262074,-0.60210407,0.72583342,0
0.2299366,-1.0987768,-0.99502206,0.14977872,-0.72615993,-0.67101246,0
0.69560575,-0.90053231,-0.97934216,0.4498229,-0.57516778,-0.68325764,0
-1.0783517,-0.74072444,1.2165675,-0.93407059,-0.1043207,0.34151,0
-0.27741203,-0.86346507,0.78857929,0.33262074,-0.60210407,0.72583342,0
1.2481291,0.80742532,-0.43686926,0.918145,0.3825013,-0.10345161,0
-1.0899425,-1.0736051,0.84593904,-0.92573404,-0.3553192,0.12947774,0
-1.1297442,-0.16947126,-1.0005916,-0.33262074,0.60210407,-0.72583342,0
-0.23007798,1.5630722,0.024331689,-0.33262074,0.60210407,-0.72583342,0
0.33379555,-0.84382683,-1.2244346,0.28232157,-0.67078412,-0.68581545,0
-0.79838294,-0.61677146,1.2319605,0.33262074,-0.60210407,0.72583342,0
-0.39672136,-0.55188078,1.101724,0.33262074,-0.60210407,0.72583342,0
0.097991467,0.079636574,-1.3565707,-0.33262074,0.60210407,-0.72583342,0
-0.9406805,-0.77280915,-1.0802015,-0.48705927,-0.76874208,-0.41449809,0
1.1862564,0.90024906,-0.63303316,0.9254263,0.35653603,-0.12832725,0
-1.5999961,0.53987342,0.10317266,-0.89317662,0.045871884,0.44735992,0
1.0443598,-0.46914089,-0.97208691,0.71303189,-0.34315714,-0.61141503,0
-1.2762589,0.20277941,-0.62465489,-0.33262074,0.60210407,-0.72583342,0
-0.37875351,-1.3592496,0.42374974,0.33262074,-0.60210407,0.72583342,0
0.90487492,-0.96477664,-0.77587867,0.53257513,-0.51525044,-0.67147624,0
-0.56787825,-0.39222169,-1.4428518,-0.33262074,0.60210407,-0.72583342,0
-1.2177886,1.2805636,0.24260986,-0.33262074,0.60210407,-0.72583342,0
-0.48458827,-1.0765429,-0.94672763,-0.27867407,-0.79804003,-0.53429645,0
0.77072895,0.74712813,1.2803025,0.35065824,0.79343677,0.49749041,0
1.6827133,-0.38544774,0.28686321,0.33262074,-0.60210407,0.72583342,0
-0.60052872,1.6634074,0.27732623,-0.33262074,0.60210407,-0.72583342,0
-1.2633764,-0.57697183,0.72617447,-0.94298029,-0.20230934,0.26430798,0
-0.72008288,0.056316882,1.5772098,-0.67327887,0.38731426,0.62982768,0
-1.4435635,-0.32602859,-0.98665011,-0.33262074,0.60210407,-0.72583342,0
1.1013453,-0.6250968,0.35448396,0.33262074,-0.60210407,0.72583342,0
-0.3500905,1.5293732,0.4965772,-0.083302736,0.74789,0.65857494,0
0.29312372,-1.7581465,-0.21504396,0.33262074,-0.60210407,0.72583342,0
0.040510535,-1.286397,-0.798177,-0.019266129,-0.77383494,-0.63309389,0
-1.2395399,-0.82011092,-0.2159065,-0.80968076,-0.57693297,-0.1075412,0
0.28782701,1.340416,0.65322566,0.24448282,0.79839814,0.55026191,0
-1.2806766,0.20192048,0.75438368,-0.8537845,0.13461369,0.50292242,0
0.039989829,0.13713753,-1.282292,-0.33262074,0.60210407,-0.72583342,0
-1.6092145,-0.027126789,-0.10064697,-0.94154018,-0.25570613,0.21935368,0
-0.0095799565,1.1140867,-0.44916281,-0.33262074,0.60210407,-0.72583342,0
0.92717409,1.1694007,0.25767314,0.66438925,0.6958375,0.27275795,0
-0.88635331,0.81307101,-0.29707521,-0.33262074,0.60210407,-0.72583342,0
0.73149592,0.78101885,-1.0650599,-0.33262074,0.60210407,-0.72583342,0
0.070012033,-0.32731554,1.0741231,0.33262074,-0.60210407,0.72583342,0
-0.2919589,-1.1875601,0.52639759,0.33262074,-0.60210407,0.72583342,0
-1.394284,-0.52635169,0.17153609,-0.92456818,-0.35986957,0.1251688,0
-0.59963131,-1.4096377,-0.29967201,-0.4955017,-0.76643813,-0.40871811,0
-1.403006,0.55153716,-0.27726507,-0.33262074,0.60210407,-0.72583342,0
0.096874475,-1.3189256,0.23923823,0.33262074,-0.60210407,0.72583342,0
0.27053457,-1.4043227,0.088816881,0.33262074,-0.60210407,0.72583342,0
1.5715913,0.17987168,0.15194488,0.93137032,0.33054215,-0.15261412,0
0.48853981,0.5624572,-1.1350273,-0.33262074,0.60210407,-0.72583342,0
0.060328603,0.58651054,-0.9188419,-0.33262074,0.60210407,-0.72583342,0
-0.28610647,-0.9697727,-1.1637883,-0.11180067,-0.78940547,-0.60360527,0
1.4447734,-0.17219704,-0.44752026,0.90565723,-0.010667264,-0.42387587,0
-0.48938,-0.985093,-1.0792079,-0.24798214,-0.79841369,-0.54867136,0
-0.55669767,0.80450976,-0.4552452,-0.33262074,0.60210407,-0.72583342,0
-0.80954295,0.5756886,-0.5291912,-0.33262074,0.60210407,-0.72583342,0
0.89789969,0.82159728,-1.1076552,-0.33262074,0.60210407,-0.72583342,0
0.62200254,0.80246127,-0.9970963,-0.33262074,0.60210407,-0.72583342,0
1.2076514,0.7750715,0.55007792,0.73097491,0.65089571,0.20496356,0
0.3068589,-1.6752232,-0.32976916,0.011349082,-0.76704574,-0.64149189,0
-0.60722744,-1.6107469,0.31982458,0.33262074,-0.60210407,0.72583342,0
-1.5513301,-0.031548738,0.11520171,-0.94255161,-0.18696913,0.27683687,0
1.5878986,0.21309114,0.40227473,0.90518343,0.41977108,-0.066595078,0
0.96098745,0.49090564,-1.4108858,-0.33262074,0.60210407,-0.72583342,0
-1.1684426,-0.59857839,-1.0998092,-0.59568334,-0.73081976,-0.33326215,0
-1.1491357,0.81055576,0.6546616,-0.67848039,0.3817803,0.62762076,0
-0.96600217,-0.32161552,-1.2018371,-0.33262074,0.60210407,-0.72583342,0
-1.3213742,0.18791589,0.68672806,-0.86889499,0.10351667,0.48405093,0
-0.081589222,1.3018739,-0.2603879,-0.33262074,0.60210407,-0.72583342,0
1.3720964,0.44796744,-0.42632127,0.94195551,0.24936339,-0.22480541,0
-0.38156676,1.6967821,0.30089003,-0.048117638,0.75781929,0.65068763,0
-0.67834878,0.3481774,1.4234037,-0.58481097,0.47210974,0.65962714,0
-0.89469671,0.93896192,0.80375338,-0.53447354,0.51375997,0.6711098,0
1.597018,-0.46673775,-0.1146487,0.90302277,-0.018531829,-0.42919248,0
0.49929118,-1.5538685,-0.44227651,0.15975475,-0.72255898,-0.67259693,0
0.62474763,-0.81091309,0.41874874,0.33262074,-0.60210407,0.72583342,0
-1.1411661,0.21820199,-0.67376888,-0.33262074,0.60210407,-0.72583342,0
-1.1717474,-0.73911989,0.92894202,-0.94293749,-0.19990858,0.26628,0
-0.25740647,0.35079259,-0.96877265,-0.33262074,0.60210407,-0.72583342,0
-1.5564194,-0.10061747,0.038698316,-0.94247758,-0.23929086,0.23340017,0
-0.63260221,-1.1160412,0.74182832,0.33262074,-0.60210407,0.72583342,0
0.4647803,0.83671474,-0.89663303,-0.33262074,0.60210407,-0.72583342,0
1.0113637,1.2142045,-0.18899083,0.79217923,0.59598267,0.13136375,0
0.11173868,-0.8578316,-1.282064,0.15806782,-0.72317421,-0.67233425,0
-0.34968257,0.62507498,-0.69895941,-0.33262074,0.60210407,-0.72583342,0
0.42894304,0.76935601,-0.93608671,-0.33262074,0.60210407,-0.72583342,0
-0.12488782,0.11566186,-1.2245497,-0.33262074,0.60210407,-0.72583342,0
-0.6141777,0.065550685,1.6789544,-0.62562984,0.43502176,0.64756703,0
-1.1415675,-1.0191878,0.13483262,-0.83462381,-0.54626751,-0.070672512,0
-1.3815546,1.116951,0.18193507,-0.33262074,0.60210407,-0.72583342,0
0.049347401,1.7004232,0.23571974,0.21835083,0.7979126,0.56183451,0
-0.95306236,-1.1187718,-0.32374847,-0.66234398,-0.69702876,-0.2746833,0
-0.27606761,-0.79139143,-1.3926954,-0.045189023,-0.77894896,-0.62545675,0
-1.0531715,-1.0598093,-0.19666469,-0.7342816,-0.64831084,-0.20130396,0
0.050545454,0.66801083,1.5230707,-0.12598217,0.73438907,0.66693389,0
-0.54447615,-0.577586,-1.6073422,-0.33262074,0.60210407,-0.72583342,0
-0.10043895,0.15710235,-1.2013774,-0.33262074,0.60210407,-0.72583342,0
-0.83719605,-0.98348808,-0.81078231,-0.49719462,-0.76596415,-0.40754902,0
1.2000902,0.86322182,0.26395822,0.78431273,0.60398704,0.1416086,0
-1.3125297,1.1140234,0.14787513,-0.33262074,0.60210407,-0.72583342,0
0.71692592,1.0014362,0.90471107,0.41316378,0.78490019,0.46176511,0
-0.83811939,-0.43318224,1.4024639,0.33262074,-0.60210407,0.72583342,0
-0.77265191,-0.54546756,1.2793181,0.33262074,-0.60210407,0.72583342,0
0.74379539,-0.69992113,-1.1067846,0.52569175,-0.52060843,-0.67276645,0
-1.1184185,1.1362062,0.46922836,-0.58694291,0.47025028,0.65906161,0
0.0053486824,-0.26791537,-1.6024226,-0.33262074,0.60210407,-0.72583342,0
0.27322638,-0.78254247,-1.3090419,0.26820958,-0.67747676,-0.68490028,0
1.3201935,-0.27410752,0.54535222,0.33262074,-0.60210407,0.72583342,0
-0.70076072,0.54586709,-0.60377991,-0.33262074,0.60210407,-0.72583342,0
-0.42701685,0.018582106,-1.166627,-0.33262074,0.60210407,-0.72583342,0
0.99899566,-0.72645235,-0.86301947,0.63422555,-0.42678934,-0.64467704,0
-0.69241828,-0.1796155,-1.2094157,-0.33262074,0.60210407,-0.72583342,0
1.1322619,1.0345515,-0.61171806,0.90791297,0.41261297,-0.073783994,0
-0.20358717,1.6471514,0.081938595,-0.33262074,0.60210407,-0.72583342,0
0.99866116,-1.3589678,-0.39297041,0.47392201,-0.5586912,-0.68063343,0
-0.67811775,0.35780686,-0.77015865,-0.33262074,0.60210407,-0.72583342,0
-0.63991308,-0.54960042,-1.5403919,-0.33262074,0.60210407,-0.72583342,0
-0.63437134,-1.1967268,-0.64581859,-0.43195975,-0.78144383,-0.4502846,0
0.26503098,-1.2151872,-0.86086822,0.13345158,-0.73186052,-0.66825926,0
0.92888904,1.0641465,-0.92065334,-0.33262074,0.60210407,-0.72583342,0
0.14165652,-1.4436607,-0.60893416,-0.010751843,-0.77202833,-0.63549703,0
0.068293244,1.0472488,-0.54029346,-0.33262074,0.60210407,-0.72583342,0
-0.5830546,0.60539377,-0.6083405,-0.33262074,0.60210407,-0.72583342,0
-0.39465487,-0.90952325,-1.2192751,-0.15918505,-0.79445958,-0.58608341,0
-0.10792804,-0.44160008,-1.6945899,-0.33262074,0.60210407,-0.72583342,0
0.4757933,1.3238546,-0.49758053,-0.33262074,0.60210407,-0.72583342,0
-0.10180736,-0.69533384,-1.5008545,0.08836484,-0.74637246,-0.6596359,0
0.72418797,1.5123396,-0.45505524,-0.33262074,0.60210407,-0.72583342,0
0.055009127,1.3114502,0.75877029,0.085588336,0.7857542,0.61258852,0
0.799196,-0.2102353,-1.3979695,0.67078626,-0.38994184,-0.6308651,0
0.92080402,1.1107808,0.41480291,0.62749547,0.71585464,0.30626988,0
0.24877501,0.13235581,1.3735164,0.33262074,-0.60210407,0.72583342,0
0.42444515,-0.14352149,-1.6912889,-0.33262074,0.60210407,-0.72583342,0
-0.56848454,-0.26560199,-1.3375386,-0.33262074,0.60210407,-0.72583342,0
-0.98475838,1.0191348,-0.081043065,-0.33262074,0.60210407,-0.72583342,0
0.51181608,0.14467335,1.2631929,0.33262074,-0.60210407,0.72583342,0
1.3908602,-0.38635498,0.41985536,0.33262074,-0.60210407,0.72583342,0
-1.6606678,0.28463763,-0.06371069,-0.93636703,-0.11932057,0.33011949,0
0.16807002,0.56272829,-0.98794377,-0.33262074,0.60210407,-0.72583342,0
0.44977713,0.56469572,1.6400461,0.33262074,-0.60210407,0.72583342,0
0.04484731,-1.2806716,0.29481333,0.33262074,-0.60210407,0.72583342,0
-0.32629645,-1.5848787,-0.25711668,-0.36368555,-0.79201937,-0.4903447,0
-0.1982137,-0.42921197,-1.6429392,-0.33262074,0.60210407,-0.72583342,0
0.05721879,-0.21630579,1.1720722,0.33262074,-0.60210407,0.72583342,0
1.0713938,0.21340048,1.063772,0.33262074,-0.60210407,0.72583342,0
-1.6932206,0.45962501,-0.22051525,-0.33262074,0.60210407,-0.72583342,0
0.37962985,0.37184939,-1.2432338,-0.33262074,0.60210407,-0.72583342,0
-0.29838037,-0.036860824,-1.2715678,-0.33262074,0.60210407,-0.72583342,0
-0.23556697,-0.073057592,-1.3303794,-0.33262074,0.60210407,-0.72583342,0
1.454591,-0.047893167,0.67141557,0.33262074,-0.60210407,0.72583342,0
-0.87035286,0.8906762,0.86010313,-0.53555632,0.51290739,0.67089874,0
1.1285434,0.51895249,1.2910485,0.33262074,-0.60210407,0.72583342,0
0.95414186,-0.084565982,-1.2848833,0.7612325,-0.28289944,-0.58351767,0
0.5037806,-0.90642118,-1.086399,0.35253274,-0.63447309,-0.68786931,0
-0.60734975,0.46736291,1.3933375,-0.52196288,0.52348095,0.67344052,0
-0.22963047,1.7170491,0.15185571,-0.33262074,0.60210407,-0.72583342,0
0.26167727,-0.63660347,-1.4561334,0.30452156,-0.65985286,-0.686921,0
-0.044101477,-0.62770081,-1.565906,0.14207935,-0.72887802,-0.66973889,0
-0.27229214,-1.0107543,-1.1127074,-0.11730313,-0.79009503,-0.60165572,0
-1.3627429,-0.63385469,-0.17493844,-0.86445487,-0.50229102,-0.020522237,0
-0.71297067,-0.70913619,1.1161997,0.33262074,-0.60210407,0.72583342,0
-1.2435064,1.1464164,0.34437716,-0.63965058,0.42151275,0.64278603,0
-0.87501055,0.48560739,-0.57391548,-0.33262074,0.60210407,-0.72583342,0
-0.16071804,0.68763828,-0.73365605,-0.33262074,0.60210407,-0.72583342,0
0.22694916,-0.80876744,0.60282403,0.33262074,-0.60210407,0.72583342,0
0.62739599,-0.41353944,-1.4186516,0.54510915,-0.50530583,-0.66897064,0
0.62741935,-0.8337152,-1.0801096,0.43453443,-0.58523446,-0.68460214,0
-1.3041608,-0.72856736,0.20470858,-0.90347135,-0.42410964,0.062211514,0
-1.0208634,-1.1428214,-0.044175863,-0.75075251,-0.634848,-0.1825881,0
1.6407788,-0.093429923,0.54831898,0.33262074,-0.60210407,0.72583342,0
-1.4249744,0.027970672,0.48730445,-0.91957796,-0.036391377,0.3912183,0
-0.60525715,1.298811,0.66752195,-0.29289055,0.66564202,0.68639326,0
-0.67446685,-0.38213789,-1.3856413,-0.33262074,0.60210407,-0.72583342,0
0.80097353,-1.530257,-0.35784185,0.32818758,-0.64764524,-0.68763959,0
0.21842968,-1.724692,-0.26586187,-0.057972193,-0.78125602,-0.62151253,0
-1.0061889,0.82344759,-0.23355156,-0.33262074,0.60210407,-0.72583342,0
-0.98763853,-0.84402072,1.130178,0.33262074,-0.60210407,0.72583342,0
0.69221509,1.1526031,-0.7388171,-0.33262074,0.60210407,-0.72583342,0
-0.84035516,0.79044837,-0.33692062,-0.33262074,0.60210407,-0.72583342,0
0.4309299,-1.5679954,-0.44100952,0.11713266,-0.73732078,-0.66531026,0
1.3498702,-0.26530778,-0.61881191,0.86452639,-0.11281461,-0.48976183,0
-1.1823955,-0.6473639,0.95110697,-0.94056773,-0.15587807,0.30171877,0
-0.27672398,0.93764067,-0.47310942,-0.33262074,0.60210407,-0.72583342,0
-1.1366795,-0.99345899,0.73137033,-0.92430413,-0.36087853,0.12421083,0
-0.040692687,0.16563869,-1.2216756,-0.33262074,0.60210407,-0.72583342,0
