-4.7425399,0.072656356,-7.5089111,-0.53398073,0.0081806574,-0.84545708,0
-6.1095853,-6.1724133,0.75412214,-0.70084321,-0.70805037,0.086506918,0
6.6016946,5.7613873,0.30064043,0.75298673,0.65714157,0.034290932,0
3.3438671,-8.0817823,0.34066939,0.38203099,-0.92332953,0.038920883,0
-0.28541273,-8.5636644,1.9915992,-0.032444943,-0.97349405,0.22639957,0
-0.89566731,8.1418066,-3.0696247,-0.10239454,0.9307881,-0.3509258,0
2.4575827,2.6622257,8.0921717,0.27718398,0.3002651,0.91269374,0
2.1349781,8.4864855,1.1272184,0.24197271,0.96183562,0.12775593,0
3.7423532,2.1277485,-7.6255445,0.42736563,0.24298257,-0.87081456,0
3.6196814,7.0740409,3.8037138,0.41087034,0.802975,0.43175989,0
-5.070035,-6.9287376,-1.6776005,-0.57956696,-0.79203933,-0.19177023,0
-7.8996577,3.9171956,0.38476902,-0.89505088,0.44382799,0.043595288,0
-3.7759852,-4.3398561,-6.5937967,-0.43151841,-0.4959574,-0.753537,0
-5.9708261,-1.9646981,-6.1939125,-0.67660379,-0.22263621,-0.70188355,0
1.2989756,6.1894712,6.0624356,0.14827289,0.70650345,0.69200289,0
-4.419898,0.4311668,-7.6673236,-0.49882913,0.048661429,-0.86533314,0
-6.0117884,6.331275,1.0059341,-0.68404806,0.72040069,0.11445967,0
6.549562,-2.8635392,5.1791029,0.74197376,-0.32439893,0.58671993,0
2.143357,1.6152264,-8.3265533,0.245,0.18463115,-0.95178056,0
0.084096514,-6.0023727,6.5994415,0.0094265705,-0.67281967,0.73974645,0
-3.7703927,0.074679933,7.9812226,-0.42712831,0.0084601045,0.9041515,0
4.3446455,-7.6879797,0.4733386,0.49128896,-0.86935043,0.05352474,0
1.3460933,-6.3125381,-6.0300546,0.15239389,-0.71465498,-0.68267447,0
-0.58099997,-6.8727531,5.2660637,-0.066952668,-0.79199517,0.60684514,0
6.5148883,6.0231233,0.034150891,0.73427081,0.67884564,0.0038490305,0
3.885148,7.9429345,-0.67227334,0.43812233,0.89571285,-0.075811259,0
5.0694642,-2.2336116,-6.7467031,0.58071905,-0.25586545,-0.77285069,0
6.8490624,0.19445777,-5.4842715,0.78039795,0.022156965,-0.62489051,0
0.46351773,-6.3470979,-6.1099238,0.052539773,-0.7194441,-0.69256037,0
-0.55806279,8.1623993,3.3232608,-0.063196167,0.92432678,0.37633282,0
6.3031368,4.2175016,4.300097,0.72298282,0.48375615,0.49323002,0
-5.0939908,6.8594589,-1.7584592,-0.58396327,0.7863524,-0.20158567,0
-3.3323805,-4.0490599,7.0980763,-0.3776027,-0.45881194,0.80430573,0
-0.51223028,-6.7565331,-5.5225425,-0.058598377,-0.7729373,-0.63177061,0
6.8123755,1.5129706,5.1734719,0.78421187,0.17416678,0.59554821,0
-2.1176169,3.4856749,7.8807092,-0.23864383,0.39281645,0.88811278,0
-6.6625586,5.7246637,1.0468593,-0.75314462,0.64712375,0.11833839,0
5.8543258,-6.4714842,1.0450886,0.66610157,-0.73632145,0.11890954,0
-2.7433693,6.4840426,-5.3445692,-0.31036031,0.73354667,-0.60463685,0
-7.4552784,-1.2230978,-4.5105619,-0.84728748,-0.13900426,-0.51262242,0
-3.9341846,6.229948,4.7315145,-0.44928443,0.71146095,0.54033965,0
-2.4979472,0.70859307,-8.4521933,-0.28250846,0.08013922,-0.9559114,0
6.2862353,-2.7540197,5.4657569,0.71649522,-0.31389883,0.62297839,0
-2.4827957,-8.176034,-2.2870259,-0.28068563,-0.92431903,-0.25855342,0
1.6878792,-7.5906277,-4.1437292,0.19156088,-0.86147594,-0.47028032,0
8.0397177,1.0828214,-3.2211387,0.92109662,0.12405698,-0.36904034,0
-5.0037813,-5.5097756,4.7464046,-0.56684357,-0.6241641,0.53768712,0
1.3603647,-8.6645355,0.48647687,0.1548657,-0.98638207,0.055381164,0
-2.3751354,-3.9844031,-7.4852486,-0.26971778,-0.45246446,-0.85001659,0
8.2678404,-2.8540912,1.1774102,0.93681347,-0.32339171,0.13341014,0
-0.87829065,8.5860405,-1.4623123,-0.10033196,0.98083055,-0.16704796,0
6.8783154,5.0038838,-2.0498762,0.78614676,0.57191139,-0.23428753,0
5.0975819,-0.66773707,7.1507058,0.57880819,-0.075818628,0.81193143,0
-3.0268784,7.3910356,3.6287844,-0.34504008,0.84251934,0.4136526,0
2.5708029,6.9231195,4.941175,0.2893225,0.77913958,0.55608815,0
7.001647,-2.4037061,4.5593481,0.805327,-0.27647343,0.52441466,0
1.1224145,1.3022516,8.691761,0.1266811,0.14697839,0.98099405,0
7.7744598,-3.2984478,-2.6559334,0.87817037,-0.37257883,-0.30000311,0
-3.9210079,-4.3484044,-6.6780105,-0.44148681,-0.48960963,-0.75191218,0
6.2317238,-3.9322269,-4.8588262,0.70603395,-0.44550845,-0.55048913,0
4.6109929,6.0073299,4.4467845,0.52505165,0.68405193,0.50635332,0
-4.5881763,-6.3630795,4.1865406,-0.51599056,-0.71559781,0.47082224,0
6.953299,-1.8428574,-5.0278234,0.79228109,-0.20998105,-0.57288623,0
-0.63750941,1.4743686,-8.6768494,-0.072244927,0.16708091,-0.98329276,0
4.0811167,0.95853037,-7.7734265,0.46209416,0.10853188,-0.88016474,0
6.76999,0.82277054,-5.6404467,0.7649616,0.092967324,-0.63733107,0
-4.9502993,6.562695,2.9558628,-0.56667799,0.7512545,0.33836788,0
2.9744275,-5.3294683,6.4347486,0.33537927,-0.60092008,0.72554511,0
3.4844174,4.7459264,-6.4526348,0.39889967,0.54331851,-0.73870426,0
3.7366288,-6.1866727,4.9757986,0.42583975,-0.70505565,0.56706005,0
-6.2000246,4.708766,-4.0154929,-0.70776826,0.53753257,-0.45839149,0
4.0624681,-0.6309489,-7.8375597,0.45901662,-0.071290664,-0.88556272,0
0.27169111,3.1141095,-8.2411203,0.03082476,0.35331181,-0.93499768,0
1.5695701,-8.7390575,0.43409741,0.17656459,-0.98307693,0.048832629,0
-3.6317816,-8.044404,-0.89268821,-0.40938759,-0.90679437,-0.10062705,0
6.0162053,-4.8945713,4.1792789,0.68287569,-0.55556345,0.47437343,0
-4.6182861,1.995542,7.2579846,-0.52295452,0.22596644,0.8218624,0
-6.6977344,5.7773185,-0.83766019,-0.75384641,0.65025133,-0.094280705,0
7.7307711,4.173183,1.0534521,0.87371457,0.47164387,0.11905882,0
-8.7895899,-0.57258791,-0.76980889,-0.99409556,-0.064759232,-0.087064765,0
-4.2968578,-6.8485241,-3.3185041,-0.49166304,-0.78363454,-0.37971604,0
8.6045446,1.3223059,-1.6584139,0.97093624,0.1492089,-0.18713531,0
4.3486791,-7.5512428,1.5721658,0.49112073,-0.85280424,0.17755352,0
-7.9498072,0.22164297,-3.6481714,-0.9085778,0.025331417,-0.41694692,0
-2.454123,-3.7347693,-7.5235705,-0.28044769,-0.42679501,-0.85976458,0
7.4355364,1.5399441,4.5522423,0.83985716,0.17393944,0.51418394,0
6.3919053,-3.9428992,4.5593667,0.7275247,-0.44877958,0.51894575,0
-0.65397298,5.3746748,7.0544715,-0.073540308,0.6043908,0.79328662,0
6.21562,4.5050473,-4.2102861,0.70992374,0.51454884,-0.48088238,0
5.4689884,5.4325414,-4.2587051,0.6209994,0.61686087,-0.48357266,0
-3.2214012,-7.8792591,-2.5091026,-0.36299756,-0.88785958,-0.28273353,0
1.027002,-4.8192215,7.3338647,0.11623651,-0.54544145,0.83004981,0
4.0011311,3.1731591,-7.212501,0.45275408,0.35906366,-0.81614155,0
-6.2483401,6.1520133,-0.27747956,-0.71222168,0.70124179,-0.031628713,0
7.4335914,4.7447138,-0.1586823,0.84279251,0.53793776,-0.0179908,0
-3.483752,2.7996609,-7.5848932,-0.39571425,0.31800935,-0.86155683,0
-6.9501204,1.2085189,-5.133368,-0.7966249,0.13852081,-0.5883882,0
-7.2277088,-4.9299912,-1.0003353,-0.82077289,-0.55984592,-0.11359729,0
-1.9220279,-7.8264031,-3.7352691,-0.2163834,-0.88110256,-0.4205195,0
-2.2188535,6.2036796,-5.8752885,-0.25135177,0.70275301,-0.66555285,0
-1.5754735,8.431675,1.7476245,-0.17997544,0.9631989,0.19964124,0
-4.8803592,-3.6250093,6.3249984,-0.5562979,-0.41320422,0.72096807,0
-4.895092,-4.1269631,6.1252699,-0.55244744,-0.46575841,0.69128215,0
1.9415613,-8.6032753,0.29648533,0.22001645,-0.97491747,0.033597521,0
3.7853773,-1.0661464,7.8254766,0.43221578,-0.12173299,0.89351583,0
2.2206936,-5.780571,-6.1598306,0.25424641,-0.66181552,-0.70523685,0
8.4458694,1.2623129,-1.537024,0.97337407,0.14547971,-0.17713976,0
3.9240694,-6.3449321,-4.4960155,0.45050517,-0.72843379,-0.51616782,0
-3.8036735,-7.6863441,1.9543589,-0.43243855,-0.87385821,0.2221905,0
-5.5459728,4.3085136,-5.3216128,-0.62940925,0.48897073,-0.60394681,0
8.0486746,2.9957454,-2.1432185,0.90930068,0.33844495,-0.24213056,0
-8.0434752,0.30773011,3.7557263,-0.90554833,0.03464479,0.42282617,0
-5.1521368,2.6257901,-6.7516065,-0.57957458,0.29538059,-0.75950223,0
-4.7826781,1.6266804,-7.3402767,-0.53673702,0.18255454,-0.82376409,0
6.9544349,-2.7441792,4.4639468,0.79866678,-0.31514925,0.51265216,0
-8.0779648,-3.4163339,-1.4841269,-0.90810966,-0.38405785,-0.16684276,0
-3.5583417,7.1651382,3.640332,-0.40484607,0.81520504,0.41417441,0
1.7025225,0.76120704,8.5464334,0.1946286,0.087019503,0.97700936,0
6.3925052,4.9945941,3.3091848,0.72962779,0.57007301,0.37770373,0
-6.8856468,3.6441472,-4.1428442,-0.78037113,0.41300219,-0.46952105,0
4.5436578,-7.5289173,1.2559772,0.51150292,-0.84756893,0.14139181,0
7.1649818,-4.4251475,-2.3957129,0.81834304,-0.5054149,-0.27362454,0
1.7999142,-7.7421494,-3.6572282,0.20571336,-0.88485527,-0.41798699,0
8.2703876,2.7392328,0.31674114,0.9486596,0.31420529,0.036331974,0
-1.6393346,-1.1332079,-8.6134481,-0.18542436,-0.12817661,-0.97426307,0
-2.2696073,-6.8853836,-4.9999571,-0.25771165,-0.78182846,-0.56774014,0
6.135118,-5.5274734,-2.630271,0.70789891,-0.63778603,-0.30349308,0
0.093086481,8.7485161,-0.31882584,0.0106326,0.9992801,-0.036417183,0
4.7317386,1.0777916,7.384779,0.535469,0.12196869,0.83570129,0
3.3405256,6.7799664,4.5680342,0.37825459,0.76770955,0.51724792,0
3.7514572,1.0184605,-7.9462266,0.42408109,0.11513122,-0.89827615,0
4.3830452,5.0543642,-5.6738806,0.49965465,0.57618314,-0.64680624,0
4.701808,-5.9531941,-4.527071,0.53223199,-0.67388558,-0.51245224,0
-7.9171371,-2.6158018,2.7228482,-0.90260857,-0.29821956,0.31042358,0
-5.8063383,-2.6797893,5.9852414,-0.66290885,-0.30595118,0.68333423,0
3.467659,8.0427818,1.3579113,0.39124581,0.90744352,0.15320916,0
-1.7836001,-0.87677854,-8.6459045,-0.20105071,-0.098832101,-0.97458237,0
-5.042716,-6.2438078,-3.6158216,-0.57285738,-0.70930254,-0.41076079,0
5.6996012,5.2216587,-4.2748613,0.6452468,0.59113938,-0.48395327,0
0.81855726,-8.4079914,2.3073461,0.093472697,-0.96012545,0.26348048,0
7.3474708,-3.3993511,-3.4963124,0.83319271,-0.38548157,-0.39647684,0
-4.7240257,-6.4247484,-3.7239535,-0.53674614,-0.72998303,-0.42311743,0
-8.4991446,0.49758339,-1.915151,-0.97395265,0.057020169,-0.2194652,0
1.522396,0.96857941,-8.6567287,0.17216256,0.10953333,-0.97895986,0
1.4711494,-7.4279928,4.5317297,0.16670752,-0.84172428,0.51352596,0
1.6428009,-8.4559193,-1.6150985,0.18744607,-0.96483314,-0.18428518,0
-1.9839046,6.7000432,5.352211,-0.22539625,0.76120824,0.60807776,0
3.4781971,2.7373009,7.7080445,0.39131629,0.3079614,0.86719739,0
-7.4929733,-1.8115337,-4.2729692,-0.85013288,-0.20553181,-0.48479977,0
-0.84870338,-7.625174,4.3802285,-0.096065961,-0.86310446,0.4958044,0
-0.24944592,-8.0266895,-3.6263461,-0.028309528,-0.91094613,-0.41155273,0
5.0443859,4.3231063,-5.7436085,0.57439834,0.4922671,-0.65401804,0
-8.6778278,0.72166151,1.125892,-0.98833281,0.082191281,0.1282298,0
-0.98020798,1.0927486,-8.7160225,-0.11089861,0.12363122,-0.986112,0
-5.2132382,-2.2757866,-6.6636176,-0.59502834,-0.25975361,-0.76057166,0
4.7618389,4.7384677,-5.5947342,0.54468435,0.54201102,-0.63995534,0
3.9733858,-4.3533106,-6.5303421,0.45168307,-0.49487182,-0.74235052,0
2.6219904,7.3074107,4.2479,0.2962791,0.8257212,0.48000327,0
-3.8728952,4.504621,6.4529357,-0.44155437,0.51357836,0.73570848,0
-7.257462,-0.44265413,-4.904717,-0.82747871,-0.050470378,-0.55922425,0
-1.9221569,7.6787972,-3.6716826,-0.22028393,0.88000911,-0.42078388,0
6.1583443,-5.6274266,2.6701026,0.70307612,-0.64246315,0.30483606,0
-8.0308485,-2.8008721,-1.9859264,-0.91948926,-0.32068491,-0.22737797,0
5.5796781,-1.1917043,-6.6888165,0.63465601,-0.13554944,-0.76081407,0
7.3973823,3.6419835,-3.2038465,0.83624983,0.41171432,-0.36218435,0
4.0703053,-4.7373719,-6.0867925,0.46671456,-0.54320264,-0.69793159,0
-0.18115044,-6.8363423,-5.3698583,-0.02083376,-0.7862345,-0.61757702,0
-8.0381031,1.6620347,3.0285609,-0.91874146,0.18996774,0.34615934,0
-2.4200335,-8.1924658,2.2221153,-0.27417156,-0.92814463,0.25174892,0
-3.188833,-3.2946374,-7.5076466,-0.36248901,-0.37451628,-0.85342801,0
-7.4075584,1.8417052,-4.4118671,-0.84020501,0.20889609,-0.50041765,0
-5.0214963,6.1384034,-4.0883427,-0.56279397,0.6879735,-0.45820898,0
0.95628518,6.6467881,-5.672996,0.10878321,0.75611222,-0.64533752,0
-7.6828218,-1.3592758,-3.9201028,-0.87988853,-0.15567343,-0.44895658,0
-6.6344986,5.0909286,-2.8788514,-0.75014269,0.57561588,-0.32550302,0
-8.1058226,-2.3016403,-2.6950274,-0.91624808,-0.26016775,-0.30463457,0
-7.0498385,2.9179187,-4.2483249,-0.80727774,0.33413118,-0.48647612,0
-1.7124487,-8.31322,2.6437321,-0.19262722,-0.93512434,0.29738396,0
5.3185043,6.9012108,0.57715309,0.60908812,0.79034352,0.066096984,0
7.2364502,-5.1122537,-0.56681424,0.81507975,-0.57582027,-0.063843295,0
7.1060214,-4.619318,2.5362725,0.80322838,-0.52214414,0.28668728,0
6.4790926,5.8297648,-1.8968608,0.72637177,0.65357554,-0.21265726,0
7.7392292,4.0379987,1.2034837,0.87827075,0.45824412,0.13657491,0
1.4376919,8.6719885,0.46039766,0.16332947,0.98518419,0.052303631,0
-5.5465012,2.0246868,6.5290875,-0.63007265,0.23000082,0.74169272,0
-7.011375,-4.3255005,3.231859,-0.79228747,-0.48878285,0.36520103,0
-4.7149267,-1.9898108,-7.2043843,-0.53354222,-0.22516745,-0.8152498,0
-4.4758945,-0.99015802,-7.3611846,-0.51614034,-0.11418063,-0.84885919,0
4.3150964,-4.0761619,-6.6303763,0.48488197,-0.45803317,-0.74504703,0
-0.57698268,7.5386691,4.46348,-0.065716125,0.85862565,0.50837332,0
-8.7207489,0.74853903,0.022375969,-0.99633318,0.085519522,0.0025564227,0
-5.0772338,-2.3935452,6.9487219,-0.56839103,-0.26795489,0.77790219,0
-3.3748713,-7.8700962,-1.8681893,-0.38505682,-0.8979407,-0.21315156,0
-5.6347413,2.5224695,-6.2174602,-0.64309967,0.28789243,-0.70960605,0
4.3522129,1.5824287,-7.3983116,0.49864009,0.18130143,-0.84763658,0
-6.1575875,5.1139107,3.6942582,-0.69848442,0.58009517,0.41905728,0
4.8998437,5.8140988,4.5498919,0.55298001,0.65615982,0.51348561,0
-1.0719359,-8.3655806,2.7834237,-0.12069434,-0.94192034,0.31339887,0
5.0233803,-6.8484402,-2.1015468,0.57414001,-0.78273261,-0.24019326,0
-1.6154468,4.649497,7.3378458,-0.18282959,0.52621084,0.83046705,0
-7.3105288,-3.5023973,-3.1640906,-0.84011257,-0.4024891,-0.36361149,0
-3.9820628,-3.540338,-7.117404,-0.44788033,-0.39819756,-0.80052608,0
-2.1009531,-7.3018465,4.424459,-0.23895025,-0.83046979,0.50321239,0
7.5786386,2.4435091,-3.6188159,0.86647063,0.27936798,-0.41374156,0
1.9056915,-4.4782228,-7.3460641,0.21626171,-0.50819778,-0.83364618,0
3.1011658,2.7232482,7.7513866,0.35314175,0.31010681,0.88268042,0
7.4061885,3.0478382,3.6174347,0.84277332,0.34682304,0.41163921,0
4.7004499,-1.3929725,7.3076692,0.53415364,-0.15829577,0.83043504,0
-6.2454314,-0.60871673,6.184618,-0.70885986,-0.069089681,0.70195746,0
4.9538202,-3.9497564,6.1510649,0.56099415,-0.4472892,0.69657582,0
3.9586742,6.9253535,-4.0076308,0.44344568,0.77576935,-0.44892973,0
-7.4922996,3.7760403,-2.7004759,-0.85005075,0.42841664,-0.3063868,0
4.7094951,-7.3076677,-1.2282104,0.53638393,-0.83230054,-0.13988598,0
-3.4755771,3.8422129,-7.1277814,-0.39442387,0.43603131,-0.80889219,0
8.0311785,-0.29845673,-3.6829569,0.90846092,-0.033760458,-0.41660416,0
-4.6735058,-5.3958941,5.1926303,-0.52943939,-0.61127537,0.58824855,0
-8.354538,3.0109875,-0.42719269,-0.9396804,0.33866218,-0.04804869,0
6.5832868,-1.5224233,5.6149297,0.74933618,-0.17328833,0.63911384,0
-6.3287382,-5.674026,2.2812877,-0.71912014,-0.64472669,0.25921753,0
-7.7930059,4.0409937,0.68941271,-0.88502127,0.45891988,0.078293912,0
3.8439338,7.6922717,-2.0158169,0.43521082,0.8709203,-0.22823113,0
-0.013021972,0.072713867,-8.7065077,-0.0014956057,0.0083513679,-0.99996394,0
-1.5612226,-5.3292236,6.8685689,-0.17675634,-0.60335672,0.77763617,0
0.6725232,8.3498411,2.8691504,0.07595174,0.9429934,0.32402891,0
-2.2336473,7.0222993,-4.8772049,-0.25276661,0.79466563,-0.55191994,0
6.147378,-3.7611768,4.993803,0.70112908,-0.42897484,0.56955999,0
-6.0594959,6.4288435,0.080400474,-0.68586546,0.72767138,0.009100412,0
-3.0828164,-8.2044659,0.99419105,-0.34949639,-0.93013364,0.11271063,0
7.3350525,3.6215365,-3.1101735,0.83813196,0.413811,-0.35538065,0
4.6126084,0.20850497,-7.4208555,0.52775449,0.023856228,-0.84906185,0
6.3970199,1.697246,5.7524848,0.72951233,0.19355291,0.65600991,0
0.32459956,7.6536427,4.4435744,0.036653012,0.86423117,0.50175786,0
6.0726552,6.3894124,0.41336727,0.688155,0.72404999,0.046842895,0
-5.9809303,4.2773957,4.9466023,-0.67488986,0.48266253,0.55817598,0
-5.0792108,-3.0240517,-6.4370337,-0.58117932,-0.34602153,-0.73654574,0
-1.548159,-0.99717259,-8.6212749,-0.17561275,-0.11311256,-0.97793949,0
-2.748538,0.33801478,-8.2585611,-0.31554365,0.038805507,-0.94811732,0
-4.9502525,-6.9169946,-2.1671312,-0.56396425,-0.788028,-0.24689336,0
1.0430181,-4.0755997,-7.8518043,0.11709018,-0.45753059,-0.88145083,0
5.5773468,2.611928,6.2434421,0.63597137,0.29783183,0.71192461,0
-2.2758765,5.9336085,6.1022897,-0.25831354,0.67346859,0.69261402,0
-1.593992,-4.9347391,-7.077601,-0.18167005,-0.56242085,-0.80664659,0
5.6699972,0.16373321,-6.7325149,0.64405829,0.018598551,-0.76475024,0
-4.7428508,4.1949306,-6.1742153,-0.53629035,0.4743351,-0.69813961,0
0.98983705,4.0337682,-7.83532,0.11161764,0.45486242,-0.88353932,0
-5.0609813,-6.0020895,4.0031595,-0.57428193,-0.68107182,0.45424831,0
6.3363795,5.1177115,3.0586631,0.72829014,0.58821899,0.3515563,0
4.8143477,2.2031276,-7.1194143,0.54262656,0.24831517,-0.80243129,0
-6.5373259,-5.5904779,-1.8703471,-0.74264652,-0.63508368,-0.21247324,0
-7.6531768,2.2860906,-3.422375,-0.88072348,0.26308209,-0.39384508,0
6.907382,-4.2939692,-3.1413028,0.79223788,-0.49249411,-0.36028975,0
-1.8997297,-6.9066048,5.1763735,-0.21495739,-0.78149313,0.58571476,0
0.87906802,7.1497922,-5.1494646,0.09927474,0.80743897,-0.58153832,0
3.6808608,3.7536387,7.0406713,0.41890329,0.42718586,0.80126923,0
-8.8419361,-0.028028024,-0.36567584,-0.99914092,-0.0031671734,-0.041321456,0
-7.2926607,0.40485376,-4.8237438,-0.83315963,0.046253052,-0.55109495,0
-1.7298526,-6.3602295,-5.8741608,-0.19592918,-0.72038198,-0.66532815,0
3.4991522,-6.2308865,5.0664463,0.39944845,-0.71129173,0.57836413,0
4.2854519,7.5629187,1.1737715,0.48856112,0.86220735,0.13381532,0
-7.9273691,-3.5293226,0.58610451,-0.91147602,-0.40579578,0.067389347,0
6.1520538,6.1303725,1.3041414,0.70050043,0.69803172,0.14849539,0
-0.040237434,-3.0380623,8.1764231,-0.0046129613,-0.34829417,0.937374,0
0.34085086,3.1434534,-8.1516228,0.038983945,0.35952443,-0.93232095,0
-1.7179111,0.60740423,8.5248575,-0.19706653,0.069677092,0.977911,0
6.4513612,-4.221621,4.2211466,0.73396164,-0.48028746,0.48023349,0
4.9756055,-4.9684644,5.2563672,0.56675911,-0.56594568,0.59873998,0
-4.8387218,4.8217368,5.598309,-0.54786527,0.54594213,0.63386965,0
8.1758852,-2.4937534,1.9932636,0.93150479,-0.2841213,0.2270989,0
1.8544981,-3.130523,-8.0052586,0.21089713,-0.35600916,-0.91037357,0
-3.9524524,3.8987794,6.8551269,-0.44805843,0.44197392,0.77711177,0
-8.6741343,-0.21238069,-1.3101834,-0.98849463,-0.024202665,-0.14930703,0
-8.3441839,2.7205489,0.37412885,-0.94987988,0.3097001,0.042589843,0
2.8964493,5.2419925,6.3952141,0.33058232,0.5982877,0.72990906,0
3.532166,-7.0679207,3.6391828,0.40603539,-0.81248331,0.41833737,0
-7.6435418,4.1452608,1.7624069,-0.86153209,0.46722779,0.19864745,0
-2.9616272,5.6972547,-6.1588397,-0.33286956,0.64033806,-0.69221753,0
-6.7457175,-0.95119399,5.6922355,-0.75986195,-0.10714592,0.64119393,0
-4.0574374,7.5017242,-2.4300859,-0.45752949,0.84591818,-0.27402419,0
-1.2766644,7.9962959,3.4568484,-0.14500022,0.90819854,0.39261985,0
-2.7092404,2.4682374,7.9498835,-0.30948538,0.2819548,0.90814114,0
-4.4212089,7.566504,-1.3764911,-0.49839166,0.85295284,-0.15516835,0
-7.4386439,-3.3793683,2.9866488,-0.8551091,-0.38847518,0.34333012,0
-5.464622,-6.6623235,-1.2087125,-0.62803602,-0.76568502,-0.13891445,0
5.8107433,6.5673981,-0.30878222,0.66223526,0.74846923,-0.035191104,0
5.0127382,-6.9944491,-1.3801056,0.57517248,-0.80255836,-0.15835632,0
-2.5770557,-6.307447,-5.7261338,-0.28955004,-0.70868528,-0.64337075,0
2.1610787,4.7087493,-6.957972,0.24911514,0.54279411,-0.8020699,0
0.78724748,-4.962317,-7.2257905,0.089450471,-0.56383997,-0.82102561,0
4.9631214,7.125885,-1.3909928,0.56433487,0.81025332,-0.15816373,0
5.6039424,-6.4743986,-1.5508366,0.64397347,-0.74400139,-0.1782134,0
-2.8219798,-7.1339459,-4.3640566,-0.31972772,-0.80826956,-0.49444363,0
1.5308818,2.5490746,-8.1723118,0.17603546,0.29311705,-0.93973076,0
7.7788844,-3.643049,-1.6851075,0.88866752,-0.41618556,-0.19250837,0
-5.8968658,2.8369257,-5.78899,-0.67493731,0.3247059,-0.66259021,0
3.8476555,-0.043981858,7.9631643,0.43505263,-0.0049730083,0.90039128,0
-5.0034995,-1.7416717,7.0791893,-0.56587011,-0.19697413,0.80061996,0
-5.3259263,5.958971,3.6116433,-0.60726595,0.67944616,0.41180214,0
3.6898291,7.9820504,0.72367507,0.41818869,0.90464979,0.082018085,0
-5.0363741,7.2418175,0.48188674,-0.57010651,0.81975788,0.054548524,0
-8.6044474,-0.52767235,2.088424,-0.97006434,-0.059489716,0.23544866,0
-2.0049026,-4.3066082,7.2855196,-0.23051666,-0.49515867,0.83766341,0
-4.4696922,-0.40936965,-7.5048051,-0.51113808,-0.046814054,-0.85822272,0
0.18993793,-8.7872314,-0.84540719,0.021510895,-0.99517357,-0.095744245,0
5.8664021,6.3972869,1.8956249,0.66030043,0.72005481,0.21336448,0
-7.3753848,-2.457325,4.3190026,-0.82933104,-0.27631587,0.48565373,0
1.6816524,-1.9895929,8.3436089,0.19239029,-0.22762038,0.9545548,0
0.069337815,-7.4337478,-4.8400464,0.007816392,-0.838,-0.54561424,0
2.3060341,8.1071854,2.5261993,0.26207313,0.92135471,0.28709418,0
8.6426373,0.52415657,2.0429573,0.97149014,0.058918696,0.22964203,0
6.3556457,6.1398687,0.2837033,0.71883982,0.69443488,0.032087568,0
3.8927753,0.72656536,-7.790256,0.44544986,0.08314079,-0.89143813,0
0.41676795,4.3454275,7.6028695,0.047538336,0.49565804,0.86721581,0
8.461956,2.3190231,-0.52722377,0.9627021,0.26383126,-0.059981339,0
5.9965601,1.8480132,-6.1210055,0.68407989,0.21081898,-0.69827646,0
-1.7675989,2.7092583,8.078887,-0.20311473,0.31132078,0.92834467,0
-1.3759998,1.0913552,8.5696478,-0.15729739,0.12475825,0.97963911,0
-0.099651344,-8.1384277,3.2787018,-0.01135678,-0.92749709,0.37365773,0
-5.7171378,5.7766948,-3.4139872,-0.6485402,0.65529627,-0.38727561,0
5.4372559,-3.158937,-6.124002,0.61944771,-0.35988671,-0.69768625,0
7.7390614,2.5690784,-3.0827885,0.88774985,0.2946997,-0.3536275,0
7.8451285,2.3938885,-2.9496934,0.90003163,0.27463862,-0.33840331,0
2.5723569,-5.6921477,-6.0673885,0.29539865,-0.65366232,-0.69675338,0
-2.8383942,-2.133163,8.0351925,-0.32310608,-0.24282672,0.91467899,0
7.6836562,3.9366593,1.376739,0.87888563,0.45028996,0.15747662,0
-5.8720884,-6.418406,-1.0477906,-0.67016548,-0.73251522,-0.1195815,0
6.8431268,-5.3478007,1.125108,0.78140479,-0.61065608,0.12847413,0
8.3933878,1.9539505,-1.4846238,0.95981812,0.22344221,-0.16977279,0
2.16855,6.1276836,5.9606786,0.24588567,0.6948005,0.67586428,0
-1.7325917,7.4764719,4.2046695,-0.19798946,0.85436326,0.48048264,0
-3.2512853,-7.9760323,1.9111987,-0.36851221,-0.90403181,0.21662205,0
-2.1264133,-2.9733725,-7.9919796,-0.24195944,-0.33833286,-0.90938801,0
7.8229666,2.608851,-3.0220234,0.89071465,0.297041,-0.34408438,0
-8.745513,1.0021778,-1.0164558,-0.98694026,0.11309681,-0.1147081,0
-7.3934364,4.4787183,1.8652043,-0.83606625,0.50646347,0.21092147,0
-8.3118792,-2.4633706,-1.0844376,-0.95136517,-0.28195369,-0.1241231,0
-5.6168771,6.8733382,-0.50317967,-0.63176703,0.77308941,-0.056595918,0
-7.6399097,1.7380762,3.8343461,-0.8758316,0.19925132,0.4395656,0
-7.5693412,-2.9156134,-3.4538794,-0.85857385,-0.33071166,-0.39176601,0
8.1448765,-1.7263025,3.0563424,0.91834635,-0.19464305,0.34460694,0
0.55903488,-0.74926138,-8.7175255,0.063762136,-0.085458897,-0.99429941,0
8.2661724,-2.3163691,-2.2139995,0.9323985,-0.26127923,-0.24973226,0
6.1448097,-3.6185505,-5.0128975,0.70494276,-0.41512612,-0.5750879,0
8.4365644,1.8388561,-1.3591182,0.965177,0.21037255,-0.15548861,0
8.3268099,-2.4135957,1.8078848,0.94023955,-0.27253631,0.20414118,0
-1.8996855,-5.5932531,6.5056415,-0.21618532,-0.6365155,0.74034578,0
-4.201694,-7.21386,-2.5414662,-0.48148277,-0.82665449,-0.29123306,0
1.8848186,-8.5635748,-1.2064775,0.21294606,-0.96750927,-0.13630734,0
-1.6071503,-3.898356,-7.7046838,-0.18298282,-0.44384906,-0.87722021,0
-0.66244549,-7.8417921,-3.64873,-0.076367594,-0.9040122,-0.42063043,0
4.5750527,-7.0829406,2.5602925,0.51917464,-0.80376846,0.29054067,0
4.0983005,-5.4748244,-5.5139117,0.46652094,-0.62321448,-0.62766391,0
3.7419021,1.0262694,-8.032155,0.41948476,0.11504962,-0.90044224,0
-1.9241889,4.6926723,7.2329783,-0.21781613,0.53120548,0.81876546,0
-2.8402529,-7.4975276,-3.5787961,-0.32349259,-0.8539362,-0.40760949,0
8.6195021,-1.5911541,-1.2107482,0.97413546,-0.17982472,-0.13683304,0
-7.9675727,2.504416,2.7768061,-0.90526009,0.28454685,0.31549531,0
-2.9386086,8.3117199,0.19554245,-0.33324853,0.9425782,0.0221752,0
-2.3719795,3.6593039,7.6588187,-0.26913631,0.41520238,0.86900669,0
-6.4173641,5.1841626,-3.1098037,-0.72788906,0.58801323,-0.35272926,0
-7.3655701,-4.753737,-0.77743131,-0.83692074,-0.54014844,-0.08833646,0
4.5808349,-2.9863489,6.8494558,0.52265477,-0.34073034,0.78149527,0
5.1971178,2.3704991,-6.7078495,0.58987916,0.2690545,-0.76134902,0
6.2983203,1.7463826,-5.8508639,0.7179873,0.19908173,-0.66697878,0
-3.7563796,-0.97116095,7.9473786,-0.42474294,-0.10981152,0.89862937,0
1.1889529,-2.7630727,-8.2753763,0.13502982,-0.3138032,-0.93983752,0
5.8699045,1.4012468,-6.3339505,0.67095268,0.1601679,-0.72399497,0
3.1138096,0.70626301,8.1873398,0.35432929,0.080367684,0.93166077,0
6.5340896,-3.5085125,4.7476025,0.74201345,-0.39842787,0.53913939,0
-7.0714006,4.1380286,3.4053161,-0.79698735,0.46637952,0.38379863,0
1.5909164,8.0627737,-2.8414249,0.18295699,0.92722714,-0.32676673,0
3.1684673,1.2156825,-8.0985279,0.36083859,0.13844712,-0.92229497,0
-8.201169,0.87263167,3.2404866,-0.92551124,0.098477475,0.36569262,0
-6.7638121,5.2104077,2.2150712,-0.76681477,0.59070498,0.25112307,0
-7.1054111,-5.1353636,0.48410663,-0.8092472,-0.58487517,0.055135719,0
0.69556302,6.2258611,-6.2975464,0.078304425,0.70088899,-0.70895916,0
-8.7711639,-0.262054,-1.4005435,-0.98706102,-0.029490188,-0.15760985,0
-7.5933456,-0.76509368,-4.3125024,-0.8662315,-0.087280139,-0.49196041,0
-4.1260991,-0.079219781,7.8699493,-0.4643192,-0.0089147799,0.88562304,0
-3.2954457,-7.5305934,3.2672584,-0.37255165,-0.85133702,0.36936507,0
0.83707201,-7.8917313,3.6593533,0.095785253,-0.90304232,0.41873586,0
8.5365925,-1.3314157,1.8235819,0.96675521,-0.15078066,0.2065177,0
2.9637315,7.4253178,3.5976388,0.3380515,0.8469525,0.41035676,0
-0.34563157,6.2721796,-6.0624123,-0.039591338,0.71846443,-0.69443601,0
8.540061,0.77445102,1.4791607,0.98141956,0.088999525,0.16998442,0
3.6217663,7.9204311,-1.0721331,0.41273889,0.90261757,-0.122181,0
-5.0634203,1.9578496,6.8822727,-0.57764173,0.22335409,0.78513879,0
0.41939712,8.2154608,-3.1214304,0.047667067,0.93373775,-0.35476983,0
-3.9663889,-4.3652163,-6.547924,-0.45007944,-0.4953357,-0.74301487,0
-6.8116531,-4.8470774,-2.9251199,-0.76905698,-0.54725021,-0.33025521,0
-0.34917855,8.68645,0.59713501,-0.040071219,0.99684423,0.068526335,0
-0.65786207,-8.6697369,0.028987229,-0.075662345,-0.99712789,0.0033338929,0
6.7537823,1.5085351,-5.4988933,0.7640931,0.170669,-0.6221205,0
2.6817172,-7.6055508,-3.3675096,0.30685568,-0.87026566,-0.38532752,0
2.2105327,8.5576553,-0.41430354,0.24982704,0.96715772,-0.046823207,0
-6.3185854,-1.669368,-5.8649526,-0.71956062,-0.19010766,-0.66790092,0
-3.0208652,7.8729782,-2.2128327,-0.34650323,0.90305662,-0.25381923,0
7.3347878,1.9126544,-4.5159736,0.83129358,0.21677209,-0.51182121,0
-2.2967019,7.8328614,3.1948965,-0.26201281,0.89359003,0.36448079,0
-6.9219365,-2.5652516,5.0075097,-0.77598983,-0.2875798,0.56137133,0
-5.8553152,-4.6569405,-4.4727211,-0.67175215,-0.53426838,-0.51313382,0
-2.8020759,-1.7150388,8.201457,-0.31715697,-0.19411913,0.9282937,0
-0.65862113,-8.4643202,2.4561195,-0.074521139,-0.9577142,0.27790305,0
4.4334979,4.8845749,5.8102021,0.50434929,0.55566329,0.66096151,0
4.7222157,4.4472446,5.7867198,0.54323775,0.51160544,0.66569698,0
-8.103158,-1.2237701,-3.2728479,-0.91826564,-0.13868001,-0.37088549,0
-0.93641037,-8.587903,-1.397007,-0.1070057,-0.98135877,-0.15963911,0
-8.3782129,-1.5679616,-2.2786691,-0.949588,-0.17771301,-0.25826472,0
-7.886683,-0.82247227,-3.6963704,-0.90147126,-0.094011024,-0.42250609,0
-8.4096775,-2.3176508,1.0868601,-0.95666212,-0.26364967,0.12363825,0
1.0304372,6.2608848,6.1995416,0.11615784,0.70576918,0.69885415,0
-4.979372,2.2264075,6.787488,-0.57184684,0.25568768,0.77949661,0
7.6935415,0.48008376,-4.3028326,0.87148279,0.054381292,-0.4874016,0
-6.8214126,-5.2020807,-1.2938347,-0.78626883,-0.59961689,-0.14913361,0
6.8481317,-5.501801,0.87254888,0.77575606,-0.62324375,0.098842293,0
-5.7140484,-6.5588231,-1.0713023,-0.65195483,-0.7483409,-0.1222322,0
-4.6158209,2.4067392,-7.0069361,-0.52879184,0.27571782,-0.80271971,0
8.3133574,-0.81877393,2.9092331,0.93982184,-0.092562079,0.32888767,0
1.8824877,5.7838588,-6.4928241,0.21159089,0.65010351,-0.72979093,0
1.4203885,-8.4493628,-2.1583929,0.16075738,-0.95628583,-0.24428359,0
1.9781963,-4.3315496,7.282877,0.22734001,-0.49779415,0.8369692,0
-3.103374,6.8744755,4.7276292,-0.34862807,0.77226764,0.53109431,0
-5.3210726,-4.0820317,5.5713544,-0.61030149,-0.46818945,0.63900763,0
5.9410372,5.635581,3.4604063,0.66829157,0.63393164,0.38925198,0
-2.3798263,-2.364871,8.1330185,-0.27050087,-0.268801,0.92443246,0
6.9141574,4.0539608,-3.3587852,0.79561621,0.4664917,-0.38649741,0
0.1368449,8.6047611,-1.8403608,0.015549797,0.97776598,-0.20912167,0
4.7040563,1.0028993,-7.3770776,0.53415459,0.11388114,-0.83768129,0
8.0455647,1.1164279,3.5703995,0.90677482,0.12582693,0.40240163,0
7.419641,1.030912,-4.3990188,0.85410148,0.11867198,-0.50638682,0
5.8592663,3.9246936,-5.1772556,0.66973674,0.44860759,-0.59178025,0
4.9846067,-1.7333095,6.9606423,0.57064396,-0.19843142,0.79686296,0
-8.0930862,2.478853,2.3302846,-0.92185599,0.28235772,0.2654348,0
-8.5982876,-0.45603257,-1.4355263,-0.98500085,-0.052242085,-0.16445072,0
5.4463205,-6.8536849,1.5841455,0.61219764,-0.77039349,0.17806704,0
6.7207031,0.28579277,5.591341,0.76833063,0.032672673,0.63921863,0
2.3025203,-4.6066246,6.9832621,0.26536217,-0.53090692,0.804811,0
-8.7698879,-0.59474611,1.099773,-0.98998976,-0.067137979,0.124148,0
5.966258,0.39664054,6.4538651,0.67813301,0.045082707,0.73355514,0
-8.2705879,-0.29816729,2.9423661,-0.9416101,-0.033946477,0.3349897,0
7.9714231,-0.5964666,3.5596688,0.91097164,-0.068164006,0.4067978,0
7.7480049,2.3672137,-3.4661691,0.8792659,0.26863822,-0.39335084,0
-4.2293353,-2.7409363,-7.3035207,-0.47661805,-0.30888537,-0.82305837,0
6.4673872,4.3960643,-3.7888989,0.74427205,0.50590253,-0.43602949,0
-4.5418882,-6.9553714,2.8582451,-0.51700735,-0.79173636,0.32535669,0
3.3149388,0.66520232,-8.030571,0.3804464,0.07634344,-0.92164654,0
0.097972214,4.6313729,-7.3806081,0.011243171,0.53149068,-0.84698951,0
5.1350141,3.4930644,6.1505957,0.5874837,0.39963248,0.70367378,0
-8.7485895,-0.058132656,-0.92377359,-0.99444973,-0.0066079227,-0.10500509,0
-3.7498338,7.1264777,-3.74839,-0.42216092,0.80230767,-0.42199838,0
-1.5788851,5.0146279,-7.1076865,-0.17859207,0.56721848,-0.80397016,0
-7.5538197,-4.1417694,2.0702264,-0.85257185,-0.46746629,0.23365885,0
-5.1930656,0.75079328,-7.1634383,-0.5848341,0.084553041,-0.80673403,0
4.3703313,-6.7466788,3.477627,0.4989816,-0.77030057,0.39705729,0
4.8646212,6.1334443,4.2433395,0.54631215,0.68880498,0.4765403,0
-4.7938199,-6.8225245,2.7017334,-0.54692149,-0.77837414,0.3082377,0
4.2809024,0.44217005,-7.5886946,0.49069846,0.050683744,-0.86985415,0
0.89644992,8.1377621,-3.2150412,0.10191981,0.9252041,-0.36552668,0
1.2903948,1.5579076,-8.5475044,0.14690918,0.17736503,-0.97311836,0
2.6300426,-7.4236026,3.9054124,0.29917917,-0.84446818,0.44425824,0
7.7044525,2.6523337,3.5547652,0.86665511,0.29835457,0.39986688,0
3.2243094,5.8460212,5.9103875,0.36160967,0.65563738,0.6628561,0
6.7194629,-1.9357053,-5.2350874,0.76923686,-0.22159746,-0.59930718,0
-0.95123512,-4.9975085,7.2293167,-0.1076076,-0.56533861,0.81780982,0
5.3094349,-6.5857372,2.1940584,0.60753328,-0.75357443,0.25105563,0
0.57930624,-8.5518074,-1.9537393,0.065895766,-0.97276342,-0.22223677,0
5.9154,-4.0161815,-5.1684551,0.67049849,-0.45522594,-0.58583379,0
-1.8806664,6.4626641,5.7968688,-0.21171665,0.72753662,0.65258443,0
1.7963524,-0.98810524,-8.6378946,0.20234063,-0.11129989,-0.97297001,0
-7.3648334,0.91565353,4.6986661,-0.83844823,0.10424242,0.53491884,0
6.2451315,-6.1169863,0.97374713,0.71000701,-0.69543827,0.110705,0
-1.591071,1.305043,-8.4862967,-0.18220668,0.14945124,-0.97183591,0
-1.3559767,-4.0303845,-7.65487,-0.15485029,-0.46026322,-0.87417346,0
-2.3095279,-4.6771975,7.1583757,-0.2607474,-0.52805907,0.80818594,0
3.6089981,7.8276372,1.5909615,0.41174382,0.89304048,0.18150981,0
8.3487349,-2.6644921,-0.18393101,0.95244938,-0.30397347,-0.020983415,0
0.02487725,-8.7442007,-0.40369904,0.0028419613,-0.998932,-0.046118323,0
-2.0239904,1.7766231,8.3329659,-0.23111895,0.20287214,0.95153928,0
8.3677378,-2.3259315,-1.4471385,0.95036882,-0.2641685,-0.16435929,0
1.0209888,1.190714,-8.5792704,0.11706609,0.1365267,-0.98369503,0
3.2490056,-3.9601557,7.1451349,0.36955893,-0.45044887,0.81272513,0
3.6829751,7.3761773,2.9227004,0.42104352,0.84325618,0.33412772,0
-8.5447617,1.6480175,0.78075004,-0.97797602,0.18862101,0.089359403,0
-5.3691821,-4.2165332,5.5346465,-0.61092544,-0.47977278,0.62975258,0
-2.0684657,3.1905761,8.0064154,-0.23336987,0.35996938,0.90330529,0
-0.89260006,-4.9799485,-7.2672243,-0.100803,-0.56239492,-0.8207013,0
-6.2346005,5.8850107,-2.2863894,-0.70264393,0.6632449,-0.2576777,0
0.6692273,5.9198756,6.4092631,0.076478653,0.67651767,0.73244441,0
4.9642458,7.198513,0.068825826,0.56769627,0.8232004,0.0078707151,0
-4.7389464,-1.7588689,-7.3279815,-0.53232962,-0.19757515,-0.82315803,0
-6.7854614,0.35767221,-5.6107368,-0.77002794,0.04058937,-0.6367178,0
8.6458187,0.51202983,-0.94765228,0.99232846,0.0587685,-0.1087673,0
3.2422183,-3.9315221,-7.1628976,0.36882475,-0.44723785,-0.81482917,0
2.0444171,-7.8760467,3.3187745,0.23264177,-0.89624447,0.3776556,0
6.0187092,-2.8492281,5.6435494,0.68952012,-0.32641551,0.64654076,0
-0.036719438,-4.4265656,7.5928502,-0.0041778674,-0.50364619,0.86389995,0
3.7925296,-5.7293191,5.5340576,0.42987663,-0.64940834,0.62727576,0
2.0218813,3.3385568,7.8627667,0.23032942,0.38032296,0.89571357,0
-6.717165,-5.5969262,1.3419225,-0.75936949,-0.6327275,0.15170313,0
-2.2031317,7.8849168,-3.2970567,-0.24962157,0.89338523,-0.37356663,0
-3.1377971,-0.25138965,-8.2456274,-0.35551503,-0.028482657,-0.93423647,0
6.2219744,4.7063384,3.8521414,0.71511477,0.54091704,0.44274101,0
-4.6409488,-1.078608,7.2655754,-0.5341472,-0.12414174,0.836227,0
-3.0537562,-8.0371723,1.6041044,-0.34915528,-0.91894084,0.18340741,0
-0.64115679,-6.6928086,-5.4915037,-0.073856689,-0.77096379,-0.63258207,0
-7.0290718,2.9906933,-4.5804362,-0.78917336,0.33577341,-0.51425827,0
-6.3435445,2.8230975,-5.3683233,-0.72277635,0.32166058,-0.61166078,0
-1.5445182,-6.1505618,6.0497289,-0.17622697,-0.70176893,0.69026405,0
-6.8239903,2.0872509,4.9661903,-0.78490353,0.24007809,0.57121712,0
1.8825809,0.64782739,-8.5667763,0.21404929,0.073657922,-0.97404176,0
-6.4276581,0.68953311,5.8685966,-0.73618656,0.078975111,0.6721549,0
2.4612246,-3.9648964,7.4630656,0.27962077,-0.45045355,0.84788203,0
-2.4930544,-6.1037645,5.8555794,-0.28271979,-0.6921851,0.66404015,0
-6.1599545,-5.8489614,-2.1682813,-0.70264548,-0.66717154,-0.24732862,0
4.0194073,-6.9476357,-3.3750536,0.46161598,-0.79791355,-0.38761404,0
6.4915805,1.723078,-5.620893,0.74120998,0.1967414,-0.64179474,0
4.5670419,7.1258931,2.5056949,0.51739854,0.8072899,0.2838693,0
-1.222429,5.5635204,6.5617332,-0.14068258,0.6402747,0.75515348,0
4.1040325,-7.5343699,1.766722,0.46851665,-0.86012423,0.20168911,0
-8.0520906,2.9233716,-2.0943274,-0.91307586,0.33149901,-0.23748861,0
-6.3250141,-5.3301244,-2.7557671,-0.72547978,-0.61136585,-0.3160868,0
2.2346313,5.8384628,6.2201238,0.25339416,0.66204762,0.70532572,0
-0.31908602,8.8319464,0.25881934,-0.036089588,0.99891973,0.029273247,0
-6.4547925,4.191113,4.3120208,-0.73169059,0.47508854,0.48879418,0
2.3546121,-4.3102026,7.2656002,0.2684882,-0.49147734,0.828471,0
-6.1276402,6.4408932,0.36561936,-0.68868691,0.72389346,0.041092046,0
3.1837983,7.6309385,2.7311654,0.36562294,0.87632632,0.31364322,0
5.0706615,-4.741838,5.3878689,0.57701027,-0.53959215,0.61310649,0
-4.1884074,0.38651946,7.8546391,-0.47008115,0.043380573,0.88155651,0
4.2164268,-7.4840894,1.3849123,0.48458967,-0.86013883,0.15916656,0
-2.4200528,-6.9068422,4.9610019,-0.27371421,-0.78118169,0.56110215,0
5.8208065,4.8126402,4.5494041,0.66017622,0.54583341,0.51597804,0
7.7873945,-2.0866122,3.5988834,0.88203478,-0.23633893,0.40762547,0
-2.9204733,-8.2700624,-0.29801399,-0.33279309,-0.94238818,-0.033959217,0
-3.9778795,-7.468637,2.7453535,-0.44714746,-0.83953822,0.30860105,0
-5.7507057,6.3101454,2.0360665,-0.65520865,0.71894854,0.23197994,0
-6.2492042,1.6177924,6.1315465,-0.70191115,0.18171059,0.68869585,0
-1.7587905,-0.96606445,-8.530117,-0.20070727,-0.11024404,-0.97342837,0
0.87821788,8.6440363,1.4835653,0.099635765,0.98068511,0.16831377,0
2.7281694,-7.4073453,-4.0285149,0.30783942,-0.83582526,-0.45456696,0
-1.4112526,8.0076351,3.1824417,-0.16162489,0.91708112,0.36447179,0
-8.3381844,1.6697496,2.2417154,-0.94814146,0.18986852,0.25490722,0
4.029614,0.27107489,7.7012281,0.46338779,0.031172413,0.88560718,0
2.2231293,-7.8715153,-3.2936299,0.25212249,-0.89269936,-0.37352672,0
-0.54074693,7.6104474,-4.1814828,-0.062152307,0.87472868,-0.48061079,0
-8.2757092,2.6461163,-1.8092266,-0.9324922,0.29815969,-0.20386045,0
-3.8786068,2.9867532,-7.1926799,-0.44579059,0.34328473,-0.8266961,0
-2.4360247,7.2964854,-4.4672256,-0.27385065,0.8202492,-0.5021922,0
-6.0991702,-6.3529248,-0.42397049,-0.69175214,-0.7205323,-0.048085637,0
0.96869141,7.5529222,-4.3979278,0.11015914,0.85891479,-0.5001303,0
-5.4684916,2.2292445,6.4976249,-0.62281615,0.2538926,0.740026,0
-5.1290913,3.5655975,6.0533404,-0.589652,0.40990922,0.6959058,0
-7.573184,-3.5711002,-2.9571002,-0.85285813,-0.40216133,-0.33301538,0
7.044281,-4.0281744,-3.4105117,0.80028152,-0.45762989,-0.38745892,0
0.35213554,3.1552634,8.1802149,0.040130716,0.35958591,0.93224865,0
7.3380151,-1.9146366,4.4835725,0.83292627,-0.21732733,0.50892311,0
-4.1116576,1.6760596,7.6510549,-0.46479872,0.18946868,0.86490679,0
0.3043693,5.2811685,6.9358478,0.034893047,0.60543573,0.795129,0
-5.0730391,-3.8744731,5.9313703,-0.58219171,-0.44464198,0.68069547,0
-3.5648706,4.6941867,6.5851622,-0.40336281,0.5311442,0.74510688,0
-6.5230227,-4.8833437,3.4350882,-0.73765737,-0.55223393,0.38845766,0
-4.1166234,-6.5569358,-4.092823,-0.47007632,-0.74873507,-0.46735856,0
-0.43590659,6.7987137,-5.4729533,-0.049882032,0.77799618,-0.62628561,0
-7.2990956,2.424866,4.2882433,-0.82887667,0.27536491,0.48696783,0
8.6983747,-0.056000885,1.5876509,0.98372793,-0.0063333251,0.17955269,0
7.0442867,3.751586,3.6293962,0.80345529,0.42789736,0.41396067,0
-0.86461502,7.9232502,3.689234,-0.098445192,0.90214241,0.42005673,0
7.3856425,4.7262702,-0.058125854,0.84228092,0.53899807,-0.0066288472,0
6.2420678,-5.4004087,2.8400233,0.71510422,-0.61868203,0.32535896,0
8.8408957,-0.29645342,-0.93121082,0.99394608,-0.033329055,-0.10469226,0
-6.2685108,5.5847211,2.5928488,-0.71340853,0.63558757,0.2950877,0
1.1342559,-8.4519606,-2.0692914,0.12925698,-0.96316445,-0.23581131,0
-4.7562613,-7.2394905,1.4515011,-0.5415374,-0.82427233,0.1652647,0
0.8577221,8.6622639,0.9752121,0.097923726,0.98894632,0.11133723,0
5.0553527,-1.591627,6.9910812,0.57624155,-0.18142386,0.79688829,0
-7.8174734,0.68950582,4.0036144,-0.88733441,0.078263424,0.45443645,0
7.9464822,-1.4564316,-3.5199506,0.90174204,-0.16527133,-0.39943302,0
-5.7291017,3.2739496,5.8511634,-0.64962041,0.37123176,0.66346091,0
0.80677015,8.6102028,1.478884,0.091955774,0.98139209,0.1685634,0
4.5846462,-6.2168598,-4.2865391,0.51896673,-0.70372796,-0.48522201,0
-1.3637384,-6.7460914,-5.4809399,-0.15500008,-0.76674867,-0.62295383,0
1.9784876,5.7979956,-6.4405813,0.22257999,0.65227491,-0.7245658,0
-0.039357144,3.408489,-8.0373068,-0.0045081233,0.39042184,-0.92062497,0
0.03907777,2.3782167,8.4289703,0.0044618812,0.27154365,0.96241581,0
1.2943778,-3.5959828,-7.8605261,0.14809157,-0.41142142,-0.89933378,0
-3.0858772,-1.3182182,8.1585875,-0.34980416,-0.14942858,0.92482877,0
-7.7340646,3.7247503,-1.8640027,-0.88044119,0.4240233,-0.21219693,0
1.7451472,-1.5744151,-8.4208193,0.1996123,-0.18008374,-0.96318471,0
-5.1140079,-7.1155591,-1.3521137,-0.57678729,-0.80253375,-0.15249918,0
4.4482322,-2.6697693,7.1266551,0.50462264,-0.30286774,0.8084721,0
-8.346036,2.2460408,-1.0943277,-0.95799541,0.25781062,-0.12561184,0
8.4268551,0.2095322,2.4083741,0.96122813,0.02390076,0.27471659,0
6.6002054,-3.0562992,-5.093595,0.74329472,-0.34419096,-0.57362491,0
0.80721402,-8.0181894,3.629688,0.091330171,-0.90719754,0.41067177,0
7.0965028,-5.286046,-0.49564761,0.80071133,-0.59643418,-0.055924822,0
-4.3901696,-7.6158304,-1.4358037,-0.49288562,-0.85503149,-0.16119809,0
-2.9424031,7.4583268,-3.5855668,-0.33501208,0.84917992,-0.40824053,0
-1.7879912,-3.1430607,8.0026379,-0.20360461,-0.35791096,0.91128749,0
0.41401839,7.0210853,5.4515147,0.046525951,0.78900522,0.61262232,0
3.7691355,7.5987463,1.9924802,0.43258491,0.87211061,0.2286776,0
-8.138979,2.185446,2.4858665,-0.92632842,0.248734,0.28292602,0
5.1380653,6.7589083,2.5386207,0.57981533,0.76272261,0.28647575,0
6.5780907,-3.689395,-4.4650722,0.75052184,-0.42093846,-0.50943869,0
-3.0170946,7.5843945,3.3765652,-0.34155938,0.85861444,0.38225433,0
3.9854047,4.533524,6.3163619,0.45615989,0.51889628,0.72295564,0
5.0797753,5.3433008,5.0180497,0.5695911,0.59913999,0.56266987,0
6.9980564,-4.9848967,2.1106286,0.79097193,-0.56342977,0.23855881,0
-2.1076515,6.2410975,-5.8664565,-0.23893757,0.70753288,-0.66506106,0
-4.4806838,-4.5057869,-6.1350961,-0.50727886,-0.51012087,-0.69458246,0
-2.921952,-5.32692,6.4143705,-0.3307229,-0.60293067,0.72601444,0
-4.8528895,-4.6820455,-5.6961727,-0.54976892,-0.53041458,-0.64530194,0
5.0925255,3.5402069,6.2404523,0.57880771,0.40237385,0.70927912,0
7.6833,-4.1164804,0.69374138,0.87868106,-0.47077081,0.079337969,0
8.6053076,0.093714535,1.9537808,0.97512615,0.010619434,0.22139624,0
-3.7093422,7.8298311,-1.0641391,-0.4249379,0.89697629,-0.12190653,0
0.44061351,-5.5366349,-6.7521262,0.050396267,-0.63326639,-0.77229124,0
0.2183865,6.8216481,-5.5457768,0.024832971,0.77569717,-0.63061649,0
-4.3565664,-1.3406775,-7.5054016,-0.49612856,-0.15267721,-0.85471994,0
1.7354442,-3.8668807,-7.5811777,0.1998082,-0.44520846,-0.8728494,0
3.6761739,-4.6661944,6.4805684,0.41816467,-0.53077948,0.73716444,0
-1.3506742,-6.1233506,6.2365651,-0.15272389,-0.69238156,0.70518303,0
-2.7330577,8.1947699,-1.3057764,-0.31282702,0.93797708,-0.14945975,0
-4.7116556,6.9542527,2.2855687,-0.54122949,0.79883736,0.26254407,0
6.1239085,1.0302478,6.1424279,0.70110989,0.11795031,0.70323014,0
-6.9421406,-5.3375716,0.51537812,-0.79139447,-0.6084758,0.058752395,0
8.6397982,-1.4368811,-1.7068239,0.96823692,-0.16102706,-0.19127877,0
4.7788606,-1.0568094,7.3721743,0.54005039,-0.11942812,0.83311605,0
7.9115968,-0.97330654,-3.7388179,0.89858425,-0.11054632,-0.4246479,0
8.7407026,-0.31487289,-1.2823871,0.98878026,-0.035619572,-0.14506832,0
5.6076574,6.3400402,2.3009679,0.63931602,0.72281331,0.26232803,0
-1.3030844,1.709586,8.5093002,-0.14847238,0.19478884,0.9695428,0
5.5687714,-4.7229719,4.9654536,0.63064671,-0.53486246,0.56232274,0
6.8689442,5.3841558,-0.8402968,0.78341156,0.61406964,-0.095836893,0
6.1017499,-0.27672246,6.205821,0.70074832,-0.031779867,0.71270031,0
-0.80017859,7.8220978,3.8994257,-0.091170453,0.8912313,0.44429132,0
-3.453016,-3.1514866,-7.4726996,-0.39174011,-0.35753199,-0.84776795,0
-3.5487492,5.7863684,5.722373,-0.39971802,0.65175515,0.64454699,0
-1.1680048,-8.3441668,2.6954961,-0.13203481,-0.94324994,0.30470705,0
7.3372173,2.3431649,-4.1677122,0.83781445,0.26755884,-0.47589833,0
-1.2966441,4.8481326,-7.306365,-0.14628378,0.54695284,-0.82428378,0
-3.0555744,-8.0952244,-1.0173482,-0.35071954,-0.92917174,-0.11677147,0
-2.4699035,-7.9532475,2.7165394,-0.28195876,-0.90792531,0.31011418,0
8.3191843,-3.0115352,0.48505145,0.93887705,-0.33987239,0.054741383,0
8.0088158,-3.7672026,1.1468077,0.89738858,-0.42211542,0.12849991,0
-4.9427238,2.2591431,6.8561015,-0.56496435,0.25822511,0.78366774,0
-4.3429255,4.1081233,-6.49369,-0.49203706,0.46543485,-0.7357105,0
-1.1408254,5.4235463,-6.827105,-0.12973502,0.61676741,-0.77638054,0
-3.8632555,2.6798315,-7.3874435,-0.44117492,0.3060306,-0.84362912,0
7.7776294,-2.3738,-3.4565067,0.88022637,-0.26865274,-0.3911871,0
-3.349112,0.3059001,8.0071983,-0.38563016,0.03522256,0.92198086,0
1.7496034,8.5136576,0.88000602,0.20027487,0.97454756,0.10073317,0
-0.97780097,7.4487319,-4.5429325,-0.11137442,0.84843254,-0.51745343,0
-5.191854,-6.0155468,-3.9857199,-0.58402526,-0.67668146,-0.44834873,0
1.4838082,-7.5047445,4.228591,0.16975404,-0.85857511,0.48376903,0
6.8120074,5.1184549,2.4230502,0.76897889,0.57780087,0.27352795,0
-1.5827607,8.49932,1.4194448,-0.18065597,0.9701106,0.16201513,0
2.5020442,2.7488136,8.0838614,0.28120843,0.30894321,0.90855706,0
-8.0313129,3.5176864,1.2009608,-0.90751672,0.39748907,0.13570532,0
4.9574466,-4.3711495,-5.670867,0.56925029,-0.50192738,-0.65117049,0
3.5631807,-7.6620245,-2.3291798,0.40651652,-0.87414587,-0.26573169,0
-8.3200607,-2.9812241,0.054504398,-0.94137323,-0.33731058,0.0061669,0
3.8412023,-2.0886624,-7.6795444,0.43467215,-0.23635396,-0.86902064,0
5.7856488,-6.2628207,1.8959515,0.66239125,-0.71702206,0.21706498,0
3.1038067,8.0015993,2.0996919,0.35128403,0.90560859,0.23763986,0
-2.2970119,-8.4799452,-0.95201927,-0.25993201,-0.95959848,-0.10773139,0
-7.5271168,-1.0059925,-4.4111462,-0.85708404,-0.11454853,-0.50228035,0
4.9474678,-6.2305031,-3.6190808,0.56604683,-0.71284074,-0.41406417,0
3.1349571,0.44144216,8.1349154,0.35913277,0.050570503,0.9319154,0
7.7261653,-1.9413657,-3.657547,0.88139343,-0.22146912,-0.41724941,0
8.0367699,2.7058964,2.2401273,0.9162932,0.30850634,0.25540277,0
-3.9350748,5.4138689,5.8323269,-0.44326153,0.60983843,0.65697509,0
2.8415146,-6.4728708,-5.3293262,0.32096961,-0.7311576,-0.60198593,0
3.391016,-4.9180307,-6.5133767,0.38368627,-0.55646473,-0.73697478,0
-1.0961859,-8.6448746,1.4346944,-0.12412353,-0.97887802,0.16245358,0
-0.91335797,4.6860781,7.349124,-0.10422008,0.53471196,0.83858281,0
5.5021033,-6.6411405,1.973654,0.62190241,-0.75064766,0.22308199,0
6.3607616,-4.9798799,3.4237952,0.72496611,-0.56758046,0.39022616,0
-8.4994602,2.3295329,1.0497111,-0.95766252,0.26247624,0.11827445,0
-1.3550044,-0.066722259,8.7550573,-0.15294291,-0.0075311167,0.98820633,0
5.195631,6.8249183,1.9006751,0.59138072,0.77683061,0.21633996,0
-3.6756756,-6.4956441,4.6561451,-0.41784242,-0.73841,0.52929997,0
-3.8778079,-2.9658692,-7.2547293,-0.44346088,-0.33917281,-0.8296411,0
-5.6201048,2.6961544,6.3441501,-0.63189912,0.30314338,0.7133075,0
-4.2728648,-3.316081,6.9248452,-0.48628417,-0.37739497,0.78809953,0
6.4439888,-4.9238634,3.4453912,0.73132706,-0.55880833,0.39101678,0
8.1848564,-1.5750219,-3.0015137,0.92390436,-0.17778803,-0.33881006,0
8.3110189,3.0185733,0.65002638,0.93739504,0.34046316,0.073316105,0
-1.6331346,8.7076025,-0.070830807,-0.1843327,0.98283136,-0.0079947077,0
4.7728114,0.098801024,-7.4170904,0.54109919,0.011201187,-0.84088415,0
-3.3719406,2.9332011,-7.548728,-0.38437578,0.33436278,-0.86049801,0
5.7856998,-4.8660498,-4.3450866,0.66352326,-0.55805475,-0.49830896,0
1.7323357,8.5629845,-0.59685582,0.197827,0.97786444,-0.068158954,0
5.1346173,6.9956722,-1.7735459,0.57971406,0.78983289,-0.20023878,0
-4.8397408,-5.7615757,-4.3000727,-0.55843776,-0.66480446,-0.49616766,0
-8.2834053,-1.4941789,-2.3070221,-0.94911259,-0.17120302,-0.26433858,0
5.143527,3.029295,-6.446279,0.5854488,0.34480172,-0.73373121,0
5.8787694,4.7370152,-4.5016117,0.66880351,0.53891081,-0.5121299,0
-3.9804068,7.8124852,0.8248412,-0.45197207,0.88710153,0.093660071,0
-7.9571872,1.922791,3.0027466,-0.91256922,0.2205151,0.34436971,0
-7.2400842,0.292218,-4.7948294,-0.83326989,0.033631716,-0.55184257,0
-1.767036,-1.092829,8.6007032,-0.19970807,-0.12351009,0.97204012,0
5.8409204,-4.9479909,4.5153465,0.65720767,-0.55673718,0.508057,0
1.0418793,5.0302014,7.0532775,0.11940405,0.57648367,0.80833733,0
7.7047968,1.1732823,3.967546,0.88101202,0.13416003,0.45367265,0
6.1329484,6.345068,-1.1580547,0.68907779,0.71291083,-0.1301152,0
3.3334489,-3.4758928,7.4908977,0.37431508,-0.3903102,0.84115762,0
3.2005858,-8.1511526,1.4511398,0.36057165,-0.9182927,0.16348253,0
-3.1419098,-0.94904846,-8.1265383,-0.35848963,-0.10828574,-0.92723215,0
2.3483803,1.9262249,-8.2782345,0.26632133,0.21844621,-0.93880469,0
-6.626061,1.582997,5.4227986,-0.76097649,0.18180084,0.62278664,0
4.0932622,7.734756,0.23884673,0.46757004,0.88353491,0.02728327,0
6.4630122,1.6597484,-5.6569104,0.73880649,0.18973087,-0.64665854,0
0.68537676,-8.173377,-3.1837642,0.077898726,-0.92897171,-0.36186108,0
7.4519706,-4.5745854,-1.2707994,0.84337157,-0.51772553,-0.14382184,0
-4.6119294,6.3134227,4.1624708,-0.52068055,0.71277678,0.46993726,0
-3.7984359,-7.0008078,3.4993908,-0.43661577,-0.80471623,0.40224168,0
-3.1892173,-4.0309443,-7.0829468,-0.36442187,-0.46060339,-0.80934614,0
3.9584372,-2.5118814,-7.3884583,0.45237631,-0.28706166,-0.8443644,0
1.1940739,-7.7761469,-3.9399815,0.13570973,-0.88378012,-0.44778955,0
-4.5541306,7.1342578,2.6844559,-0.51288623,0.80346018,0.30232346,0
-6.1311693,2.9099982,-5.6270676,-0.69545323,0.33007857,-0.63827342,0
-8.7966948,1.0019679,0.48532015,-0.99208611,0.11300135,0.054734126,0
-2.2140338,-6.1828203,5.839551,-0.2519373,-0.7035498,0.66448879,0
-1.4779551,3.0541372,8.1719189,-0.16703272,0.34516665,0.92355835,0
2.7715368,-8.0336962,-2.0499218,0.31703421,-0.91896904,-0.23448916,0
-6.8331242,5.505939,0.99155688,-0.77374786,0.62346423,0.1122788,0
-1.3702124,-5.9562559,-6.2252679,-0.15706214,-0.6827426,-0.71357834,0
4.9207363,-4.6704769,-5.7272892,0.55422676,-0.52603984,-0.64506954,0
-3.4601154,-6.2315345,5.1161819,-0.39436865,-0.71024275,0.58311981,0
6.8063531,-4.7954917,-2.6090314,0.78007418,-0.54960996,-0.29902035,0
8.1051054,-2.299089,2.4885833,0.92263502,-0.26171404,0.2832849,0
-7.850071,-3.9037859,-0.76603651,-0.89199609,-0.44358349,-0.087044001,0
8.3361015,2.798382,-0.19070563,0.94778681,0.31816667,-0.02168259,0
-4.9062538,7.3078561,-1.0902982,-0.55317134,0.82394773,-0.12292918,0
2.0998857,6.6042199,-5.4396605,0.23835398,0.7496323,-0.61744541,0
8.5481472,1.3077425,-1.0787685,0.98089635,0.1500629,-0.12378824,0
-4.8730173,5.6355767,4.738976,-0.55188823,0.63825107,0.53670752,0
5.6167345,-6.8592505,-0.46847415,0.63266718,-0.77262384,-0.052768782,0
8.7613544,-0.58151358,-0.38001427,0.99687147,-0.066164918,-0.043238223,0
-0.71928322,3.7478528,7.9269061,-0.081758052,0.42600349,0.90101981,0
8.1946306,-1.1237826,3.2247212,0.92305708,-0.12658478,0.36323807,0
-1.7825882,-2.5182652,8.2651243,-0.20205666,-0.28544575,0.93685311,0
5.5048838,-4.8544559,-4.7142673,0.63106418,-0.55650097,-0.54043013,0
-5.3004975,-2.2887547,6.5969963,-0.60462111,-0.26107538,0.75251108,0
-3.9115248,3.0255551,-7.2287717,-0.44660389,0.34544703,-0.82535523,0
2.0094628,5.2318335,-6.7767329,0.2285043,0.59493333,-0.77061021,0
6.3546524,5.1343951,3.0990736,0.72726607,0.58761221,0.35467732,0
-8.7272358,-0.94369638,-1.4013425,-0.9817729,-0.10616139,-0.15764444,0
5.1357827,3.8027916,-5.9483323,0.58826327,0.43557969,-0.68133438,0
8.461854,0.80344844,-2.0939116,0.96662432,0.091780454,-0.23919414,0
-0.86380583,-7.7907095,-3.7181959,-0.0995671,-0.89800078,-0.42858008,0
-6.0003629,-1.4013143,-6.2907448,-0.68141299,-0.159136,-0.71438932,0
7.2526865,4.5219035,-2.030442,0.82560003,0.51474494,-0.23113269,0
-2.6171811,8.2080612,1.3118665,-0.30032411,0.94188309,0.15053797,0
6.565053,-4.9930272,3.0502944,0.74653727,-0.5677762,0.34686065,0
6.9182868,-1.4986408,5.1567321,0.78994977,-0.17111908,0.58881038,0
-4.9166808,6.9619803,2.0276051,-0.56120461,0.79466122,0.23143689,0
6.0614729,5.4953532,-3.5507321,0.67961562,0.61614197,-0.39811003,0
-7.7816391,-2.3504031,3.1899078,-0.89112848,-0.26916066,0.36529806,0
-5.7832508,-6.7027307,-0.0675629,-0.65324676,-0.75710654,-0.0076315636,0
-1.4609621,-3.8148537,-7.8354888,-0.16533406,-0.43171912,-0.88672614,0
3.6578505,2.4821892,-7.5978661,0.4161253,0.28237942,-0.86435032,0
-8.1188393,3.212374,1.1156476,-0.92235976,0.36494926,0.12674576,0
5.0031662,0.34073934,7.3003511,0.56489545,0.03847206,0.82426512,0
0.75444496,-0.54429269,-8.7237768,0.085993886,-0.062040105,-0.99436212,0
4.4621911,0.011039997,7.6413126,0.50427181,0.0012476291,0.86354405,0
0.53942943,-5.5755997,-6.8201299,0.061120499,-0.63174796,-0.77276045,0
-8.2140255,0.6238032,3.2919486,-0.92593175,0.070318647,0.37108719,0
3.5810082,-7.3367186,3.441186,0.40419444,-0.82810783,0.38841248,0
1.9939384,-8.1416264,2.9274693,0.2245746,-0.91698039,0.32971692,0
-1.1178955,0.72808552,8.6757231,-0.12735635,0.082947209,0.98838252,0
8.8677254,0.044459868,-0.28801173,0.9994604,0.0050109671,-0.032461122,0
-7.2380099,-1.5579684,4.8723245,-0.81663996,-0.17578025,0.54972774,0
6.8348703,3.6947513,-4.1858807,0.77445173,0.41864827,-0.47429758,0
5.1504917,5.3958201,-4.6519108,0.58587843,0.61378503,-0.5291639,0
2.5606997,-8.360281,-1.6037314,0.28805849,-0.94046557,-0.18040712,0
-0.98739576,8.6458921,0.092657015,-0.11346005,0.99348551,0.010647068,0
-3.1746256,-6.3857694,5.3418274,-0.35629174,-0.71668196,0.59951919,0
2.2654622,5.2118497,6.7181106,0.25745764,0.59229881,0.76347733,0
-3.6824436,-8.024147,-0.51376683,-0.41639104,-0.90732765,-0.058094006,0
-5.0512118,6.6030569,2.7947049,-0.57591778,0.75285262,0.31864044,0
7.3753819,-4.7899809,0.40639234,0.8377583,-0.54408658,0.04616148,0
3.1536033,3.9586523,-7.1416121,0.36027944,0.45225123,-0.81588447,0
5.4922156,-6.8365378,0.95450139,0.62261468,-0.77501124,0.10820526,0
-3.8596237,5.238904,5.9740405,-0.43692681,0.59306753,0.67628831,0
7.8354192,-3.6163809,-1.2350991,0.89879912,-0.41483423,-0.14167793,0
-7.8237352,3.6229558,1.1538336,-0.89941078,0.41649228,0.13264385,0
-2.4137924,-4.6862588,7.0100417,-0.2752057,-0.5342983,0.79924166,0
-3.4688375,-8.0509186,1.2909666,-0.39147398,-0.90858251,0.14569141,0
1.7858658,-1.1465555,-8.4900045,0.20407018,-0.13101646,-0.97014952,0
-2.2116756,-3.7506547,-7.5771236,-0.25307843,-0.42918128,-0.86703789,0
-2.4947407,5.6705966,-6.1584191,-0.28559291,0.64915854,-0.7050035,0
-6.7269039,5.0328422,-2.5552034,-0.76605588,0.5731371,-0.29098508,0
2.3393521,4.3918037,7.3305984,0.26403764,0.49569342,0.82738882,0
2.4586422,-8.2633448,-2.3027515,0.27552167,-0.92601126,-0.25805214,0
-0.73542243,6.7790885,-5.5521913,-0.08363355,0.77092999,-0.63140506,0
5.7288814,-2.2611365,-6.3278589,0.64877361,-0.25606495,-0.71660548,0
1.8561581,7.7400641,-3.8324332,0.21011269,0.87615693,-0.43382236,0
-8.7537575,0.2762934,1.0955626,-0.99177289,0.031303164,0.12412375,0
-1.2903186,4.0289536,-7.6459889,-0.14766179,0.46106637,-0.87499356,0
8.2248755,2.246542,2.5148106,0.92525488,0.25272405,0.28290284,0
1.7977531,-8.08214,3.093528,0.20339538,-0.91440248,0.34999761,0
5.2124043,-3.9558828,6.0167589,0.58636874,-0.4450165,0.67685449,0
0.21301341,1.4062309,-8.6585426,0.024276201,0.16026194,-0.98677593,0
7.2367673,5.0529375,-0.68286121,0.81746978,0.57078302,-0.077136427,0
-2.3381257,8.5295811,0.58879608,-0.26378313,0.96229196,0.06642691,0
-1.1717114,3.2348614,-8.070303,-0.13355751,0.36872563,-0.91989332,0
-4.3440356,-6.8186283,3.4537644,-0.49411017,-0.77558148,0.39284673,0
0.28432441,6.8607602,-5.5752196,0.032145228,0.77566576,-0.63032478,0
-4.1212106,2.6520228,7.3380198,-0.46704212,0.30054429,0.83159167,0
-7.6654463,-2.489778,-3.7281795,-0.86320961,-0.28037509,-0.41983208,0
-1.2798357,-6.3491235,5.8288913,-0.1468794,-0.72865254,0.66894847,0
-1.1774154,8.2593727,-2.8105676,-0.13374294,0.9381845,-0.31925318,0
-2.9362497,-7.7545719,-2.6602583,-0.33718398,-0.8904956,-0.30549055,0
0.92698562,6.650239,5.6129212,0.10592228,0.75989151,0.64136207,0
-5.5942402,-6.1003532,-3.1376121,-0.63198864,-0.68916494,-0.35446015,0
1.7040986,-8.2569513,2.7127757,0.1924088,-0.93228769,0.30629796,0
0.86335009,-8.2188702,-3.2419655,0.097254239,-0.92583531,-0.36519936,0
-8.3746662,-0.61514252,-2.5637479,-0.95384783,-0.070062771,-0.29200271,0
-2.4444959,-4.6018176,-7.0912538,-0.27778694,-0.52294004,-0.80583388,0
-1.3648015,-3.6941867,7.8315334,-0.15569276,-0.42142254,0.89339954,0
0.075767927,8.7967119,0.69509882,0.0085861292,0.99685585,0.078769587,0
-5.5837398,-6.8111067,0.86823869,-0.63092834,-0.76961333,0.098105647,0
2.0847979,-6.9741931,-4.7491474,0.23986951,-0.8024261,-0.54642022,0
-0.62991929,2.9679174,-8.3391523,-0.07098531,0.33445323,-0.93973517,0
7.0154538,5.2974339,0.14726523,0.79792666,0.60252178,0.016749714,0
-0.59252948,-6.8716097,-5.4804349,-0.067261159,-0.78003281,-0.62211323,0
7.443409,-2.6010938,3.8519895,0.84821194,-0.29640704,0.43895257,0
1.7278723,-1.6402013,-8.5245914,0.19521242,-0.1853075,-0.96309561,0
-4.6663156,4.4617233,-6.0413818,-0.52774841,0.50460953,-0.68326491,0
4.921905,-2.9134178,6.6207762,0.56255734,-0.33299392,0.75673264,0
-4.7214379,4.4201031,5.8789253,-0.54019809,0.50572121,0.67263073,0
8.5308867,-2.2109985,0.60692734,0.96572912,-0.25029352,0.068706505,0
8.2508125,0.40432066,-2.9949892,0.93899184,0.046014108,-0.34084767,0
7.994978,1.4520055,-3.334079,0.91026109,0.16531681,-0.37959862,0
-6.8984337,-3.8416636,3.8961048,-0.783476,-0.43630934,0.4424924,0
-2.7440817,6.570776,5.0393801,-0.31455997,0.75322217,0.57767493,0
-2.0441995,5.618432,6.6087699,-0.22937948,0.63044387,0.74156964,0
2.0963006,8.4511213,-0.46964672,0.24040446,0.96917742,-0.053859245,0
4.6926308,0.27246711,-7.4936252,0.53048825,0.030801615,-0.84713256,0
-4.4880204,6.3266783,-4.2201576,-0.50823694,0.71645206,-0.47790334,0
5.6090155,-6.6035252,-1.5015312,0.63787347,-0.75097197,-0.17075847,0
2.4450641,6.2359724,-5.717875,0.27763355,0.70808578,-0.64925653,0
8.8283329,0.18656804,-0.80903029,0.99560678,0.021040032,-0.09123762,0
7.6160035,3.5799656,-2.4158053,0.86987072,0.40888995,-0.27592403,0
7.8422008,-3.7694676,-1.1877508,0.89300758,-0.42923707,-0.13525164,0
-4.3528137,-7.5920682,-1.3611795,-0.49147704,-0.8572219,-0.15369104,0
-7.4159322,-4.672359,1.6731334,-0.83106941,-0.52360976,0.18750036,0
5.787354,-3.7727802,5.5951447,0.65099227,-0.42438233,0.62937158,0
-2.6214266,1.5457628,-8.3335552,-0.29547748,0.17423265,-0.93932748,0
-1.3152521,6.9121242,5.2751241,-0.14956258,0.78600538,0.59985554,0
4.9149742,1.6866078,-7.06951,0.56018758,0.1922323,-0.80575228,0
-7.0203557,3.2980189,-4.1050186,-0.79997361,0.37581119,-0.46776927,0
-3.5294499,-0.32007924,8.0660086,-0.40060866,-0.036330454,0.91552877,0
6.5979877,-2.3943975,-5.2631526,0.75206995,-0.27292478,-0.59991914,0
6.1683736,0.36122224,6.1747241,0.70613837,0.041351724,0.70686537,0
-0.70909727,-2.4338896,8.4284868,-0.080565698,-0.2765319,0.95762169,0
-0.24161449,-8.8920326,0.14975107,-0.027158147,-0.99948943,0.016832441,0
-1.3833623,-8.6229534,-1.7139498,-0.15543725,-0.96889168,-0.1925827,0
-3.5909643,-7.6760435,-2.3479686,-0.40835524,-0.87289989,-0.26700494,0
2.2822883,-7.9611001,2.8372328,0.26070473,-0.90939271,0.32409576,0
-2.9148216,-6.3832965,-5.2833433,-0.33183798,-0.72670662,-0.60148245,0
3.6543798,4.5876913,6.6181307,0.41324478,0.5187856,0.74839187,0
-8.2219868,1.3424734,2.7366614,-0.93763638,0.15309583,0.3120892,0
-6.242692,4.7338319,-4.0869827,-0.70646626,0.5357132,-0.46251127,0
-3.751219,-1.0049384,-7.973803,-0.42294797,-0.11330628,-0.89904213,0
-4.7560372,-7.0399542,2.410208,-0.53854984,-0.79716921,0.27291989,0
-2.2235749,-8.2826614,-2.0325425,-0.25229159,-0.93976855,-0.23061664,0
3.9978325,6.186553,4.7472601,0.45621017,0.70597464,0.54173064,0
-8.2810946,-2.9747036,0.16781059,-0.94095117,-0.33800492,0.019067718,0
2.6395414,4.3229036,7.1550312,0.30109876,0.49312389,0.81619143,0
4.3130589,2.7533088,7.1861024,0.48891202,0.31210464,0.81458932,0
4.9879241,4.9337163,5.1772346,0.57206118,0.56584412,0.59377307,0
-3.5403924,6.8249121,3.9625103,-0.40931365,0.78904521,0.45811579,0
-5.0614958,-4.7826967,5.3954444,-0.57456285,-0.54291457,0.61247152,0
6.2517171,0.21423291,-6.0314717,0.71945119,0.024654046,-0.69410527,0
4.9988523,4.7466621,5.3164673,0.5742237,0.54525435,0.61070848,0
-4.5902596,-5.5798144,-4.8775458,-0.5265553,-0.64006853,-0.55951029,0
3.94629,-6.7196755,4.165463,0.44660518,-0.7604717,0.47140917,0
-2.1801252,8.3426628,2.0205772,-0.24616401,0.9419933,0.228149,0
-6.4879513,-2.8905382,5.0619636,-0.74386579,-0.33141008,0.58037144,0
2.9833279,-3.3305502,7.5150342,0.34116113,-0.38086805,0.85938847,0
-1.9239845,8.5329094,0.16645451,-0.2199163,0.97533315,0.019026171,0
6.6220326,1.2010791,5.4973946,0.7620334,0.13821472,0.63261515,0
-0.3647812,-6.898911,5.4216924,-0.041537572,-0.78557783,0.61736715,0
4.4482551,2.5694129,-7.0764146,0.50869769,0.29383531,-0.80925119,0
-8.1509056,3.0558991,1.0442603,-0.92968965,0.34855485,0.11910798,0
3.9179676,-7.9538894,0.43141198,0.4413622,-0.89601207,0.048598908,0
2.3281364,3.0876532,7.9369073,0.26369691,0.34972376,0.89897567,0
5.1378307,-5.3102775,-4.7102356,0.58633816,-0.60601813,-0.53754026,0
-4.1083031,2.7814314,7.32095,-0.46454635,0.31451035,0.82781643,0
-6.4459753,-4.8133593,3.6157482,-0.73083496,-0.54573143,0.40994808,0
-0.9907195,8.5500088,1.5040739,-0.11338521,0.97852576,0.17213725,0
-0.90682763,8.1880703,-3.1582623,-0.10278252,0.92806005,-0.35796678,0
-4.5846524,-4.9089885,5.8860211,-0.51334244,-0.5496583,0.65905637,0
-1.7095842,0.51820421,-8.6114273,-0.19438656,0.058921892,-0.97915369,0
5.6430464,-6.5563087,-1.5296383,0.64238048,-0.74634236,-0.17412753,0
0.32162938,-6.906219,-5.5425129,0.036296856,-0.77938783,-0.62548947,0
8.1237316,-3.2025044,-1.7402619,0.91237831,-0.35967407,-0.19544925,0
-1.8074803,-8.0411949,3.1033323,-0.20523857,-0.91307402,0.35238197,0
4.2054067,-7.7809582,-0.38797799,0.47501504,-0.87888575,-0.043823436,0
-2.0968425,0.65390944,8.4686508,-0.23967062,0.074742325,0.96797293,0
-1.9942137,8.5085278,-1.4512827,-0.22511131,0.96046168,-0.16382405,0
2.1597488,7.2462068,4.4254746,0.24651574,0.82708877,0.50512779,0
4.9269395,-3.9892023,6.2124596,0.55508643,-0.44943765,0.69991767,0
-3.7690313,-4.4211483,-6.5541487,-0.43033487,-0.50479132,-0.74832988,0
4.3172264,-7.4716177,-1.4516226,0.4933708,-0.85385329,-0.16589081,0
6.8220363,-0.41927591,-5.4503107,0.7803784,-0.047961317,-0.62346554,0
8.6218615,1.7657946,0.39846304,0.97866255,0.20043433,0.045229312,0
1.6603,3.1181951,8.0971193,0.18794008,0.35296863,0.91656518,0
-7.7586575,3.7522321,1.9817046,-0.87735313,0.4243044,0.22409222,0
-8.5447588,-1.7824608,-1.3464942,-0.96748412,-0.20181993,-0.1524574,0
7.992516,2.6646008,-2.6157572,0.90600514,0.30205032,-0.29651359,0
7.787632,1.9387209,-3.8040271,0.87686288,0.21829388,-0.42832148,0
-6.1466641,-5.9634786,2.3305795,-0.69253558,-0.67189634,0.26258296,0
-6.460331,-0.33356765,6.076055,-0.72792476,-0.037585095,0.68462604,0
-0.68658972,-0.60867262,8.8244076,-0.07738854,-0.068606161,0.99463773,0
-5.5157838,-3.1903436,6.1225567,-0.62418807,-0.36103198,0.69285291,0
-4.0467515,-1.628749,7.518898,-0.46553507,-0.18736999,0.864968,0
3.8149207,7.9087081,1.4899278,0.42834228,0.88799596,0.16729026,0
5.2964172,3.2544713,6.227118,0.60194093,0.36987257,0.70771563,0
-2.9820764,-5.589726,6.221663,-0.3358354,-0.62950361,0.70067108,0
7.0643263,-4.3803821,3.1584105,0.7944569,-0.49261948,0.35519609,0
-6.0551062,3.8015294,5.1979728,-0.68501383,0.43006682,0.58804637,0
5.5585761,0.022328453,-6.7533154,0.63550234,0.0025527731,-0.77209479,0
1.2731044,2.8150501,-8.2612,0.1443426,0.319166,-0.93664199,0
4.3784051,-7.7221184,0.40137914,0.49272555,-0.86901164,0.045169361,0
0.30148962,6.6273198,5.7638311,0.034305841,0.75410819,0.65585369,0
-0.52246356,-8.5630178,2.0591614,-0.059218727,-0.97057682,0.23339602,0
7.4302273,3.9596932,-2.364892,0.84962583,0.45277989,-0.27041882,0
-0.93560266,-7.9379673,-3.8284657,-0.10556876,-0.89568084,-0.43198508,0
5.0848565,0.79145157,-7.1522183,0.5770933,0.089823849,-0.81172347,0
1.7003838,-8.0927763,2.9755201,0.19347787,-0.92083514,0.33856905,0
-3.637388,6.938199,-4.1043196,-0.41128761,0.78451771,-0.46408463,0
6.2200274,-1.982191,5.9688616,0.70317537,-0.22408709,0.67478102,0
8.2120552,-2.6995089,1.3914045,0.93791622,-0.30831665,0.15891527,0
0.9855085,-1.6365565,-8.540287,0.11261223,-0.18700626,-0.97588271,0
1.4664203,3.5201826,8.0035391,0.16540581,0.39706126,0.90276432,0
-7.220283,0.60627997,-4.9420924,-0.82323223,0.069125988,-0.56348062,0
4.619453,2.452316,-7.1154141,0.52310932,0.27770159,-0.80575329,0
-7.7861943,2.6736865,-3.0662398,-0.88631117,0.30434871,-0.34903347,0
4.9617429,-3.2397745,6.5731053,0.56065518,-0.36608028,0.74273205,0
-0.54139084,-8.6669903,0.64520943,-0.062172953,-0.99531126,0.074095413,0
-6.4742937,-5.7884483,0.93885696,-0.74117124,-0.66265625,0.10747949,0
1.8194286,4.3706474,-7.3989682,0.20713125,0.49757254,-0.84232908,0
3.8719172,4.3722143,6.6390619,0.43788889,0.49446929,0.75083512,0
-7.0868721,3.5842013,3.7591701,-0.8065688,0.40792397,0.42783746,0
-4.5705404,6.9950991,-2.8448217,-0.51779646,0.79247469,-0.32228982,0
5.6004696,5.2020326,4.3910251,0.63532066,0.59012175,0.49812055,0
3.6962476,-5.8038468,-5.3909059,0.42285308,-0.66396379,-0.61672306,0
5.3037891,6.3669453,3.1897216,0.59731865,0.71705246,0.35923001,0
-1.563202,5.6308861,6.5639873,-0.17787057,0.6407162,0.74689013,0
-1.5966805,1.4570137,-8.4987459,-0.18207575,0.16614901,-0.96914542,0
-5.3363433,-4.7891998,5.129426,-0.60529369,-0.54323202,0.58182341,0
-0.72898561,6.034482,-6.3321962,-0.083052374,0.68750066,-0.72141886,0
2.6519847,-2.470659,7.9189963,0.30450881,-0.28368843,0.9092828,0
-8.7693253,1.113881,0.9901641,-0.98586386,0.12522458,0.11131609,0
-2.806839,-0.42559564,-8.4451714,-0.31503651,-0.04776838,-0.94787663,0
-2.9876714,-5.8048849,6.0315704,-0.33613354,-0.6530894,0.67859304,0
-2.4438584,3.688437,-7.6596742,-0.27627426,0.41697189,-0.86591387,0
-5.2765574,-7.043108,0.89561093,-0.59649903,-0.7962023,0.10124613,0
5.8298078,-2.9619718,-5.8324442,0.66533089,-0.3380371,-0.66563177,0
-5.9771991,-1.909984,-6.2578173,-0.67447442,-0.21552493,-0.70613974,0
8.6086426,2.0498526,-0.20410642,0.97254306,0.23157774,-0.023058489,0
3.009831,7.6634374,-3.0347073,0.3430092,0.87334788,-0.34584418,0
-5.3135786,0.25419372,6.9420781,-0.60754913,0.029064251,0.79375011,0
5.3810124,-0.23930429,7.0816746,0.60478884,-0.026896158,0.79593158,0
-4.6933641,7.3097482,-1.8719845,-0.52816367,0.82259619,-0.21066216,0
7.2779775,-3.8180392,-2.849534,0.83668059,-0.43892404,-0.32758412,0
2.0933921,6.7740736,4.9779415,0.24164315,0.78194064,0.57461065,0
8.0659008,0.93579412,-3.1847651,0.92475277,0.10728847,-0.36513221,0
6.7913342,5.3119497,-2.0714812,0.76588011,0.59904528,-0.23360746,0
-2.7328703,4.2311654,-7.3098421,-0.30785185,0.47663149,-0.82343763,0
4.6555743,0.68391746,7.4391298,0.52889651,0.077696443,0.8451224,0
-8.1804485,0.19924667,-3.0228322,-0.93776387,0.022840599,-0.34652171,0
0.69443899,-5.0869374,7.1717548,0.078734152,-0.57674712,0.81311965,0
0.38250792,-5.5336289,-6.7890325,0.043630984,-0.6311965,-0.77439481,0
-3.5736983,-5.2849393,6.0577846,-0.40621054,-0.60072166,0.68856847,0
-5.6722379,1.971314,6.5675135,-0.63740015,0.22152029,0.73800397,0
2.3923399,5.3044553,6.5834517,0.27227485,0.60370594,0.74926996,0
7.0666451,-5.1639233,0.86904567,0.80344909,-0.58711725,0.098806992,0
2.3876917,-4.9641175,6.8412924,0.27184367,-0.56517512,0.77889538,0
6.7867842,1.0226059,5.5340528,0.76977599,0.11598682,0.62768769,0
-4.8824029,-4.8429618,-5.5436182,-0.55273879,-0.54827362,-0.62759525,0
-2.377738,3.766104,7.5795536,-0.27046514,0.42839026,0.86216605,0
7.6275654,0.85237992,4.4098167,0.86170518,0.096295498,0.49818805,0
-1.7561139,8.063571,2.9477704,-0.20039539,0.92015815,0.33637887,0
5.1097178,-6.9460778,1.4359491,0.58451521,-0.79458165,0.16426231,0
4.351573,7.1336217,2.9074965,0.491842,0.80628657,0.32862344,0
7.4964623,3.569953,-2.9619336,0.85036463,0.40495923,-0.33598828,0
1.726561,1.4949954,-8.4496145,0.19725749,0.1708014,-0.96535814,0
1.7472872,-7.0482321,-4.8512125,0.20007926,-0.80708259,-0.55550516,0
8.4341087,1.0736368,-2.1585805,0.96149093,0.12239491,-0.24607882,0
6.8675256,0.51182556,-5.5249553,0.77784348,0.057971414,-0.62577862,0
5.8273582,-6.5487819,0.3922002,0.6640957,-0.74631035,0.044695802,0
5.4788051,-6.0619769,3.2120736,0.62403446,-0.69045758,0.36585432,0
-7.4929371,-4.1280632,-2.4329803,-0.84246475,-0.46413678,-0.27355096,0
-3.6531277,7.305449,-3.060806,-0.41881257,0.8375327,-0.3509059,0
-5.662478,-5.1773772,4.2820668,-0.64444196,-0.58923304,0.48733851,0
8.8283777,-0.1478499,-0.38002053,0.99893504,-0.016729286,-0.042999499,0
1.5853665,-0.81526434,-8.6064844,0.18037714,-0.092757769,-0.97921401,0
