3.1806023,1.8489769,2.9425404,0.70490146,0.68018281,0.20116019,0
0.25409889,1.9625634,-0.16007376,-0.70719761,0.69579828,0.12544516,0
-2.3759546,-3.1151705,-0.086206436,-0.70490146,-0.68018281,-0.20116019,0
-1.7298536,-0.97504908,2.0899954,-0.054641128,-0.23068643,0.97149277,0
0.13293925,1.6166682,-0.43425763,-0.70719761,0.69579828,0.12544516,0
2.2869127,3.4409943,0.54848576,0.70490146,0.68018281,0.20116019,0
-2.10883,-3.2074189,-0.68902159,-0.70490146,-0.68018281,-0.20116019,0
-2.9898696,-2.2178457,-1.4583266,-0.70490146,-0.68018281,-0.20116019,0
-2.8796778,-2.3997607,-2.0420091,-0.70490146,-0.68018281,-0.20116019,0
1.2918243,-0.4576329,2.5828159,-0.054641128,-0.23068643,0.97149277,0
0.96310735,-0.38162446,-0.42692256,0.70719761,-0.69579828,-0.12544516,0
1.4870257,1.5041789,-2.2737939,0.054641128,0.23068643,-0.97149277,0
1.6750032,-0.25009453,1.4775987,0.70719761,-0.69579828,-0.12544516,0
0.90760291,1.1830473,-2.4078894,0.054641128,0.23068643,-0.97149277,0
-2.2948837,-3.7901137,1.0950093,-0.70490146,-0.68018281,-0.20116019,0
3.5766144,2.4334147,-1.2434094,0.70719761,-0.69579828,-0.12544516,0
-3.3150644,-2.3603499,-0.14408064,-0.70490146,-0.68018281,-0.20116019,0
-1.483707,0.22824204,-2.5671279,0.054641128,0.23068643,-0.97149277,0
-2.9756682,-2.052418,-2.1222191,-0.70490146,-0.68018281,-0.20116019,0
2.3866115,2.6588337,1.940531,0.70490146,0.68018281,0.20116019,0
-1.9238968,-0.91072452,2.1450813,-0.054641128,-0.23068643,0.97149277,0
-0.74048913,-1.0525119,2.2931788,-0.054641128,-0.23068643,0.97149277,0
-1.4952347,-2.3681152,-2.5710828,0.70719761,-0.69579828,-0.12544516,0
2.057857,3.0416014,1.9566936,0.70490146,0.68018281,0.20116019,0
-3.6390412,-2.5115044,1.918257,-0.70490146,-0.68018281,-0.20116019,0
0.93149984,2.413583,-1.9852588,0.054641128,0.23068643,-0.97149277,0
3.3027177,1.4719622,2.82266,0.70490146,0.68018281,0.20116019,0
-1.6939106,-0.069619298,0.36889756,-0.70719761,0.69579828,0.12544516,0
1.0649328,1.3738784,3.0308197,-0.054641128,-0.23068643,0.97149277,0
-2.6589265,-1.3187068,0.51537704,-0.70719761,0.69579828,0.12544516,0
1.7399896,2.4166696,-1.9127818,0.054641128,0.23068643,-0.97149277,0
1.5083748,3.2173517,0.078948975,-0.70719761,0.69579828,0.12544516,0
1.9974391,2.345386,3.2638798,-0.054641128,-0.23068643,0.97149277,0
1.4133375,0.33744192,2.7116284,-0.054641128,-0.23068643,0.97149277,0
2.2370701,1.4538321,-1.9643737,0.70719761,-0.69579828,-0.12544516,0
-3.0391643,-3.0311055,1.6326444,-0.054641128,-0.23068643,0.97149277,0
-2.5068457,-2.44368,-3.0366039,-0.70490146,-0.68018281,-0.20116019,0
3.3997712,2.7957945,-0.75793934,0.70490146,0.68018281,0.20116019,0
-0.85944748,-1.9005948,-1.2434988,0.70719761,-0.69579828,-0.12544516,0
-0.86091971,-0.74284762,-2.9397874,0.054641128,0.23068643,-0.97149277,0
2.2636566,3.1767888,-1.6761365,0.054641128,0.23068643,-0.97149277,0
3.1111889,2.2905858,0.6020987,0.70490146,0.68018281,0.20116019,0
3.0523057,2.3411887,0.46030998,0.70490146,0.68018281,0.20116019,0
2.7122629,2.6330872,1.0600851,0.70490146,0.68018281,0.20116019,0
0.77054501,2.3307405,-1.1972374,-0.70719761,0.69579828,0.12544516,0
1.6724049,-0.13412762,1.7478393,0.70719761,-0.69579828,-0.12544516,0
-0.21915483,-1.3010811,-2.7387071,0.054641128,0.23068643,-0.97149277,0
0.19344091,0.96430802,-2.3666558,0.054641128,0.23068643,-0.97149277,0
-2.9799175,-2.1662416,2.0880995,-0.054641128,-0.23068643,0.97149277,0
3.4490654,1.5695213,2.1883678,0.70490146,0.68018281,0.20116019,0
-2.1362956,-0.82846427,-2.8725767,0.054641128,0.23068643,-0.97149277,0
-2.86814,-2.0186296,-2.6319382,-0.70490146,-0.68018281,-0.20116019,0
3.2393882,3.0860131,-1.5436325,0.70490146,0.68018281,0.20116019,0
2.3851099,2.3002467,3.2753875,0.70490146,0.68018281,0.20116019,0
-1.8252931,-3.0768301,-2.1600258,0.70719761,-0.69579828,-0.12544516,0
-2.0037222,-2.8601663,-3.0235953,0.70719761,-0.69579828,-0.12544516,0
-3.0043082,-3.217881,1.4913278,-0.70490146,-0.68018281,-0.20116019,0
0.14103985,-0.35853922,2.4895499,-0.054641128,-0.23068643,0.97149277,0
1.8472351,3.0806053,1.5612803,-0.70719761,0.69579828,0.12544516,0
3.4223158,2.1939347,0.077127695,0.70490146,0.68018281,0.20116019,0
3.0409942,2.8254685,0.66047049,0.70490146,0.68018281,0.20116019,0
3.4085641,1.5443708,1.7850888,0.70719761,-0.69579828,-0.12544516,0
3.4825056,2.4664812,-0.057173967,0.70490146,0.68018281,0.20116019,0
-2.7798223,-2.2893014,-3.3832657,-0.70490146,-0.68018281,-0.20116019,0
2.8482659,2.4953151,1.8555713,0.70490146,0.68018281,0.20116019,0
-1.3340257,-3.1887112,1.8467758,-0.054641128,-0.23068643,0.97149277,0
-3.3933196,-3.0470676,1.3712687,-0.70490146,-0.68018281,-0.20116019,0
-1.5622745,-0.10936046,1.0370146,-0.70719761,0.69579828,0.12544516,0
3.2589059,2.6547818,-1.5050347,0.70490146,0.68018281,0.20116019,0
1.9350762,0.1842972,2.5416112,-0.054641128,-0.23068643,0.97149277,0
0.50730026,0.9751991,-2.1367855,0.054641128,0.23068643,-0.97149277,0
-3.0560484,-1.7215896,-2.6736791,-0.70490146,-0.68018281,-0.20116019,0
0.7815547,-0.64687479,2.3403358,-0.054641128,-0.23068643,0.97149277,0
2.8133864,2.4437411,2.0355246,0.70490146,0.68018281,0.20116019,0
0.75950837,1.425735,2.8971949,-0.70719761,0.69579828,0.12544516,0
2.7833791,2.5013371,2.2758029,0.70490146,0.68018281,0.20116019,0
-3.3383832,-2.3504086,0.094221592,-0.70490146,-0.68018281,-0.20116019,0
1.0358679,2.5596485,-0.44212055,-0.70719761,0.69579828,0.12544516,0
-1.8345962,-3.46246,1.255954,0.70719761,-0.69579828,-0.12544516,0
0.30215156,-0.80614072,-1.0076046,0.70719761,-0.69579828,-0.12544516,0
-1.2406938,-0.26247895,-2.7887583,0.054641128,0.23068643,-0.97149277,0
0.16191542,1.5259118,1.1541942,-0.70719761,0.69579828,0.12544516,0
0.55095088,-1.1643525,0.70213795,0.70719761,-0.69579828,-0.12544516,0
2.146683,0.97227055,3.0765569,-0.054641128,-0.23068643,0.97149277,0
2.0563509,0.39679623,2.3177876,0.70719761,-0.69579828,-0.12544516,0
-2.5923326,-3.081569,-0.39090014,-0.70490146,-0.68018281,-0.20116019,0
3.2079513,1.8597158,3.0295284,0.70490146,0.68018281,0.20116019,0
2.9395232,2.5497742,1.4559824,0.70490146,0.68018281,0.20116019,0
3.2744293,1.5862134,2.3768651,0.70719761,-0.69579828,-0.12544516,0
2.6911602,3.4251599,-1.3596992,0.70490146,0.68018281,0.20116019,0
2.1181831,2.9131811,3.3488288,0.70490146,0.68018281,0.20116019,0
-3.2654681,-2.7364528,1.470624,-0.70490146,-0.68018281,-0.20116019,0
2.9606974,2.5779829,0.7915802,0.70490146,0.68018281,0.20116019,0
-0.17325902,-1.0172768,-2.9235272,0.054641128,0.23068643,-0.97149277,0
-2.2380953,-1.4528757,-3.014262,0.054641128,0.23068643,-0.97149277,0
1.6941733,2.6276274,-1.6755015,0.054641128,0.23068643,-0.97149277,0
3.1090307,2.562248,0.22870874,0.70490146,0.68018281,0.20116019,0
1.8444571,2.851125,1.2868857,-0.70719761,0.69579828,0.12544516,0
-2.0519793,-0.44161069,-0.67091298,-0.70719761,0.69579828,0.12544516,0
-0.19793916,0.38608396,-2.3133833,0.054641128,0.23068643,-0.97149277,0
0.22161138,1.6652808,-1.345383,-0.70719761,0.69579828,0.12544516,0
-1.8501261,-0.70289958,1.6184956,-0.70719761,0.69579828,0.12544516,0
-0.12947631,-1.5293444,2.2632985,-0.054641128,-0.23068643,0.97149277,0
2.3407466,1.5215198,2.9160841,-0.054641128,-0.23068643,0.97149277,0
-2.1425731,-2.8455968,-3.0146918,-0.70490146,-0.68018281,-0.20116019,0
-0.64362001,0.42381489,1.7606512,-0.70719761,0.69579828,0.12544516,0
0.095357895,0.29336178,-2.6679063,0.054641128,0.23068643,-0.97149277,0
-2.4470866,-3.032728,-1.8524971,-0.70490146,-0.68018281,-0.20116019,0
2.6005685,2.5501723,2.6760595,0.70490146,0.68018281,0.20116019,0
1.5735281,3.1153417,-1.741469,0.054641128,0.23068643,-0.97149277,0
0.47414088,0.30747369,2.6304984,-0.054641128,-0.23068643,0.97149277,0
-0.95044613,0.59071803,-1.1366634,-0.70719761,0.69579828,0.12544516,0
0.11369598,-1.0119088,-1.2533685,0.70719761,-0.69579828,-0.12544516,0
3.1961815,2.1890235,0.69189954,0.70490146,0.68018281,0.20116019,0
-2.6143425,-1.4851205,0.30962825,-0.70719761,0.69579828,0.12544516,0
-1.3264613,-2.2156911,-3.2206249,0.054641128,0.23068643,-0.97149277,0
-3.4934216,-2.1419585,-0.99751663,-0.70490146,-0.68018281,-0.20116019,0
2.8755374,2.5784919,0.36721849,0.70490146,0.68018281,0.20116019,0
-2.8780828,-2.8902106,0.86386752,-0.70490146,-0.68018281,-0.20116019,0
0.78083634,-0.5223527,2.4283319,-0.054641128,-0.23068643,0.97149277,0
2.4463792,2.5396113,2.0002556,0.70490146,0.68018281,0.20116019,0
0.92826074,-0.53590703,0.21128744,0.70719761,-0.69579828,-0.12544516,0
2.8020031,1.5801344,0.36794901,0.70719761,-0.69579828,-0.12544516,0
0.53084433,1.7961456,1.5470095,-0.70719761,0.69579828,0.12544516,0
1.5646579,2.4106989,2.4791141,-0.70719761,0.69579828,0.12544516,0
1.1363559,0.37336266,-2.0439754,0.70719761,-0.69579828,-0.12544516,0
-1.4797244,-0.650051,-2.8088992,0.054641128,0.23068643,-0.97149277,0
-2.3800871,-0.90123075,-0.18182039,-0.70719761,0.69579828,0.12544516,0
0.96808386,2.1406808,2.0742753,-0.70719761,0.69579828,0.12544516,0
2.9540324,2.6934319,0.54070854,0.70490146,0.68018281,0.20116019,0
2.4890575,2.431047,3.149924,0.70490146,0.68018281,0.20116019,0
3.2048481,1.7458599,1.8816128,0.70490146,0.68018281,0.20116019,0
2.8424768,2.9388142,-0.70262337,0.70490146,0.68018281,0.20116019,0
2.1368034,2.1983876,3.1700099,-0.054641128,-0.23068643,0.97149277,0
-2.3402514,-2.645313,1.7038463,-0.054641128,-0.23068643,0.97149277,0
2.185864,1.899457,3.1045883,-0.054641128,-0.23068643,0.97149277,0
-0.95436144,0.75887775,-0.19870922,-0.70719761,0.69579828,0.12544516,0
3.2846251,2.1284626,-0.99862885,0.70719761,-0.69579828,-0.12544516,0
0.62955964,2.2915018,-1.0590049,-0.70719761,0.69579828,0.12544516,0
-1.3045031,0.26931667,-0.38320759,-0.70719761,0.69579828,0.12544516,0
1.8202144,0.61818349,-0.048388362,0.70719761,-0.69579828,-0.12544516,0
-1.242414,0.44762254,-2.4829135,0.054641128,0.23068643,-0.97149277,0
2.6950202,3.0665107,-0.81837559,0.70490146,0.68018281,0.20116019,0
-2.4995193,-1.2632586,1.7343409,-0.70719761,0.69579828,0.12544516,0
3.3611042,2.7398958,-0.52046895,0.70490146,0.68018281,0.20116019,0
-1.45193,-2.0108812,1.814451,-0.054641128,-0.23068643,0.97149277,0
3.2112777,1.3672639,2.918824,0.70719761,-0.69579828,-0.12544516,0
-1.5837899,-3.4352419,1.3373876,0.70719761,-0.69579828,-0.12544516,0
2.0821629,3.3665984,0.64521503,-0.70719761,0.69579828,0.12544516,0
3.128895,1.8411515,3.086216,-0.054641128,-0.23068643,0.97149277,0
2.9402282,1.8899312,2.2110555,0.70490146,0.68018281,0.20116019,0
2.2085819,3.0196342,2.1504512,0.70490146,0.68018281,0.20116019,0
1.1048614,-0.32111359,0.90440118,0.70719761,-0.69579828,-0.12544516,0
3.1292126,1.9119873,2.7677302,0.70490146,0.68018281,0.20116019,0
1.450352,2.9873438,-0.081435919,-0.70719761,0.69579828,0.12544516,0
-2.4452939,-3.5732434,-0.13798285,-0.70490146,-0.68018281,-0.20116019,0
1.0341046,2.6219797,0.47102594,-0.70719761,0.69579828,0.12544516,0
0.72457922,0.46633479,-2.4424891,0.054641128,0.23068643,-0.97149277,0
-2.1873264,-0.35601318,-1.6185079,-0.70719761,0.69579828,0.12544516,0
1.179775,1.9584358,2.937629,-0.054641128,-0.23068643,0.97149277,0
-2.8325636,-1.163204,-1.2503664,-0.70719761,0.69579828,0.12544516,0
1.5158051,-0.44722009,1.8747821,0.70719761,-0.69579828,-0.12544516,0
2.596489,3.5486135,-1.378844,0.70490146,0.68018281,0.20116019,0
0.6289475,1.5433114,-2.1639707,0.054641128,0.23068643,-0.97149277,0
-0.8006531,-1.2462554,2.3811524,-0.054641128,-0.23068643,0.97149277,0
-3.3948615,-1.4927326,-2.8489892,-0.70490146,-0.68018281,-0.20116019,0
-2.5326805,-2.9158297,-1.0676537,-0.70490146,-0.68018281,-0.20116019,0
-0.25898045,1.131111,-0.14251155,-0.70719761,0.69579828,0.12544516,0
2.690083,2.8815804,1.7022743,0.70490146,0.68018281,0.20116019,0
2.9353297,2.8163075,-0.8038187,0.70490146,0.68018281,0.20116019,0
-1.4350657,-2.499634,-1.1671267,0.70719761,-0.69579828,-0.12544516,0
-1.752007,-0.17607272,-0.30749488,-0.70719761,0.69579828,0.12544516,0
1.1494462,0.829593,3.0217805,-0.054641128,-0.23068643,0.97149277,0
1.4105159,2.9664977,-1.7181522,0.054641128,0.23068643,-0.97149277,0
-1.9843782,-2.3195529,1.7669847,-0.054641128,-0.23068643,0.97149277,0
-0.18497896,1.0832973,1.3761855,-0.70719761,0.69579828,0.12544516,0
-3.352396,-1.5884988,-2.6276407,-0.70490146,-0.68018281,-0.20116019,0
-3.3350658,-1.8314555,-1.2191339,-0.70719761,0.69579828,0.12544516,0
-3.5519214,-1.7182254,-1.7102389,-0.70490146,-0.68018281,-0.20116019,0
1.5332139,2.8809469,1.509413,-0.70719761,0.69579828,0.12544516,0
-1.0627072,0.63225341,-2.4401286,0.054641128,0.23068643,-0.97149277,0
3.0494237,2.2686751,0.78831863,0.70490146,0.68018281,0.20116019,0
2.8252418,2.4048021,2.5111549,0.70490146,0.68018281,0.20116019,0
-2.1532578,-3.1114578,1.7228208,-0.054641128,-0.23068643,0.97149277,0
0.48098058,1.7220479,-0.10556877,-0.70719761,0.69579828,0.12544516,0
0.50066578,-0.46293405,-1.9223578,0.70719761,-0.69579828,-0.12544516,0
-2.1299946,-1.7086512,1.9340222,-0.054641128,-0.23068643,0.97149277,0
-3.1177547,-1.2451501,-2.1360321,-0.70719761,0.69579828,0.12544516,0
1.8701882,1.6532567,-1.9536786,0.054641128,0.23068643,-0.97149277,0
-3.6481011,-2.5158384,0.4701333,-0.70490146,-0.68018281,-0.20116019,0
-2.5242786,-0.95768571,-1.8764617,-0.70719761,0.69579828,0.12544516,0
-2.9459763,-2.3991981,-1.9478645,-0.70490146,-0.68018281,-0.20116019,0
-1.1122456,0.41752636,-2.4474826,0.054641128,0.23068643,-0.97149277,0
-1.7731394,-0.44153887,-0.59298849,-0.70719761,0.69579828,0.12544516,0
2.586349,1.5773427,-1.8538511,0.70719761,-0.69579828,-0.12544516,0
0.40823942,1.4282427,0.93168688,-0.70719761,0.69579828,0.12544516,0
-1.8252404,-2.7396455,1.6368322,-0.054641128,-0.23068643,0.97149277,0
-0.75080055,0.53695464,-0.64735758,-0.70719761,0.69579828,0.12544516,0
-0.15991366,1.3186802,-0.88525271,-0.70719761,0.69579828,0.12544516,0
0.98556066,1.3361192,3.1435254,-0.054641128,-0.23068643,0.97149277,0
1.7809794,2.8146276,2.228013,-0.70719761,0.69579828,0.12544516,0
-0.59293455,-2.0323842,1.4552649,0.70719761,-0.69579828,-0.12544516,0
-2.6635149,-2.5874953,-2.0471785,-0.70490146,-0.68018281,-0.20116019,0
-3.1110182,-2.5784104,0.68500829,-0.70490146,-0.68018281,-0.20116019,0
0.76845741,1.9404035,3.0650866,-0.70719761,0.69579828,0.12544516,0
3.302289,1.8662182,0.30138326,0.70719761,-0.69579828,-0.12544516,0
3.0083919,2.5068264,0.45242476,0.70490146,0.68018281,0.20116019,0
0.77568984,0.68994844,-2.3842831,0.054641128,0.23068643,-0.97149277,0
-0.81588364,-2.3321002,1.5964367,0.70719761,-0.69579828,-0.12544516,0
-2.3024399,-3.5576851,-0.57911158,-0.70490146,-0.68018281,-0.20116019,0
-3.1749408,-3.267885,1.3221731,-0.70490146,-0.68018281,-0.20116019,0
2.5935788,2.5040126,1.4365575,0.70490146,0.68018281,0.20116019,0
-1.4244701,-0.56268007,2.1581321,-0.054641128,-0.23068643,0.97149277,0
2.4181814,3.5472801,-0.18092871,0.70490146,0.68018281,0.20116019,0
-2.502655,-2.6936119,-2.2530744,-0.70490146,-0.68018281,-0.20116019,0
-0.24928451,-1.2385108,-2.674052,0.70719761,-0.69579828,-0.12544516,0
2.0718982,1.8197668,-2.15134,0.054641128,0.23068643,-0.97149277,0
2.651505,2.5983682,2.7560081,0.70490146,0.68018281,0.20116019,0
-1.3996568,-2.0726998,1.9246297,-0.054641128,-0.23068643,0.97149277,0
-1.1594989,-2.3552859,1.8695642,-0.054641128,-0.23068643,0.97149277,0
2.3899746,3.0430081,0.75255156,0.70490146,0.68018281,0.20116019,0
1.067421,-0.9681983,2.2184939,0.70719761,-0.69579828,-0.12544516,0
2.2986002,3.6047394,0.12546062,0.70490146,0.68018281,0.20116019,0
3.1926646,2.4045982,0.48738742,0.70490146,0.68018281,0.20116019,0
-3.2035971,-3.0130136,0.59845448,-0.70490146,-0.68018281,-0.20116019,0
0.9198662,-0.55250669,1.2077463,0.70719761,-0.69579828,-0.12544516,0
-3.2247214,-2.7781789,1.4579232,-0.70490146,-0.68018281,-0.20116019,0
-2.4037104,-3.0824294,-1.701901,-0.70490146,-0.68018281,-0.20116019,0
2.5679529,3.0087874,0.5389595,0.70490146,0.68018281,0.20116019,0
-2.1919613,-0.52126396,-2.6899421,0.054641128,0.23068643,-0.97149277,0
-2.2586269,-3.326601,0.030665874,-0.70490146,-0.68018281,-0.20116019,0
2.6163511,1.1870264,-1.2984521,0.70719761,-0.69579828,-0.12544516,0
2.9189193,1.1234046,2.6798961,0.70719761,-0.69579828,-0.12544516,0
0.6503585,2.4862053,-1.3223342,-0.70719761,0.69579828,0.12544516,0
-1.085885,0.54967201,-2.5821004,0.054641128,0.23068643,-0.97149277,0
-1.0043343,0.60139501,0.37812188,-0.70719761,0.69579828,0.12544516,0
-0.30426276,-1.5387449,2.1385384,-0.054641128,-0.23068643,0.97149277,0
3.1046331,2.3970504,1.8370533,0.70490146,0.68018281,0.20116019,0
-2.5707221,-2.6988714,1.9791844,-0.054641128,-0.23068643,0.97149277,0
-3.2000134,-2.3269572,-0.99435496,-0.70490146,-0.68018281,-0.20116019,0
-3.1628909,-1.909055,-1.5811083,-0.70490146,-0.68018281,-0.20116019,0
2.7356753,2.2738483,3.3523223,-0.054641128,-0.23068643,0.97149277,0
0.13504589,2.1446166,-2.0666337,0.054641128,0.23068643,-0.97149277,0
2.4416027,3.4450347,-0.95754099,0.70490146,0.68018281,0.20116019,0
1.3505176,-0.1685499,-0.21135631,0.70719761,-0.69579828,-0.12544516,0
1.7056423,0.1912396,1.7106656,0.70719761,-0.69579828,-0.12544516,0
-0.17363024,-0.44058502,-2.7699032,0.054641128,0.23068643,-0.97149277,0
-0.19544721,-2.0362711,2.2570643,-0.054641128,-0.23068643,0.97149277,0
-2.77865,-3.316982,1.0594919,-0.70490146,-0.68018281,-0.20116019,0
-3.7766099,-2.403059,0.94720602,-0.70490146,-0.68018281,-0.20116019,0
-1.7898459,-2.8507931,-1.3511236,0.70719761,-0.69579828,-0.12544516,0
-1.517184,-2.5709441,-2.622313,0.70719761,-0.69579828,-0.12544516,0
2.0211737,1.9959314,3.2619667,-0.054641128,-0.23068643,0.97149277,0
-0.23963702,-1.6822054,0.88366753,0.70719761,-0.69579828,-0.12544516,0
1.0907133,-0.62243366,2.5041673,0.70719761,-0.69579828,-0.12544516,0
2.1749756,2.8631096,2.8481956,0.70490146,0.68018281,0.20116019,0
1.2454858,0.31966639,2.5737755,-0.054641128,-0.23068643,0.97149277,0
2.1807642,0.54943073,1.1334069,0.70719761,-0.69579828,-0.12544516,0
-1.3860481,-2.4915137,-0.66677976,0.70719761,-0.69579828,-0.12544516,0
2.1812897,2.9968061,2.4038606,0.70490146,0.68018281,0.20116019,0
-2.9462862,-3.2232952,1.0193546,-0.70490146,-0.68018281,-0.20116019,0
2.5489001,3.1924622,-0.74505854,0.70490146,0.68018281,0.20116019,0
2.1335607,0.71091259,-0.2680279,0.70719761,-0.69579828,-0.12544516,0
-3.1599274,-2.7365317,0.63681507,-0.70490146,-0.68018281,-0.20116019,0
2.9912033,2.9432118,-1.2107627,0.70490146,0.68018281,0.20116019,0
-2.0811555,-3.7941561,1.258734,0.70719761,-0.69579828,-0.12544516,0
-2.4891086,-3.1610086,-0.3591013,-0.70490146,-0.68018281,-0.20116019,0
3.1769648,1.5909497,0.19683361,0.70719761,-0.69579828,-0.12544516,0
-1.7830045,-1.723999,-2.8788717,0.054641128,0.23068643,-0.97149277,0
2.1303587,2.9082859,1.8364136,0.70490146,0.68018281,0.20116019,0
-2.1512406,-1.6630024,-3.197834,0.054641128,0.23068643,-0.97149277,0
3.3569007,2.5843985,-0.28564119,0.70490146,0.68018281,0.20116019,0
-1.3892002,-3.327965,1.0669982,0.70719761,-0.69579828,-0.12544516,0
0.32055128,1.7493063,-0.55378842,-0.70719761,0.69579828,0.12544516,0
3.3618846,1.7784619,2.4574592,0.70719761,-0.69579828,-0.12544516,0
-2.1357105,-2.5928266,-2.844075,-0.70490146,-0.68018281,-0.20116019,0
-2.2997789,-3.4254334,0.25075722,-0.70490146,-0.68018281,-0.20116019,0
1.6244075,0.23369932,0.078080058,0.70719761,-0.69579828,-0.12544516,0
1.7244256,2.5995836,3.2167313,-0.70719761,0.69579828,0.12544516,0
3.0756068,2.026613,1.4295909,0.70490146,0.68018281,0.20116019,0
-0.96465868,-2.8186042,0.93767786,0.70719761,-0.69579828,-0.12544516,0
-1.9746628,-0.15099144,-2.8917253,0.054641128,0.23068643,-0.97149277,0
3.6001732,1.9788728,0.70333886,0.70490146,0.68018281,0.20116019,0
0.12901473,-0.77468652,2.2374671,-0.054641128,-0.23068643,0.97149277,0
1.9255142,0.59348357,-1.1560373,0.70719761,-0.69579828,-0.12544516,0
3.3359413,2.7144303,-1.2472026,0.70490146,0.68018281,0.20116019,0
-0.77376747,-2.8023243,1.8363068,0.70719761,-0.69579828,-0.12544516,0
0.1886394,0.8077811,2.6332774,-0.054641128,-0.23068643,0.97149277,0
-1.8991876,-0.38663924,-0.10654223,-0.70719761,0.69579828,0.12544516,0
2.7647786,3.6429644,-1.1983001,0.70490146,0.68018281,0.20116019,0
-2.3348815,-3.7611427,1.6010952,-0.054641128,-0.23068643,0.97149277,0
3.4588737,2.0656378,0.11986589,0.70490146,0.68018281,0.20116019,0
-1.5807312,-2.6721148,-2.6213427,0.70719761,-0.69579828,-0.12544516,0
3.4327896,1.5054575,3.0064569,-0.054641128,-0.23068643,0.97149277,0
1.0592589,1.5668454,-2.1874108,0.054641128,0.23068643,-0.97149277,0
2.7805254,2.2941475,2.4041231,0.70490146,0.68018281,0.20116019,0
3.1488667,1.8057141,0.44417644,0.70719761,-0.69579828,-0.12544516,0
-2.6977317,-1.1058087,-2.3860078,-0.70719761,0.69579828,0.12544516,0
0.85206294,-0.20710534,-2.6585412,0.054641128,0.23068643,-0.97149277,0
3.1206555,1.9691068,2.853595,0.70490146,0.68018281,0.20116019,0
-0.04447639,0.95254195,0.99924177,-0.70719761,0.69579828,0.12544516,0
2.7613769,2.5436382,1.1363752,0.70490146,0.68018281,0.20116019,0
-0.32938862,-1.9515848,1.8082733,0.70719761,-0.69579828,-0.12544516,0
-0.69126713,1.0074325,-1.9964796,-0.70719761,0.69579828,0.12544516,0
0.78111339,-0.045075536,2.7392321,-0.054641128,-0.23068643,0.97149277,0
0.012797594,0.2859028,2.5298615,-0.054641128,-0.23068643,0.97149277,0
-2.5398912,-0.51047611,-2.3936453,-0.70719761,0.69579828,0.12544516,0
-2.6081905,-3.3250608,-0.4917326,-0.70490146,-0.68018281,-0.20116019,0
-3.2978964,-2.0026188,0.42130089,-0.70719761,0.69579828,0.12544516,0
2.6138332,3.6750045,-1.4566448,0.70490146,0.68018281,0.20116019,0
2.919858,2.822474,0.3520751,0.70490146,0.68018281,0.20116019,0
0.39745271,2.3581505,-2.1882277,0.054641128,0.23068643,-0.97149277,0
-1.5468192,-3.3223951,1.5907466,0.70719761,-0.69579828,-0.12544516,0
3.1589661,2.6663187,0.29907608,0.70490146,0.68018281,0.20116019,0
0.61264467,1.6602067,2.485122,-0.70719761,0.69579828,0.12544516,0
-1.9818671,-3.0784936,-2.2020082,-0.70490146,-0.68018281,-0.20116019,0
1.056627,-0.18439496,2.4329801,-0.054641128,-0.23068643,0.97149277,0
-0.13394237,0.51025915,-2.3483863,0.054641128,0.23068643,-0.97149277,0
-1.880976,-1.3582025,2.1846058,-0.054641128,-0.23068643,0.97149277,0
1.9525255,3.1407847,0.93361449,-0.70719761,0.69579828,0.12544516,0
1.2153696,2.113874,-1.9259528,0.054641128,0.23068643,-0.97149277,0
-2.6743293,-3.4375465,1.5322559,-0.70490146,-0.68018281,-0.20116019,0
-1.0395658,0.0097362995,-2.4544935,0.054641128,0.23068643,-0.97149277,0
0.23862243,-1.4501756,1.1291039,0.70719761,-0.69579828,-0.12544516,0
-0.85478199,-0.34038362,2.3077435,-0.054641128,-0.23068643,0.97149277,0
0.50123018,-1.0772662,-0.048833907,0.70719761,-0.69579828,-0.12544516,0
2.3770738,3.3407915,1.1478796,0.70490146,0.68018281,0.20116019,0
1.5009551,0.91460836,-2.4244413,0.054641128,0.23068643,-0.97149277,0
3.1267171,1.635144,1.9409008,0.70719761,-0.69579828,-0.12544516,0
-2.4626124,-0.77724814,-2.2361166,-0.70719761,0.69579828,0.12544516,0
0.80429101,-1.0306872,2.4237313,-0.054641128,-0.23068643,0.97149277,0
-1.3435585,0.25502765,-1.9932859,-0.70719761,0.69579828,0.12544516,0
1.926656,2.55162,3.1015911,-0.054641128,-0.23068643,0.97149277,0
0.31707072,1.6623878,1.8840214,-0.70719761,0.69579828,0.12544516,0
-3.404243,-3.0106616,1.3656068,-0.70490146,-0.68018281,-0.20116019,0
-2.1318989,-3.4217267,-0.72230959,-0.70490146,-0.68018281,-0.20116019,0
0.75391197,0.77794617,2.7193189,-0.054641128,-0.23068643,0.97149277,0
2.1694806,2.7764757,-1.9365039,0.054641128,0.23068643,-0.97149277,0
0.8959589,1.5167005,3.0951793,-0.054641128,-0.23068643,0.97149277,0
0.74074173,0.23500872,2.5360682,-0.054641128,-0.23068643,0.97149277,0
-0.18964887,0.29147509,2.5586069,-0.054641128,-0.23068643,0.97149277,0
0.80765736,-0.29733586,-2.1149111,0.70719761,-0.69579828,-0.12544516,0
3.2205949,2.3879144,1.1617146,0.70490146,0.68018281,0.20116019,0
2.573473,2.641165,2.1565573,0.70490146,0.68018281,0.20116019,0
-2.7549319,-1.956399,1.8955852,-0.054641128,-0.23068643,0.97149277,0
-2.5709217,-2.9227607,-1.2076364,-0.70490146,-0.68018281,-0.20116019,0
3.0266831,2.6192791,1.162466,0.70490146,0.68018281,0.20116019,0
-0.37437296,0.63627243,-2.6410658,0.054641128,0.23068643,-0.97149277,0
-1.790617,-2.9702029,-2.5444617,0.70719761,-0.69579828,-0.12544516,0
-0.25187349,0.65366971,2.2689698,-0.70719761,0.69579828,0.12544516,0
-1.3592068,-2.813,0.17243648,0.70719761,-0.69579828,-0.12544516,0
3.0352535,2.935061,-0.45431185,0.70490146,0.68018281,0.20116019,0
3.2966537,2.5569541,-1.0634797,0.70490146,0.68018281,0.20116019,0
3.2482896,2.9782081,-1.5908532,0.70490146,0.68018281,0.20116019,0
-0.43183017,0.42195189,-2.5008907,0.054641128,0.23068643,-0.97149277,0
-0.55363464,-1.3761942,2.154844,-0.054641128,-0.23068643,0.97149277,0
-2.2667723,-3.3007214,-0.73357201,-0.70490146,-0.68018281,-0.20116019,0
-3.2174251,-2.6426578,1.0997226,-0.70490146,-0.68018281,-0.20116019,0
2.243644,3.5606716,-0.16871166,0.70490146,0.68018281,0.20116019,0
-2.1278,-3.1733918,-0.87356567,0.70719761,-0.69579828,-0.12544516,0
-1.088701,-1.4551139,-2.8231685,0.054641128,0.23068643,-0.97149277,0
-3.6372647,-2.4472589,0.65957594,-0.70490146,-0.68018281,-0.20116019,0
3.2982984,1.8559318,1.2286677,0.70490146,0.68018281,0.20116019,0
-1.6272318,-0.3633461,1.1186343,-0.70719761,0.69579828,0.12544516,0
-1.6294417,-0.57626808,2.3151314,-0.054641128,-0.23068643,0.97149277,0
0.93821144,-0.45989591,-1.2160443,0.70719761,-0.69579828,-0.12544516,0
2.184011,0.5210067,2.8498344,0.70719761,-0.69579828,-0.12544516,0
-3.195338,-1.9727268,-1.0871382,-0.70490146,-0.68018281,-0.20116019,0
-3.2494283,-2.7230618,0.26291084,-0.70490146,-0.68018281,-0.20116019,0
-2.1885123,-0.33233345,-2.3877935,-0.70719761,0.69579828,0.12544516,0
-2.5421374,-3.4673433,0.64109039,-0.70490146,-0.68018281,-0.20116019,0
-2.5383561,-2.6205225,-2.4132915,-0.70490146,-0.68018281,-0.20116019,0
2.4200788,3.3542225,-0.13057184,0.70490146,0.68018281,0.20116019,0
-3.1011844,-1.9233967,1.8770299,-0.70719761,0.69579828,0.12544516,0
2.6346412,2.567955,-2.0149488,0.054641128,0.23068643,-0.97149277,0
-1.7560294,-0.5688144,-2.885529,0.054641128,0.23068643,-0.97149277,0
2.7413955,2.8433177,1.0530033,0.70490146,0.68018281,0.20116019,0
-3.3308411,-1.9638598,-1.4839482,-0.70490146,-0.68018281,-0.20116019,0
0.94014013,-0.057027996,-2.3065009,0.70719761,-0.69579828,-0.12544516,0
2.9029002,3.2096941,-0.16696978,0.70490146,0.68018281,0.20116019,0
-3.1529758,-2.209352,-1.7312932,-0.70490146,-0.68018281,-0.20116019,0
-3.4213982,-2.0880146,-1.3483791,-0.70490146,-0.68018281,-0.20116019,0
2.8936644,3.3369977,-0.94732046,0.70490146,0.68018281,0.20116019,0
2.2481067,1.8271223,-1.8136799,0.054641128,0.23068643,-0.97149277,0
-2.7694056,-2.6620016,-0.34155297,-0.70490146,-0.68018281,-0.20116019,0
-2.137315,-2.5024135,-3.1733508,-0.70490146,-0.68018281,-0.20116019,0
-1.8643088,-0.96487951,1.4854473,-0.70719761,0.69579828,0.12544516,0
2.8303232,1.2252905,3.0648158,-0.054641128,-0.23068643,0.97149277,0
-0.011942625,-0.80881596,2.2628624,-0.054641128,-0.23068643,0.97149277,0
-3.2247448,-3.2244644,1.4880657,-0.054641128,-0.23068643,0.97149277,0
-2.3522604,-3.0389886,-1.8051848,-0.70490146,-0.68018281,-0.20116019,0
-3.0646024,-1.7993248,0.77368927,-0.70719761,0.69579828,0.12544516,0
-2.2527754,-1.0115237,-0.27726126,-0.70719761,0.69579828,0.12544516,0
-0.35821232,1.1666832,0.27211434,-0.70719761,0.69579828,0.12544516,0
2.6901107,2.872391,-0.20649529,0.70490146,0.68018281,0.20116019,0
2.8362167,2.4767599,1.0541446,0.70490146,0.68018281,0.20116019,0
-1.960227,-2.8326902,-3.058006,0.70719761,-0.69579828,-0.12544516,0
-1.7931824,-3.6518617,1.1389642,0.70719761,-0.69579828,-0.12544516,0
1.8977677,0.43295574,1.6205782,0.70719761,-0.69579828,-0.12544516,0
1.5991232,0.70438153,2.9137695,-0.054641128,-0.23068643,0.97149277,0
1.6720235,2.3688343,-2.0926161,0.054641128,0.23068643,-0.97149277,0
-3.1487145,-2.2126033,-1.7012675,-0.70490146,-0.68018281,-0.20116019,0
-0.76081437,-2.4797442,0.59829044,0.70719761,-0.69579828,-0.12544516,0
-2.3330557,-1.8332677,2.1673102,-0.054641128,-0.23068643,0.97149277,0
0.77131605,0.89573449,-2.4532228,0.054641128,0.23068643,-0.97149277,0
-2.0395968,-1.6485302,1.9446675,-0.054641128,-0.23068643,0.97149277,0
-3.2892437,-1.8120793,-2.632215,-0.70490146,-0.68018281,-0.20116019,0
3.5933986,2.1569016,-0.55331564,0.70490146,0.68018281,0.20116019,0
-1.4066926,-2.7707396,-1.3425393,0.70719761,-0.69579828,-0.12544516,0
-0.62262368,0.82588983,0.83449435,-0.70719761,0.69579828,0.12544516,0
3.1626303,2.5467138,-0.75847363,0.70490146,0.68018281,0.20116019,0
-1.8009501,-1.6922311,-2.9595556,0.054641128,0.23068643,-0.97149277,0
-3.3627839,-2.9024625,0.77877855,-0.70490146,-0.68018281,-0.20116019,0
-1.3471119,-0.068324685,0.70438397,-0.70719761,0.69579828,0.12544516,0
-1.341728,-0.79056329,-2.9561872,0.054641128,0.23068643,-0.97149277,0
-1.780874,-0.037515163,-2.2040901,-0.70719761,0.69579828,0.12544516,0
2.4413333,3.6382387,-0.22641611,0.70490146,0.68018281,0.20116019,0
2.2506878,0.95796525,-1.41373,0.70719761,-0.69579828,-0.12544516,0
0.33393183,-0.86585027,0.23505771,0.70719761,-0.69579828,-0.12544516,0
-2.8144028,-3.087007,0.0053668022,-0.70490146,-0.68018281,-0.20116019,0
-1.0645273,-1.1478931,2.0846162,-0.054641128,-0.23068643,0.97149277,0
-3.5197346,-1.9952438,-0.25270653,-0.70719761,0.69579828,0.12544516,0
-0.63045883,-1.659699,-1.3642958,0.70719761,-0.69579828,-0.12544516,0
-3.1619225,-1.6748743,-1.5475202,-0.70719761,0.69579828,0.12544516,0
-3.1420259,-2.7218943,0.43382859,-0.70490146,-0.68018281,-0.20116019,0
-1.8334888,-2.6683247,1.8474574,-0.054641128,-0.23068643,0.97149277,0
-1.6799181,-0.27129996,-1.3992473,-0.70719761,0.69579828,0.12544516,0
-2.5703599,-3.5330026,0.21616268,-0.70490146,-0.68018281,-0.20116019,0
-0.030346632,-0.97851706,-1.4778844,0.70719761,-0.69579828,-0.12544516,0
3.2759891,2.4787378,0.57330418,0.70490146,0.68018281,0.20116019,0
-2.1189125,-3.361891,-0.92665768,-0.70490146,-0.68018281,-0.20116019,0
2.5635254,2.3345175,-1.8046056,0.054641128,0.23068643,-0.97149277,0
2.5068295,2.4246364,3.3884039,0.70490146,0.68018281,0.20116019,0
-2.8324845,-1.502835,-3.1588433,0.054641128,0.23068643,-0.97149277,0
-0.86946559,-1.5769711,2.0164237,-0.054641128,-0.23068643,0.97149277,0
-3.004509,-2.0586352,1.7391542,-0.054641128,-0.23068643,0.97149277,0
0.40973592,-0.45055985,-2.564707,0.70719761,-0.69579828,-0.12544516,0
2.162112,3.4996822,-0.24239683,-0.70719761,0.69579828,0.12544516,0
-0.58006179,1.0970341,-1.4513825,-0.70719761,0.69579828,0.12544516,0
-2.4294832,-2.1842675,-3.4025273,0.054641128,0.23068643,-0.97149277,0
-0.073842242,-1.4351714,-0.18922651,0.70719761,-0.69579828,-0.12544516,0
3.1984015,2.9277732,-1.7476096,0.054641128,0.23068643,-0.97149277,0
2.0048079,3.471458,-0.81222486,-0.70719761,0.69579828,0.12544516,0
3.190202,3.1526725,-1.3913317,0.70490146,0.68018281,0.20116019,0
-2.3632555,-3.1945202,-0.38445807,-0.70490146,-0.68018281,-0.20116019,0
-2.25278,-3.0541973,-1.0912404,-0.70490146,-0.68018281,-0.20116019,0
3.6091483,2.4293239,-0.46040773,0.70490146,0.68018281,0.20116019,0
1.8535086,3.4657321,-1.6687114,0.054641128,0.23068643,-0.97149277,0
-1.6296034,-2.4201167,2.0747502,-0.054641128,-0.23068643,0.97149277,0
-3.1418791,-3.0235231,1.2360375,-0.70490146,-0.68018281,-0.20116019,0
1.8133523,1.3071934,3.0978067,-0.054641128,-0.23068643,0.97149277,0
-2.2914515,-2.60342,-2.1000514,-0.70490146,-0.68018281,-0.20116019,0
3.1080911,1.8765565,0.61981893,0.70719761,-0.69579828,-0.12544516,0
0.51474559,1.0982826,-2.2163124,0.054641128,0.23068643,-0.97149277,0
3.3150649,2.5815625,-0.92575336,0.70490146,0.68018281,0.20116019,0
1.3710194,0.97037536,3.0116906,-0.054641128,-0.23068643,0.97149277,0
-1.1375386,-0.42357361,2.3315837,-0.054641128,-0.23068643,0.97149277,0
2.1838856,2.9924834,2.3706846,-0.70719761,0.69579828,0.12544516,0
3.0247707,2.7888021,0.8252058,0.70490146,0.68018281,0.20116019,0
-2.572648,-0.79761314,-2.7975047,0.054641128,0.23068643,-0.97149277,0
0.60717177,1.8672907,0.20117974,-0.70719761,0.69579828,0.12544516,0
3.3249938,2.7900307,-1.7465172,0.054641128,0.23068643,-0.97149277,0
-0.47964448,-2.3799613,1.0600777,0.70719761,-0.69579828,-0.12544516,0
2.1481957,2.8413846,-1.8369732,0.054641128,0.23068643,-0.97149277,0
-1.8160236,-2.6054885,-2.2718067,0.70719761,-0.69579828,-0.12544516,0
1.7876538,3.733593,-1.6276286,0.054641128,0.23068643,-0.97149277,0
3.0679679,2.1891394,2.4702771,0.70490146,0.68018281,0.20116019,0
1.8714994,0.48940581,-1.4169984,0.70719761,-0.69579828,-0.12544516,0
-2.4320602,-3.4698346,1.3102345,-0.70490146,-0.68018281,-0.20116019,0
3.2424474,1.8863587,1.4237654,0.70490146,0.68018281,0.20116019,0
3.4756851,1.946556,2.045996,0.70490146,0.68018281,0.20116019,0
0.98484778,1.960874,1.533102,-0.70719761,0.69579828,0.12544516,0
-0.33675361,-1.0900327,-2.9590068,0.054641128,0.23068643,-0.97149277,0
-2.6522882,-3.3756793,1.1089098,-0.70490146,-0.68018281,-0.20116019,0
-2.4653723,-2.4398186,-3.1525908,-0.70490146,-0.68018281,-0.20116019,0
-0.882788,-2.8461294,1.3873426,0.70719761,-0.69579828,-0.12544516,0
-1.9139006,-1.962262,-3.1840529,0.054641128,0.23068643,-0.97149277,0
-0.32518372,-1.6381135,0.55245459,0.70719761,-0.69579828,-0.12544516,0
0.095911264,1.2174811,-2.2479625,0.054641128,0.23068643,-0.97149277,0
-3.1299405,-1.3563039,-1.8313949,-0.70719761,0.69579828,0.12544516,0
0.27062821,2.1506565,-1.6943152,-0.70719761,0.69579828,0.12544516,0
-2.3413334,-3.1530778,-1.6941304,-0.70490146,-0.68018281,-0.20116019,0
-3.0188518,-2.0243933,-2.0241151,-0.70490146,-0.68018281,-0.20116019,0
-2.923574,-2.277267,-1.719552,-0.70490146,-0.68018281,-0.20116019,0
2.3707187,0.78766263,2.9109237,-0.054641128,-0.23068643,0.97149277,0
0.85552323,-0.514202,0.24029991,0.70719761,-0.69579828,-0.12544516,0
-3.0567822,-2.2103226,-2.0007038,-0.70490146,-0.68018281,-0.20116019,0
2.7733307,2.4270821,2.3140457,0.70490146,0.68018281,0.20116019,0
2.0884063,2.683111,3.5276339,-0.054641128,-0.23068643,0.97149277,0
3.2266705,1.3493782,2.5641968,0.70719761,-0.69579828,-0.12544516,0
3.356544,1.9931909,1.8899024,0.70490146,0.68018281,0.20116019,0
2.4086521,3.5706871,0.10494947,0.70490146,0.68018281,0.20116019,0
2.4822276,2.5359266,2.996901,0.70490146,0.68018281,0.20116019,0
-2.9067402,-2.35534,-2.6483274,-0.70490146,-0.68018281,-0.20116019,0
2.2145493,2.9830689,1.8234282,0.70490146,0.68018281,0.20116019,0
3.5722728,2.8568058,-1.6408582,0.70490146,0.68018281,0.20116019,0
-1.3607121,-1.6775444,-3.1893878,0.054641128,0.23068643,-0.97149277,0
-2.2574992,-0.55808997,-1.6565465,-0.70719761,0.69579828,0.12544516,0
1.7222428,3.0579333,0.44731736,-0.70719761,0.69579828,0.12544516,0
1.5484353,1.4198625,-1.9459443,0.054641128,0.23068643,-0.97149277,0
1.0575626,2.6861918,-0.1765306,-0.70719761,0.69579828,0.12544516,0
-2.9303093,-3.4811671,1.1844692,-0.70490146,-0.68018281,-0.20116019,0
3.2870684,2.8959556,-0.97507834,0.70490146,0.68018281,0.20116019,0
3.4591331,2.5891538,-0.77716112,0.70490146,0.68018281,0.20116019,0
2.59604,3.5137873,-0.43914795,0.70490146,0.68018281,0.20116019,0
-2.4381638,-1.2466652,-0.05067277,-0.70719761,0.69579828,0.12544516,0
1.1065044,2.7131438,0.73444247,-0.70719761,0.69579828,0.12544516,0
-3.5051332,-2.088702,0.44477081,-0.70719761,0.69579828,0.12544516,0
2.1256707,3.2465818,0.76396036,0.70490146,0.68018281,0.20116019,0
-1.2509534,0.58551526,-2.2781949,-0.70719761,0.69579828,0.12544516,0
-2.1198421,-0.557073,-2.8374853,0.054641128,0.23068643,-0.97149277,0
2.0303018,0.829063,2.7612648,-0.054641128,-0.23068643,0.97149277,0
2.8847075,3.1528552,-1.3776503,0.70490146,0.68018281,0.20116019,0
2.2257473,1.1224836,-2.0216393,0.054641128,0.23068643,-0.97149277,0
-2.7677817,-2.5728261,1.7725078,-0.054641128,-0.23068643,0.97149277,0
-1.2543633,-0.11910802,0.0055468082,-0.70719761,0.69579828,0.12544516,0
2.7684278,3.1088624,0.24948692,0.70490146,0.68018281,0.20116019,0
2.5700855,1.085935,1.478714,0.70719761,-0.69579828,-0.12544516,0
-2.8987207,-1.5716907,0.71046257,-0.70719761,0.69579828,0.12544516,0
2.4409814,2.0728042,3.3354795,-0.054641128,-0.23068643,0.97149277,0
2.4324684,1.20779,-1.5905726,0.70719761,-0.69579828,-0.12544516,0
3.3535831,1.8148489,2.4934731,0.70490146,0.68018281,0.20116019,0
3.0039928,2.6365297,-0.049687147,0.70490146,0.68018281,0.20116019,0
1.8248668,2.7782795,3.3746998,-0.054641128,-0.23068643,0.97149277,0
-0.71593273,-2.1731663,-0.68141675,0.70719761,-0.69579828,-0.12544516,0
-0.64775562,0.3087945,-2.4096186,0.054641128,0.23068643,-0.97149277,0
0.40135503,0.95304823,-2.2232535,0.054641128,0.23068643,-0.97149277,0
-2.335207,-3.850606,0.59511566,-0.70490146,-0.68018281,-0.20116019,0
-2.194685,-2.4165151,1.7395999,-0.054641128,-0.23068643,0.97149277,0
-1.879703,0.21180177,-2.655092,-0.70719761,0.69579828,0.12544516,0
-2.5634732,-3.4435015,1.2061028,-0.70490146,-0.68018281,-0.20116019,0
-0.40694094,-0.79719186,-2.5940709,0.054641128,0.23068643,-0.97149277,0
-0.73058629,-1.0822499,2.4007742,-0.054641128,-0.23068643,0.97149277,0
3.1322095,2.1455195,1.3696208,0.70490146,0.68018281,0.20116019,0
-2.7836986,-2.9929867,-0.50594091,-0.70490146,-0.68018281,-0.20116019,0
3.2491658,1.850942,2.9689722,0.70490146,0.68018281,0.20116019,0
-1.3446337,-3.2138743,1.5454112,-0.054641128,-0.23068643,0.97149277,0
0.81814837,1.0217969,2.6806507,-0.054641128,-0.23068643,0.97149277,0
-3.3117077,-2.1089869,-0.71144128,-0.70490146,-0.68018281,-0.20116019,0
-1.0215328,-1.5103569,2.1648984,-0.054641128,-0.23068643,0.97149277,0
-3.2309129,-2.199111,-1.1944542,-0.70490146,-0.68018281,-0.20116019,0
0.68181109,-1.226073,2.5066185,-0.054641128,-0.23068643,0.97149277,0
-0.7309289,-2.1691206,0.97920811,0.70719761,-0.69579828,-0.12544516,0
-1.2029777,-1.9703153,2.2423007,-0.054641128,-0.23068643,0.97149277,0
-2.4103694,-2.6245282,-1.7955551,-0.70490146,-0.68018281,-0.20116019,0
3.1407254,2.2576261,1.4636664,0.70490146,0.68018281,0.20116019,0
1.8886037,0.454184,-0.5168553,0.70719761,-0.69579828,-0.12544516,0
2.7700801,2.7760489,0.55060506,0.70490146,0.68018281,0.20116019,0
0.97631031,2.3261676,0.41057634,-0.70719761,0.69579828,0.12544516,0
-0.16239524,-0.81370533,-2.7003536,0.054641128,0.23068643,-0.97149277,0
-3.3624899,-1.7783589,-2.3112266,-0.70490146,-0.68018281,-0.20116019,0
1.8185147,0.93684214,-1.5520058,0.70719761,-0.69579828,-0.12544516,0
-0.86071527,0.95138025,-1.269161,-0.70719761,0.69579828,0.12544516,0
-1.0339185,-2.3424952,2.0207686,-0.054641128,-0.23068643,0.97149277,0
2.6414363,1.6907346,-1.3241757,0.70719761,-0.69579828,-0.12544516,0
-2.3708894,-0.95112401,-0.90994358,-0.70719761,0.69579828,0.12544516,0
-2.0780725,-0.60723245,0.58964151,-0.70719761,0.69579828,0.12544516,0
2.8578222,2.2212534,1.8089521,0.70490146,0.68018281,0.20116019,0
-1.8238287,-0.7978344,2.3768928,-0.054641128,-0.23068643,0.97149277,0
-1.2363501,-2.2115872,1.894984,-0.054641128,-0.23068643,0.97149277,0
0.01295042,-0.012567163,2.5978992,-0.054641128,-0.23068643,0.97149277,0
2.8734736,2.9314048,-0.50763559,0.70490146,0.68018281,0.20116019,0
3.4209285,1.6926426,1.3367648,0.70719761,-0.69579828,-0.12544516,0
-2.3167303,-3.4528761,0.46579981,-0.70490146,-0.68018281,-0.20116019,0
-2.7421849,-1.0716456,-2.9434683,0.054641128,0.23068643,-0.97149277,0
-3.0320005,-1.8102739,-0.095477581,-0.70719761,0.69579828,0.12544516,0
-3.7233086,-2.4397879,1.1642866,-0.70490146,-0.68018281,-0.20116019,0
-3.4886403,-1.5075374,-2.6222711,-0.70719761,0.69579828,0.12544516,0
-1.5075026,-2.7157724,-0.36438441,0.70719761,-0.69579828,-0.12544516,0
2.8047838,3.4874086,-1.0063386,0.70490146,0.68018281,0.20116019,0
-0.19906187,-0.61083895,2.4315395,-0.054641128,-0.23068643,0.97149277,0
-0.05562973,1.1719682,-2.3903153,0.054641128,0.23068643,-0.97149277,0
2.967917,2.7851949,-0.54108787,0.70490146,0.68018281,0.20116019,0
2.5119321,1.5772643,-2.2216661,0.054641128,0.23068643,-0.97149277,0
2.4368374,1.1141683,-1.4691741,0.70719761,-0.69579828,-0.12544516,0
-3.3905046,-2.2664256,0.084019184,-0.70490146,-0.68018281,-0.20116019,0
-2.8146105,-2.5391302,-0.67315936,-0.70490146,-0.68018281,-0.20116019,0
-1.9423103,-1.9292279,-3.022779,0.054641128,0.23068643,-0.97149277,0
-0.47084999,-1.6446861,-2.6069446,0.70719761,-0.69579828,-0.12544516,0
1.4542272,-0.44110072,1.9192162,0.70719761,-0.69579828,-0.12544516,0
-0.10627127,0.13714445,-2.4795113,0.054641128,0.23068643,-0.97149277,0
-1.5047858,-2.9306629,-0.23537064,0.70719761,-0.69579828,-0.12544516,0
-1.689173,-0.32405996,-2.5876176,0.054641128,0.23068643,-0.97149277,0
0.12805195,-1.3900456,-0.032672644,0.70719761,-0.69579828,-0.12544516,0
0.29548025,-1.0766381,0.96153891,0.70719761,-0.69579828,-0.12544516,0
-2.3760638,-1.1405497,0.11397028,-0.70719761,0.69579828,0.12544516,0
3.3394852,1.7529321,1.2073994,0.70719761,-0.69579828,-0.12544516,0
-0.69835234,-0.94706821,-2.849905,0.054641128,0.23068643,-0.97149277,0
3.0553095,3.0368066,-0.54228663,0.70490146,0.68018281,0.20116019,0
0.34308553,0.53621173,-2.5545213,0.054641128,0.23068643,-0.97149277,0
-2.2715111,-3.8995793,1.2325583,0.70719761,-0.69579828,-0.12544516,0
1.4632678,2.3061268,2.5417981,-0.70719761,0.69579828,0.12544516,0
1.2102568,0.75392783,2.7017884,-0.054641128,-0.23068643,0.97149277,0
-2.4320548,-3.2749894,0.12664795,-0.70490146,-0.68018281,-0.20116019,0
-3.2324789,-1.7049801,0.26061726,-0.70719761,0.69579828,0.12544516,0
2.2163219,2.9729614,1.9123225,0.70490146,0.68018281,0.20116019,0
-1.1416012,-1.8071544,2.0312402,-0.054641128,-0.23068643,0.97149277,0
1.9491968,2.416358,3.2636766,-0.054641128,-0.23068643,0.97149277,0
0.69933653,-1.0073677,2.4017529,-0.054641128,-0.23068643,0.97149277,0
3.4129922,1.9248772,2.2343004,0.70490146,0.68018281,0.20116019,0
0.59532547,1.6379068,-1.9578547,0.054641128,0.23068643,-0.97149277,0
2.4005773,1.1218026,0.68158555,0.70719761,-0.69579828,-0.12544516,0
-2.6877201,-3.1935577,0.073514462,-0.70490146,-0.68018281,-0.20116019,0
-1.0282631,0.093655467,0.77731168,-0.70719761,0.69579828,0.12544516,0
1.5943029,2.2090175,-2.1469576,0.054641128,0.23068643,-0.97149277,0
-2.3594007,-0.20388484,-2.68613,-0.70719761,0.69579828,0.12544516,0
2.6013479,3.2074022,0.38139057,0.70490146,0.68018281,0.20116019,0
0.26038337,-0.049375795,-2.3947906,0.054641128,0.23068643,-0.97149277,0
-0.26228005,-1.3205954,-0.79878736,0.70719761,-0.69579828,-0.12544516,0
-2.8398626,-1.0124525,-2.9945049,0.054641128,0.23068643,-0.97149277,0
2.0575051,3.4924002,-1.8094487,0.054641128,0.23068643,-0.97149277,0
-1.3608055,-0.72011286,-2.9695048,0.054641128,0.23068643,-0.97149277,0
-3.0222216,-2.9216223,1.5266283,-0.70490146,-0.68018281,-0.20116019,0
-1.559448,0.37702572,-1.5947714,-0.70719761,0.69579828,0.12544516,0
-2.6365821,-1.5315591,0.1075995,-0.70719761,0.69579828,0.12544516,0
1.8004982,2.5362754,3.4004228,-0.054641128,-0.23068643,0.97149277,0
2.1494598,3.5779057,-0.069963455,-0.70719761,0.69579828,0.12544516,0
0.25367868,-0.90276563,-1.2499726,0.70719761,-0.69579828,-0.12544516,0
-3.0203683,-2.6470799,-0.46290064,-0.70490146,-0.68018281,-0.20116019,0
-3.5255163,-2.7131295,1.7710776,-0.054641128,-0.23068643,0.97149277,0
1.7480497,2.8720219,1.9404733,-0.70719761,0.69579828,0.12544516,0
-1.443975,-1.9376605,-3.2877958,0.054641128,0.23068643,-0.97149277,0
1.7272477,0.73282295,3.0281909,-0.054641128,-0.23068643,0.97149277,0
2.3373518,3.8613868,-1.3994372,0.054641128,0.23068643,-0.97149277,0
2.5399699,2.943136,1.214304,0.70490146,0.68018281,0.20116019,0
-2.554363,-3.3055911,0.878088,-0.70490146,-0.68018281,-0.20116019,0
-2.1626396,-3.4368334,-0.5279398,0.70719761,-0.69579828,-0.12544516,0
1.2787231,-0.078218877,-1.4480772,0.70719761,-0.69579828,-0.12544516,0
1.9145482,1.9008936,-1.8370795,0.054641128,0.23068643,-0.97149277,0
0.19376278,0.69745439,-2.3513002,0.054641128,0.23068643,-0.97149277,0
1.029898,0.19277146,-2.4666548,0.054641128,0.23068643,-0.97149277,0
-3.1587522,-2.3890748,-1.0143206,-0.70490146,-0.68018281,-0.20116019,0
-0.14133975,1.0422332,-0.068261743,-0.70719761,0.69579828,0.12544516,0
-1.639016,-3.1720002,1.7343458,0.70719761,-0.69579828,-0.12544516,0
2.33306,2.9198241,2.0182753,0.70490146,0.68018281,0.20116019,0
0.22166824,1.3079051,0.66037226,-0.70719761,0.69579828,0.12544516,0
-0.065354824,0.33022755,-2.6862352,0.054641128,0.23068643,-0.97149277,0
1.704643,0.34664613,-0.78641504,0.70719761,-0.69579828,-0.12544516,0
1.5888093,1.2086216,-2.0660324,0.054641128,0.23068643,-0.97149277,0
-0.36910975,-1.4729602,2.0068355,-0.054641128,-0.23068643,0.97149277,0
-0.022967815,-0.99701339,-2.899008,0.054641128,0.23068643,-0.97149277,0
-3.392962,-2.3578243,0.20518374,-0.70490146,-0.68018281,-0.20116019,0
2.9204936,1.9614096,-1.9041721,0.054641128,0.23068643,-0.97149277,0
2.754133,2.1781249,2.2280395,0.70490146,0.68018281,0.20116019,0
-0.74896765,-0.30951479,2.6476538,-0.054641128,-0.23068643,0.97149277,0
0.75635171,2.329535,-0.073380709,-0.70719761,0.69579828,0.12544516,0
2.2514284,2.5760925,3.2000492,0.70490146,0.68018281,0.20116019,0
2.755444,2.5372944,1.9556532,0.70490146,0.68018281,0.20116019,0
0.06613221,-1.3585141,0.12377214,0.70719761,-0.69579828,-0.12544516,0
2.6775508,3.4444454,-1.0339241,0.70490146,0.68018281,0.20116019,0
-3.6302383,-2.3199899,0.98403692,-0.70490146,-0.68018281,-0.20116019,0
-3.0862641,-2.3548522,-1.3015177,-0.70490146,-0.68018281,-0.20116019,0
-2.68432,-2.4471281,1.8588138,-0.054641128,-0.23068643,0.97149277,0
2.1978951,3.1436841,1.6559916,0.70490146,0.68018281,0.20116019,0
1.6669976,0.20731461,1.6809787,0.70719761,-0.69579828,-0.12544516,0
1.2638667,-0.47739911,1.8575934,0.70719761,-0.69579828,-0.12544516,0
2.3558009,1.4146714,2.9155715,-0.054641128,-0.23068643,0.97149277,0
-0.13148153,-1.8624305,1.0135036,0.70719761,-0.69579828,-0.12544516,0
0.49755359,0.76415533,-2.5277531,0.054641128,0.23068643,-0.97149277,0
-0.78552026,0.21016061,1.1650271,-0.70719761,0.69579828,0.12544516,0
-2.4151983,-2.3662598,-2.8689537,-0.70490146,-0.68018281,-0.20116019,0
-3.1389239,-1.521862,-0.64484215,-0.70719761,0.69579828,0.12544516,0
2.688827,3.4213779,-0.24052191,0.70490146,0.68018281,0.20116019,0
0.1921134,-1.5047981,2.2498689,-0.054641128,-0.23068643,0.97149277,0
-1.869339,-0.92431027,1.6339898,-0.70719761,0.69579828,0.12544516,0
0.72561586,-0.75345969,-0.95802706,0.70719761,-0.69579828,-0.12544516,0
2.2692041,3.5570827,0.18706512,0.70490146,0.68018281,0.20116019,0
1.9448777,3.3714044,0.054659843,-0.70719761,0.69579828,0.12544516,0
-2.3067932,-2.1206193,-3.3755865,0.054641128,0.23068643,-0.97149277,0
-2.9849453,-1.0570332,-1.5286427,-0.70719761,0.69579828,0.12544516,0
2.7573152,3.4754391,-0.96790099,0.70490146,0.68018281,0.20116019,0
-2.1064849,-0.9221465,-3.0209267,0.054641128,0.23068643,-0.97149277,0
2.175885,3.9345849,-1.3883154,0.054641128,0.23068643,-0.97149277,0
-3.2071669,-1.9070526,-1.3655715,-0.70490146,-0.68018281,-0.20116019,0
-2.1987634,-2.8985763,-3.1230378,-0.70490146,-0.68018281,-0.20116019,0
-2.1378241,-0.70993924,-0.88690984,-0.70719761,0.69579828,0.12544516,0
-0.86638403,-0.043960214,-2.7975442,0.054641128,0.23068643,-0.97149277,0
-1.8043859,-1.7655745,2.1643262,-0.054641128,-0.23068643,0.97149277,0
3.447598,2.6333044,-0.76197958,0.70490146,0.68018281,0.20116019,0
-2.8865943,-1.8414948,-2.9829221,-0.70490146,-0.68018281,-0.20116019,0
-2.0223029,-0.70985174,-2.8398032,0.054641128,0.23068643,-0.97149277,0
-2.2617905,-3.5797231,0.75439453,-0.70490146,-0.68018281,-0.20116019,0
-0.78608656,0.45440239,0.94097936,-0.70719761,0.69579828,0.12544516,0
3.0692625,2.0707564,1.5046523,0.70490146,0.68018281,0.20116019,0
-1.6114106,-0.50421536,-2.7193925,0.054641128,0.23068643,-0.97149277,0
-2.5616009,-2.9925389,-1.6519737,-0.70490146,-0.68018281,-0.20116019,0
2.938808,2.3751347,-2.0067573,0.054641128,0.23068643,-0.97149277,0
0.64749104,-0.72718394,0.21605203,0.70719761,-0.69579828,-0.12544516,0
2.4009147,2.9075902,1.5970907,0.70490146,0.68018281,0.20116019,0
-0.55411816,-2.2335539,1.1412137,0.70719761,-0.69579828,-0.12544516,0
2.5009851,2.4808221,2.7761843,0.70490146,0.68018281,0.20116019,0
-3.1464002,-2.6362226,-0.22105932,-0.70490146,-0.68018281,-0.20116019,0
2.322444,3.0400233,1.660542,0.70490146,0.68018281,0.20116019,0
-2.2874432,-0.50417948,-1.0584254,-0.70719761,0.69579828,0.12544516,0
3.1156416,1.5943825,0.6093061,0.70719761,-0.69579828,-0.12544516,0
-2.4997277,-3.370657,0.85626745,-0.70490146,-0.68018281,-0.20116019,0
-2.7328911,-2.4694552,-2.7213519,-0.70490146,-0.68018281,-0.20116019,0
2.1281512,1.3053896,-1.7902668,0.70719761,-0.69579828,-0.12544516,0
-2.57182,-1.1199243,-2.928854,0.054641128,0.23068643,-0.97149277,0
-2.7321758,-2.6143339,-0.68241262,-0.70490146,-0.68018281,-0.20116019,0
0.56037986,2.0943105,0.70688581,-0.70719761,0.69579828,0.12544516,0
-0.36388972,-2.0907702,0.65812194,0.70719761,-0.69579828,-0.12544516,0
-1.7577477,-2.2551429,-3.2443419,0.054641128,0.23068643,-0.97149277,0
2.2440929,3.5660045,-0.47663021,0.70490146,0.68018281,0.20116019,0
2.4680328,2.9346297,1.6067238,0.70490146,0.68018281,0.20116019,0
-2.6117852,-0.90251446,-0.84404469,-0.70719761,0.69579828,0.12544516,0
0.6751368,1.614953,2.7819159,-0.70719761,0.69579828,0.12544516,0
-2.0232062,-2.8274529,-2.3998497,-0.70490146,-0.68018281,-0.20116019,0
-2.380095,-0.97724521,-2.8609526,0.054641128,0.23068643,-0.97149277,0
-3.1722765,-2.1453886,-2.4787655,-0.70490146,-0.68018281,-0.20116019,0
-0.17033434,-1.3596656,2.2782931,-0.054641128,-0.23068643,0.97149277,0
-2.7976108,-1.5820324,1.8305513,-0.70719761,0.69579828,0.12544516,0
0.9688381,2.205528,0.97283673,-0.70719761,0.69579828,0.12544516,0
-2.0532331,-1.9029496,-3.0995138,0.054641128,0.23068643,-0.97149277,0
-2.076422,-0.24213696,-2.8281155,0.054641128,0.23068643,-0.97149277,0
-1.4197702,-2.8887122,1.9146118,-0.054641128,-0.23068643,0.97149277,0
-0.072536469,1.6387445,-0.62964499,-0.70719761,0.69579828,0.12544516,0
1.8873951,3.5700228,-0.36969566,-0.70719761,0.69579828,0.12544516,0
1.4898441,1.2472613,-2.3728342,0.054641128,0.23068643,-0.97149277,0
0.24200463,-0.26329976,2.458194,-0.054641128,-0.23068643,0.97149277,0
-0.29474545,-1.0888478,-2.5921941,0.70719761,-0.69579828,-0.12544516,0
-0.48035753,-1.880821,1.1518412,0.70719761,-0.69579828,-0.12544516,0
-0.17709398,-1.821588,0.54840708,0.70719761,-0.69579828,-0.12544516,0
-0.63416982,-0.83488667,-2.9514861,0.054641128,0.23068643,-0.97149277,0
2.6102626,2.8514748,0.66149807,0.70490146,0.68018281,0.20116019,0
3.042397,2.8326354,-1.05107,0.70490146,0.68018281,0.20116019,0
2.3272841,2.147402,3.139149,-0.054641128,-0.23068643,0.97149277,0
0.017920703,1.4226878,0.4273448,-0.70719761,0.69579828,0.12544516,0
-0.77767682,-1.6731645,-3.1196029,0.054641128,0.23068643,-0.97149277,0
-3.0688653,-1.2680155,-2.8790834,0.054641128,0.23068643,-0.97149277,0
-3.704402,-2.5298188,1.6240551,-0.70490146,-0.68018281,-0.20116019,0
-2.695504,-2.1018355,1.9728445,-0.054641128,-0.23068643,0.97149277,0
2.487426,2.4186223,3.1310568,-0.054641128,-0.23068643,0.97149277,0
2.7204161,3.1781051,0.27914286,0.70490146,0.68018281,0.20116019,0
2.2231724,0.53292727,2.9651022,-0.054641128,-0.23068643,0.97149277,0
-2.6988373,-0.81108105,-2.3444822,-0.70719761,0.69579828,0.12544516,0
2.6906292,1.8500394,3.0637701,-0.054641128,-0.23068643,0.97149277,0
1.9828949,1.2838399,3.0981674,-0.054641128,-0.23068643,0.97149277,0
1.8786337,0.50906026,0.92510474,0.70719761,-0.69579828,-0.12544516,0
-1.0886353,-1.0551913,2.3205342,-0.054641128,-0.23068643,0.97149277,0
-2.8263469,-2.5978289,-2.1512637,-0.70490146,-0.68018281,-0.20116019,0
-2.6703196,-3.6049447,1.1486161,-0.70490146,-0.68018281,-0.20116019,0
0.29566908,2.196152,-2.1881959,0.054641128,0.23068643,-0.97149277,0
-2.9736567,-1.8404994,-2.8961082,-0.70490146,-0.68018281,-0.20116019,0
3.0357912,2.125077,2.7361271,0.70490146,0.68018281,0.20116019,0
-3.1406145,-1.6168313,-1.3520191,-0.70719761,0.69579828,0.12544516,0
0.99772847,2.3743021,0.22348309,-0.70719761,0.69579828,0.12544516,0
-3.2383766,-2.8833146,1.8762341,-0.054641128,-0.23068643,0.97149277,0
-3.1215849,-1.9760258,-1.5252571,-0.70490146,-0.68018281,-0.20116019,0
1.811856,-0.11118078,2.8393354,-0.054641128,-0.23068643,0.97149277,0
0.77310967,0.94076455,-2.1682997,0.054641128,0.23068643,-0.97149277,0
-2.0153308,-0.62251186,0.56653517,-0.70719761,0.69579828,0.12544516,0
-1.4045902,-0.53499621,2.3893399,-0.054641128,-0.23068643,0.97149277,0
-0.8872056,0.1686008,2.405669,-0.054641128,-0.23068643,0.97149277,0
-2.4757092,-2.7940812,1.8624713,-0.054641128,-0.23068643,0.97149277,0
2.9924316,2.8306661,-0.23680854,0.70490146,0.68018281,0.20116019,0
-2.2599316,-3.5976129,0.76580739,-0.70490146,-0.68018281,-0.20116019,0
-3.1787934,-2.9631643,1.2612305,-0.70490146,-0.68018281,-0.20116019,0
-2.9463863,-3.036736,0.37871289,-0.70490146,-0.68018281,-0.20116019,0
-3.487565,-2.6636729,1.0309229,-0.70490146,-0.68018281,-0.20116019,0
1.0241345,1.2970047,-2.2717853,0.054641128,0.23068643,-0.97149277,0
0.76951921,0.98496425,-2.1152937,0.054641128,0.23068643,-0.97149277,0
0.97145247,2.1830287,1.0997727,-0.70719761,0.69579828,0.12544516,0
3.2190406,3.2150085,-1.6952045,0.054641128,0.23068643,-0.97149277,0
2.4937587,2.7468321,1.39902,0.70490146,0.68018281,0.20116019,0
2.4137604,1.8549447,-1.9953425,0.054641128,0.23068643,-0.97149277,0
-2.5071249,-2.7747536,-1.5796189,-0.70490146,-0.68018281,-0.20116019,0
-2.5930116,-1.6194899,1.9948052,-0.70719761,0.69579828,0.12544516,0
-2.4201903,-3.296685,1.7857773,-0.054641128,-0.23068643,0.97149277,0
0.34778762,2.0808694,-0.53477979,-0.70719761,0.69579828,0.12544516,0
-2.374378,-1.2535088,0.63023221,-0.70719761,0.69579828,0.12544516,0
3.4927597,1.9553953,0.60028744,0.70490146,0.68018281,0.20116019,0
-0.54961061,-1.2087104,-2.9186244,0.054641128,0.23068643,-0.97149277,0
1.9665757,3.2196784,0.47435641,-0.70719761,0.69579828,0.12544516,0
1.5008209,2.2994995,3.100656,-0.70719761,0.69579828,0.12544516,0
-0.76440883,0.95185411,-2.5368743,0.054641128,0.23068643,-0.97149277,0
3.28332,1.8753437,1.9178696,0.70490146,0.68018281,0.20116019,0
-0.055701017,0.61950713,-2.4647667,0.054641128,0.23068643,-0.97149277,0
-2.6590025,-2.1038842,-2.7352254,-0.70490146,-0.68018281,-0.20116019,0
0.96371204,2.2844226,0.35215735,-0.70719761,0.69579828,0.12544516,0
-2.2318604,-3.0801022,1.7922063,-0.054641128,-0.23068643,0.97149277,0
-2.2422247,-2.966362,-1.7586637,-0.70490146,-0.68018281,-0.20116019,0
-1.2350458,-1.9539852,2.0048745,-0.054641128,-0.23068643,0.97149277,0
-0.56073356,0.11976174,2.4214525,-0.054641128,-0.23068643,0.97149277,0
3.1317658,2.4701753,0.72083688,0.70490146,0.68018281,0.20116019,0
1.5829611,3.411664,-0.73851585,-0.70719761,0.69579828,0.12544516,0
2.0458117,0.92599678,-0.88350683,0.70719761,-0.69579828,-0.12544516,0
-2.2185516,-3.2421145,-0.18614388,-0.70490146,-0.68018281,-0.20116019,0
2.3407998,3.144613,1.3594046,0.70490146,0.68018281,0.20116019,0
-2.4719672,-3.6057003,0.17726803,-0.70490146,-0.68018281,-0.20116019,0
2.9960837,2.3880522,0.76660872,0.70490146,0.68018281,0.20116019,0
-1.1452231,-0.020567715,2.3281977,-0.054641128,-0.23068643,0.97149277,0
2.5809901,1.8714724,-2.1022143,0.054641128,0.23068643,-0.97149277,0
0.37946039,-1.312155,0.5163101,0.70719761,-0.69579828,-0.12544516,0
-3.5381563,-2.031297,-0.7179184,-0.70490146,-0.68018281,-0.20116019,0
1.9518449,2.875433,3.1370862,0.70490146,0.68018281,0.20116019,0
0.15590811,-1.1474793,-1.1428849,0.70719761,-0.69579828,-0.12544516,0
3.3747849,2.5623438,0.17238092,0.70490146,0.68018281,0.20116019,0
0.28855777,1.5858988,-2.2979627,0.054641128,0.23068643,-0.97149277,0
-0.57872474,-2.0145292,-1.0359466,0.70719761,-0.69579828,-0.12544516,0
-1.1192572,-1.9363121,-3.022897,0.054641128,0.23068643,-0.97149277,0
-1.1806898,0.11404663,1.0429029,-0.70719761,0.69579828,0.12544516,0
-2.3401163,-3.411927,0.23341894,-0.70490146,-0.68018281,-0.20116019,0
-0.36525965,-1.0849636,2.2112024,-0.054641128,-0.23068643,0.97149277,0
-0.041626692,0.803325,2.6232829,-0.70719761,0.69579828,0.12544516,0
2.8391619,1.8694712,-1.60027,0.70719761,-0.69579828,-0.12544516,0
2.2570426,2.8460464,2.3325999,0.70490146,0.68018281,0.20116019,0
-2.4464612,-1.4767516,1.9607058,-0.054641128,-0.23068643,0.97149277,0
-1.6212852,-1.1056004,-2.9947534,0.054641128,0.23068643,-0.97149277,0
1.0112346,2.2153082,-2.133455,0.054641128,0.23068643,-0.97149277,0
-1.5732954,-3.1521804,0.63354254,0.70719761,-0.69579828,-0.12544516,0
0.92683315,0.10032761,2.8102276,-0.054641128,-0.23068643,0.97149277,0
2.6576626,1.2229413,1.4912651,0.70719761,-0.69579828,-0.12544516,0
-2.0875993,-3.6819263,0.50012589,-0.70490146,-0.68018281,-0.20116019,0
-3.0569327,-2.4710407,-0.12170577,-0.70490146,-0.68018281,-0.20116019,0
2.4535782,2.5096204,2.0152473,0.70490146,0.68018281,0.20116019,0
-0.66874743,-0.71661973,2.4296463,-0.054641128,-0.23068643,0.97149277,0
2.3530552,2.7097423,2.8542826,0.70490146,0.68018281,0.20116019,0
-0.88001144,0.18584478,1.6825759,-0.70719761,0.69579828,0.12544516,0
-2.0260766,-1.6476612,2.1135173,-0.054641128,-0.23068643,0.97149277,0
2.3525898,2.6682916,2.5432467,0.70490146,0.68018281,0.20116019,0
-1.596447,-2.0989819,-3.1064019,0.054641128,0.23068643,-0.97149277,0
0.28555632,0.46769533,-2.436806,0.054641128,0.23068643,-0.97149277,0
1.3005087,2.014627,2.680413,-0.70719761,0.69579828,0.12544516,0
3.6510794,2.6628304,-1.718478,0.054641128,0.23068643,-0.97149277,0
1.8398019,0.58186197,-1.9670999,0.70719761,-0.69579828,-0.12544516,0
1.0174057,2.8069561,-0.43033099,-0.70719761,0.69579828,0.12544516,0
2.0557747,1.8895133,2.9976463,-0.054641128,-0.23068643,0.97149277,0
-2.7967887,-2.4764528,-1.3803658,-0.70490146,-0.68018281,-0.20116019,0
0.10826609,1.8337405,-0.21796417,-0.70719761,0.69579828,0.12544516,0
-1.1234187,-1.1647542,2.3233223,-0.054641128,-0.23068643,0.97149277,0
0.93785024,2.1692188,2.544976,-0.70719761,0.69579828,0.12544516,0
2.8635042,2.6683123,1.1185136,0.70490146,0.68018281,0.20116019,0
-3.3465815,-2.389533,1.6386395,-0.054641128,-0.23068643,0.97149277,0
-0.34772754,1.3105701,-1.2345638,-0.70719761,0.69579828,0.12544516,0
-2.230773,-3.6230872,-0.7894249,-0.70490146,-0.68018281,-0.20116019,0
2.9372454,1.5275475,1.6799896,0.70719761,-0.69579828,-0.12544516,0
-0.22264498,-1.8556485,1.1643715,0.70719761,-0.69579828,-0.12544516,0
3.3589091,1.2017388,2.8341072,0.70719761,-0.69579828,-0.12544516,0
-2.5727315,-1.5038271,-2.8696976,0.054641128,0.23068643,-0.97149277,0
-2.9046345,-1.5205485,1.3331738,-0.70719761,0.69579828,0.12544516,0
-1.806252,-1.2260963,-2.9967599,0.054641128,0.23068643,-0.97149277,0
-3.6322451,-2.5878429,1.6088126,-0.70490146,-0.68018281,-0.20116019,0
-2.7389913,-3.1842711,0.52790618,-0.70490146,-0.68018281,-0.20116019,0
-2.541486,-3.02209,-0.82106495,-0.70490146,-0.68018281,-0.20116019,0
-2.7744946,-3.5694385,1.3876727,-0.70490146,-0.68018281,-0.20116019,0
0.30477381,1.1250429,3.0357852,-0.054641128,-0.23068643,0.97149277,0
-0.89879155,0.27754122,0.71523058,-0.70719761,0.69579828,0.12544516,0
2.5649447,1.6602255,-2.2123032,0.054641128,0.23068643,-0.97149277,0
-1.4572762,0.37755024,-1.5278307,-0.70719761,0.69579828,0.12544516,0
1.1438217,1.6363311,3.103883,-0.054641128,-0.23068643,0.97149277,0
-2.0358381,-0.79498452,2.221808,-0.70719761,0.69579828,0.12544516,0
0.059870005,-1.9588593,2.1673653,-0.054641128,-0.23068643,0.97149277,0
0.51600194,0.68507117,2.7473137,-0.054641128,-0.23068643,0.97149277,0
0.80168849,-0.62279809,-0.86006558,0.70719761,-0.69579828,-0.12544516,0
-2.0462992,-2.2885692,1.8436641,-0.054641128,-0.23068643,0.97149277,0
-0.26530886,-0.47748739,-2.5235038,0.054641128,0.23068643,-0.97149277,0
-1.6559536,0.26090431,-2.7974901,0.054641128,0.23068643,-0.97149277,0
-2.1382589,-2.8794379,-1.9994051,-0.70490146,-0.68018281,-0.20116019,0
-1.1412807,-1.8097936,-3.1751564,0.054641128,0.23068643,-0.97149277,0
2.1398602,3.6832795,-0.53672647,0.70490146,0.68018281,0.20116019,0
-2.6171362,-2.5294352,-2.56528,-0.70490146,-0.68018281,-0.20116019,0
-1.6866353,-1.2640903,2.0005095,-0.054641128,-0.23068643,0.97149277,0
-2.5829554,-0.89241195,-0.47403789,-0.70719761,0.69579828,0.12544516,0
2.3934376,3.1983359,-1.656749,0.054641128,0.23068643,-0.97149277,0
2.2111816,1.8189081,-1.834693,0.054641128,0.23068643,-0.97149277,0
2.9628725,3.1776607,-1.123018,0.70490146,0.68018281,0.20116019,0
-1.1350431,-2.1212926,1.901531,-0.054641128,-0.23068643,0.97149277,0
0.74935627,-1.0043216,1.5090412,0.70719761,-0.69579828,-0.12544516,0
2.1982765,3.1433322,2.1876707,0.70490146,0.68018281,0.20116019,0
-1.5526845,-1.7674552,-3.0521955,0.054641128,0.23068643,-0.97149277,0
3.3805635,2.4269958,0.43295145,0.70490146,0.68018281,0.20116019,0
-1.7143078,-3.2909873,1.5814936,-0.054641128,-0.23068643,0.97149277,0
-1.6622119,-0.07301724,-0.11943555,-0.70719761,0.69579828,0.12544516,0
-2.7557607,-3.2203112,1.375742,-0.70490146,-0.68018281,-0.20116019,0
3.2067451,1.8071903,2.3235178,0.70490146,0.68018281,0.20116019,0
2.360836,2.34782,-1.8579478,0.054641128,0.23068643,-0.97149277,0
-2.3517432,-3.4261577,-0.27656794,-0.70490146,-0.68018281,-0.20116019,0
2.3273277,3.8321164,-0.95130253,0.70490146,0.68018281,0.20116019,0
1.4271406,0.64497691,-2.3217766,0.054641128,0.23068643,-0.97149277,0
1.0846725,-0.18171543,-1.0775199,0.70719761,-0.69579828,-0.12544516,0
-2.7296679,-3.4366686,0.37061739,-0.70490146,-0.68018281,-0.20116019,0
2.645555,2.6391673,1.729521,0.70490146,0.68018281,0.20116019,0
1.6201975,0.85190469,-2.463522,0.054641128,0.23068643,-0.97149277,0
-3.0555067,-2.0696273,-1.2184556,-0.70490146,-0.68018281,-0.20116019,0
-2.5133958,-2.7210102,-1.4906507,-0.70490146,-0.68018281,-0.20116019,0
2.828768,2.2695096,2.7551124,0.70490146,0.68018281,0.20116019,0
-0.24728775,-0.24236518,-2.5888894,0.054641128,0.23068643,-0.97149277,0
2.5521138,2.8333251,0.36883664,0.70490146,0.68018281,0.20116019,0
-0.15054607,-1.595248,2.0114956,-0.054641128,-0.23068643,0.97149277,0
2.100167,0.4523946,-0.0414536,0.70719761,-0.69579828,-0.12544516,0
-0.91388834,0.40989393,0.88559496,-0.70719761,0.69579828,0.12544516,0
1.1083195,-0.54101145,0.36489525,0.70719761,-0.69579828,-0.12544516,0
-2.6110463,-1.2199316,-1.0201788,-0.70719761,0.69579828,0.12544516,0
1.1461245,1.8068211,-2.2343891,0.054641128,0.23068643,-0.97149277,0
-2.8461823,-2.8348513,0.031445503,-0.70490146,-0.68018281,-0.20116019,0
-2.3408351,-2.2635195,-3.1272311,-0.70490146,-0.68018281,-0.20116019,0
2.8829904,2.6090291,1.4474192,0.70490146,0.68018281,0.20116019,0
-2.1712394,-3.2886019,-1.5766454,-0.70490146,-0.68018281,-0.20116019,0
2.4708896,1.0054326,1.6327906,0.70719761,-0.69579828,-0.12544516,0
3.1989644,2.2952797,0.29139924,0.70490146,0.68018281,0.20116019,0
-2.3998337,-2.8330419,-1.4772747,-0.70490146,-0.68018281,-0.20116019,0
0.21026754,-1.0636761,-1.7518905,0.70719761,-0.69579828,-0.12544516,0
1.4711173,2.5794997,3.2051697,-0.054641128,-0.23068643,0.97149277,0
1.5878325,0.82962233,2.8514152,-0.054641128,-0.23068643,0.97149277,0
-3.1423619,-1.0985804,-3.1642089,0.054641128,0.23068643,-0.97149277,0
-2.1276867,-3.3691597,-0.50499296,-0.70490146,-0.68018281,-0.20116019,0
2.0100965,3.0138352,1.0612364,-0.70719761,0.69579828,0.12544516,0
-2.4585092,-0.69835138,-1.6992843,-0.70719761,0.69579828,0.12544516,0
0.28252578,0.066686228,-2.344651,0.054641128,0.23068643,-0.97149277,0
-3.0058625,-2.7212944,1.8358228,-0.054641128,-0.23068643,0.97149277,0
-2.9028602,-2.288238,-2.7573469,-0.70490146,-0.68018281,-0.20116019,0
0.41641951,1.9958985,-2.2462535,0.054641128,0.23068643,-0.97149277,0
2.0279348,3.1224113,2.2509012,0.70490146,0.68018281,0.20116019,0
0.88090265,2.35567,-1.2334234,-0.70719761,0.69579828,0.12544516,0
-2.7218442,-1.4991368,0.90063536,-0.70719761,0.69579828,0.12544516,0
-1.7757335,-3.5665641,0.66098881,0.70719761,-0.69579828,-0.12544516,0
1.2788463,-0.0077819228,-1.226295,0.70719761,-0.69579828,-0.12544516,0
2.424638,2.9721899,-1.9366045,0.054641128,0.23068643,-0.97149277,0
-2.0865068,-3.3999083,0.096162319,0.70719761,-0.69579828,-0.12544516,0
2.0686834,2.7347684,3.3549595,0.70490146,0.68018281,0.20116019,0
-2.0559947,-0.19694459,-0.96367109,-0.70719761,0.69579828,0.12544516,0
-3.1865997,-2.9666865,0.35792375,-0.70490146,-0.68018281,-0.20116019,0
-2.8244765,-2.2105012,-1.9712441,-0.70490146,-0.68018281,-0.20116019,0
-0.77097052,0.15945882,1.335673,-0.70719761,0.69579828,0.12544516,0
-2.1442471,-0.84845459,1.0613844,-0.70719761,0.69579828,0.12544516,0
2.3106201,0.81615716,-0.16358626,0.70719761,-0.69579828,-0.12544516,0
-0.2908473,1.3366382,-2.4193726,0.054641128,0.23068643,-0.97149277,0
2.1625736,3.5840478,-0.28411818,0.70490146,0.68018281,0.20116019,0
-2.27742,-3.3219652,-1.4349675,-0.70490146,-0.68018281,-0.20116019,0
-3.3358333,-2.6169171,0.75452685,-0.70490146,-0.68018281,-0.20116019,0
1.8595259,3.0411854,2.6405334,0.70490146,0.68018281,0.20116019,0
-3.0244768,-1.3750734,-1.5401883,-0.70719761,0.69579828,0.12544516,0
3.1365561,2.2890573,1.5337207,0.70490146,0.68018281,0.20116019,0
3.6366081,2.7011006,-1.7164094,0.70490146,0.68018281,0.20116019,0
-0.97191221,0.27477968,-0.25743794,-0.70719761,0.69579828,0.12544516,0
-0.15510619,-1.5277848,-1.8797791,0.70719761,-0.69579828,-0.12544516,0
2.8529954,2.8559365,1.2083292,0.70490146,0.68018281,0.20116019,0
0.77254617,1.1192927,-2.3027129,0.054641128,0.23068643,-0.97149277,0
-2.9436698,-1.3328205,-1.3390932,-0.70719761,0.69579828,0.12544516,0
2.4939127,2.9611657,1.7478042,0.70490146,0.68018281,0.20116019,0
3.4906611,1.8429967,0.48530269,0.70490146,0.68018281,0.20116019,0
2.7687206,3.1812088,-0.88677406,0.70490146,0.68018281,0.20116019,0
2.0122881,1.0180104,2.9049323,-0.054641128,-0.23068643,0.97149277,0
-0.20887923,-0.12500092,2.5836668,-0.054641128,-0.23068643,0.97149277,0
0.66270721,1.9234558,-2.0647974,0.054641128,0.23068643,-0.97149277,0
3.3999782,1.271773,2.7721288,0.70719761,-0.69579828,-0.12544516,0
-1.7501215,-0.33044243,-1.0156283,-0.70719761,0.69579828,0.12544516,0
0.8593322,2.6357069,-1.9278573,-0.70719761,0.69579828,0.12544516,0
-2.1344073,-0.26450443,-2.6002645,0.054641128,0.23068643,-0.97149277,0
-1.6121972,-2.6224236,-0.97960591,0.70719761,-0.69579828,-0.12544516,0
-1.4460804,-2.1899467,1.7715943,-0.054641128,-0.23068643,0.97149277,0
0.70301998,2.2183909,-1.7640262,-0.70719761,0.69579828,0.12544516,0
-3.4494157,-2.0819831,-1.0235295,-0.70490146,-0.68018281,-0.20116019,0
-1.6940272,-0.48277542,2.29498,-0.70719761,0.69579828,0.12544516,0
-1.3323236,-0.26436061,1.1584042,-0.70719761,0.69579828,0.12544516,0
1.3498037,0.14733279,2.5922294,-0.054641128,-0.23068643,0.97149277,0
-0.37609839,0.27402663,-2.6224308,0.054641128,0.23068643,-0.97149277,0
1.8664083,3.4125624,-1.8362691,0.054641128,0.23068643,-0.97149277,0
2.7855208,2.3359971,2.0406442,0.70490146,0.68018281,0.20116019,0
-1.4153523,-2.9380174,0.33731222,0.70719761,-0.69579828,-0.12544516,0
1.1340996,1.8237355,-2.1989131,0.054641128,0.23068643,-0.97149277,0
-0.38867605,-0.97297782,2.115942,-0.054641128,-0.23068643,0.97149277,0
-2.6119032,-3.1804121,0.77146077,-0.70490146,-0.68018281,-0.20116019,0
0.1506947,1.4600419,-0.51379353,-0.70719761,0.69579828,0.12544516,0
-0.9175536,0.48033017,1.6103756,-0.70719761,0.69579828,0.12544516,0
-0.74236882,0.81568646,-0.2104032,-0.70719761,0.69579828,0.12544516,0
1.7516894,1.2899719,-2.1701446,0.054641128,0.23068643,-0.97149277,0
-0.93345815,-2.6683714,0.40403843,0.70719761,-0.69579828,-0.12544516,0
0.22137594,-1.4116309,2.317739,-0.054641128,-0.23068643,0.97149277,0
0.18199232,-1.1910429,-0.59336686,0.70719761,-0.69579828,-0.12544516,0
-3.4948788,-2.5112391,0.84782887,-0.70490146,-0.68018281,-0.20116019,0
0.70520401,1.5260662,2.9279404,-0.054641128,-0.23068643,0.97149277,0
-3.0168586,-2.178206,-1.2287717,-0.70490146,-0.68018281,-0.20116019,0
2.2428093,1.7884629,3.1515112,-0.054641128,-0.23068643,0.97149277,0
1.3027709,2.5151613,1.3796625,-0.70719761,0.69579828,0.12544516,0
-2.4384174,-3.159533,-1.5676851,-0.70490146,-0.68018281,-0.20116019,0
-2.088542,-3.1714916,-1.3422174,0.70719761,-0.69579828,-0.12544516,0
2.5512354,1.0562143,0.60855746,0.70719761,-0.69579828,-0.12544516,0
2.4527297,3.0019302,-1.728564,0.054641128,0.23068643,-0.97149277,0
2.0213819,2.1034813,-1.826515,0.054641128,0.23068643,-0.97149277,0
2.464489,2.636126,2.0832412,0.70490146,0.68018281,0.20116019,0
-3.2956672,-2.5928526,0.42756772,-0.70490146,-0.68018281,-0.20116019,0
-2.1623468,-3.6428926,0.093682289,-0.70490146,-0.68018281,-0.20116019,0
-2.6520765,-1.8340834,2.1637554,-0.054641128,-0.23068643,0.97149277,0
1.2227373,0.22756386,2.8732939,-0.054641128,-0.23068643,0.97149277,0
-1.48506,0.10698044,-0.76559889,-0.70719761,0.69579828,0.12544516,0
1.3116946,-0.58745611,1.5821046,0.70719761,-0.69579828,-0.12544516,0
3.3084404,1.5810528,2.8280292,0.70490146,0.68018281,0.20116019,0
-2.5646772,-2.8157215,-0.73308754,-0.70490146,-0.68018281,-0.20116019,0
3.1934919,2.2282274,0.99776244,0.70490146,0.68018281,0.20116019,0
-3.3348424,-2.6453521,0.38492942,-0.70490146,-0.68018281,-0.20116019,0
-2.5895398,-1.8261669,1.989579,-0.70719761,0.69579828,0.12544516,0
3.3340631,2.3359351,0.93306518,0.70490146,0.68018281,0.20116019,0
0.0018306971,-1.1667976,-1.415262,0.70719761,-0.69579828,-0.12544516,0
3.1752126,2.9915528,-0.60988975,0.70490146,0.68018281,0.20116019,0
0.60857153,0.046249449,2.4714432,-0.054641128,-0.23068643,0.97149277,0
2.9847102,2.0473371,2.1394033,0.70490146,0.68018281,0.20116019,0
2.0771208,3.1258175,1.0817108,0.70490146,0.68018281,0.20116019,0
-0.92317009,-2.238904,1.9480629,-0.054641128,-0.23068643,0.97149277,0
